country,event_date,crude_oil_change,natural_gas_change,gold_price_change,essential_commodity_change,trade_disruption,shipping_disruption,conflict_intensity,india_import_dependency,india_commodity_impact
Ukraine,2015-01-17,0.19,9.14,3.83,-0.62,4.5,4.7,5.2,71.5,57.24
Egypt,2015-01-20,-5.61,-6.22,2.57,-0.2,1.7,1.1,2.8,73.1,36.64
Kazakhstan,2015-01-21,3.77,2.05,-0.51,1.3,4.1,2.8,4.7,66.9,51.94
South Africa,2015-01-21,3.67,3.06,5.57,4.93,5.6,5.6,6.2,64.8,61.84
Yemen,2015-01-27,15.83,39.23,7.93,16.0,7.0,8.1,9.4,75.5,96.5
Russia,2015-01-31,-6.25,-1.76,-3.66,1.77,1.7,1.3,2.4,78.4,40.04
Kazakhstan,2015-01-31,4.45,6.21,-0.59,3.39,2.2,4.4,3.6,68.1,53.98
Switzerland,2015-02-05,7.31,13.81,27.13,7.16,8.7,9.5,7.9,66.4,87.61
UAE,2015-02-15,3.78,4.28,1.58,1.42,3.5,2.8,2.8,74.0,52.11
Switzerland,2015-02-20,-2.87,3.2,0.7,0.97,2.6,1.4,1.3,64.9,38.52
Indonesia,2015-03-04,6.19,8.02,3.44,8.45,5.3,6.2,6.5,66.6,65.94
Nigeria,2015-03-20,-2.8,-0.23,0.22,3.39,4.0,3.3,4.5,72.4,51.17
Canada,2015-04-05,10.43,12.46,7.83,9.89,4.5,5.7,6.1,67.1,67.55
Saudi Arabia,2015-04-10,-18.36,-12.47,-4.68,-3.42,3.6,3.1,4.2,68.2,32.69
Iraq,2015-04-22,-3.01,-8.29,2.66,-3.4,2.8,1.4,2.2,75.4,40.35
Malaysia,2015-04-30,22.79,28.13,3.69,14.22,8.5,9.7,9.4,65.8,96.5
Canada,2015-05-01,-0.11,2.04,4.48,1.3,3.6,2.9,3.5,66.7,48.2
Australia,2015-05-06,-10.01,-6.07,1.86,-3.9,2.7,1.6,2.0,67.4,32.37
Ukraine,2015-05-14,3.95,11.01,6.37,21.16,5.7,4.8,6.3,70.7,72.71
South Africa,2015-05-15,6.23,14.76,18.37,25.21,7.9,8.2,8.0,67.3,88.11
Iraq,2015-06-07,15.73,5.45,3.23,9.57,5.8,7.4,5.9,75.5,78.28
Yemen,2015-06-17,-2.97,-0.81,3.21,-0.6,3.7,3.9,4.6,73.6,53.18
Saudi Arabia,2015-06-20,14.07,4.06,2.11,5.23,4.9,6.7,6.9,75.4,75.13
Kazakhstan,2015-06-27,1.26,-4.31,-0.03,-2.92,1.2,2.6,1.5,69.2,37.23
Kazakhstan,2015-06-28,13.72,12.36,2.2,7.6,5.6,5.9,6.4,69.5,73.38
Egypt,2015-06-29,9.63,6.31,3.11,14.43,6.4,7.4,5.4,71.1,76.82
Israel,2015-06-29,-0.87,10.38,1.28,2.29,3.0,2.3,2.7,72.2,51.31
Ukraine,2015-07-01,-8.93,3.74,-3.09,-3.21,1.1,2.4,2.1,69.6,34.88
Russia,2015-07-10,-1.94,-0.27,5.44,3.92,3.4,4.7,2.9,76.9,53.03
UAE,2015-07-14,3.27,4.2,1.22,2.43,3.3,2.3,2.7,74.6,52.74
UAE,2015-07-15,2.71,-3.3,-3.54,-3.06,2.7,2.4,2.3,73.6,43.82
Qatar,2015-07-15,-4.44,-5.95,1.53,1.12,2.7,1.1,1.4,71.7,37.77
Nigeria,2015-07-19,15.66,15.79,2.11,9.54,6.1,6.0,5.8,69.7,77.68
Ukraine,2015-07-24,0.01,7.39,2.22,5.38,4.7,4.0,2.8,68.6,52.92
Egypt,2015-07-26,3.38,-2.04,0.36,4.01,4.7,3.1,5.1,73.3,55.65
Canada,2015-08-02,-0.79,-0.67,3.16,3.65,3.4,4.3,5.0,65.4,50.24
Iraq,2015-08-02,-2.97,-8.7,-2.96,-2.32,2.5,2.1,2.6,75.9,38.83
Russia,2015-08-10,16.27,10.97,3.24,10.65,6.7,6.2,5.8,79.3,81.04
Australia,2015-08-16,-0.69,3.29,-3.41,-3.86,2.6,2.3,2.3,69.5,41.9
Indonesia,2015-08-19,2.12,2.7,1.91,1.57,3.4,2.3,4.5,69.4,51.6
Israel,2015-08-20,-3.19,3.57,2.8,3.38,2.3,3.0,5.1,71.5,47.46
Russia,2015-08-21,-7.22,-8.61,0.72,-1.65,1.2,1.4,1.8,77.7,34.46
Israel,2015-08-24,-0.62,-9.39,0.92,2.47,1.7,2.6,1.9,73.4,40.79
Kazakhstan,2015-08-26,16.3,30.03,6.89,13.75,8.2,8.5,8.7,66.5,92.16
Malaysia,2015-08-28,7.45,5.97,3.48,14.0,4.8,6.7,7.1,66.4,69.19
Malaysia,2015-09-01,-6.41,-6.01,-2.19,2.84,2.7,1.7,1.3,68.2,35.2
UAE,2015-09-09,-4.66,0.69,-4.3,0.3,1.3,2.5,2.5,72.5,40.15
Saudi Arabia,2015-09-12,44.16,31.25,10.16,23.24,7.9,8.8,8.6,74.7,96.5
Qatar,2015-09-14,2.05,2.79,-3.6,2.18,2.1,2.4,2.1,73.2,45.58
Australia,2015-09-17,-7.5,-3.9,-2.45,1.81,1.3,2.4,1.3,68.1,36.01
Iran,2015-09-18,8.97,13.07,7.37,3.35,4.7,7.4,5.5,72.3,70.68
Iraq,2015-09-21,14.55,10.93,3.36,2.71,5.9,7.1,6.2,76.0,75.58
Russia,2015-10-18,-7.7,-0.02,1.14,-1.03,2.9,1.8,2.8,76.5,40.15
Yemen,2015-10-24,2.41,-1.1,1.63,0.95,2.6,1.2,2.7,74.0,44.64
Saudi Arabia,2015-10-27,20.77,7.39,3.11,8.51,7.0,6.2,6.2,75.3,78.14
Iraq,2015-11-22,6.53,5.46,5.37,5.88,5.6,6.9,7.7,74.5,73.82
Russia,2015-12-09,33.91,33.23,19.32,38.97,9.0,7.4,7.6,79.0,96.5
Brazil,2015-12-11,-5.76,1.3,1.18,0.85,2.3,2.8,1.2,65.5,38.16
UAE,2015-12-18,36.22,17.62,19.41,18.79,8.0,8.0,7.9,73.6,96.5
Saudi Arabia,2015-12-24,2.2,-6.89,-1.39,-1.55,1.3,1.9,2.8,76.8,42.93
Saudi Arabia,2015-12-25,1.05,2.37,1.12,1.42,2.1,3.6,3.1,75.4,50.21
Russia,2015-12-26,2.16,3.54,3.56,6.12,4.3,4.3,4.7,79.4,60.44
Iran,2015-12-27,6.35,-0.16,0.67,0.7,2.7,3.7,5.2,73.7,53.61
Yemen,2016-01-01,-1.3,-0.08,0.89,-2.21,2.4,2.4,1.6,73.3,43.85
Qatar,2016-01-04,0.63,6.19,0.48,2.65,3.6,4.1,4.5,72.1,55.72
Kazakhstan,2016-01-05,10.21,12.84,2.06,3.59,5.6,6.4,6.0,70.2,72.38
Brazil,2016-01-08,4.77,7.96,5.0,15.42,5.6,6.0,7.1,66.9,67.8
Saudi Arabia,2016-01-09,-3.41,-8.22,-2.49,-1.34,1.4,2.9,2.2,75.6,37.71
Qatar,2016-01-14,-0.4,3.0,1.62,-0.54,1.0,2.1,2.1,74.1,41.73
Iraq,2016-01-16,0.23,1.87,-2.25,-0.72,1.6,1.0,1.5,75.6,42.51
Iraq,2016-01-20,-1.59,2.65,-4.63,1.57,2.7,1.9,2.3,75.6,43.89
Indonesia,2016-01-26,7.7,9.99,2.23,15.6,5.4,5.6,6.9,68.3,69.96
Iraq,2016-01-29,1.85,0.25,-0.81,1.43,2.0,1.4,2.0,75.6,43.31
Australia,2016-02-08,3.18,23.94,7.84,7.14,4.9,6.5,5.0,69.8,70.76
UAE,2016-02-18,-2.08,5.87,4.04,2.99,2.8,4.5,3.4,74.6,51.99
Qatar,2016-02-21,3.95,11.66,1.06,4.12,3.9,2.9,3.7,72.0,54.6
Israel,2016-03-01,7.14,7.95,1.89,-0.81,3.0,3.9,3.9,74.7,56.77
South Africa,2016-03-09,0.51,1.45,5.67,4.26,2.6,4.0,4.0,67.1,50.13
Ukraine,2016-03-16,2.98,-3.8,-2.18,-1.79,1.7,1.3,1.8,69.8,36.88
UAE,2016-03-18,0.2,-2.3,-1.36,-1.8,1.6,2.9,2.4,75.8,40.69
Russia,2016-03-18,29.48,40.47,18.49,29.2,9.2,9.1,7.7,78.1,96.5
Russia,2016-03-20,6.35,8.64,7.98,15.65,4.9,5.4,6.1,78.8,75.26
Egypt,2016-03-22,14.52,9.14,2.92,9.89,7.0,7.2,5.4,72.6,78.63
Iran,2016-03-25,-10.4,-1.45,-3.5,2.51,2.4,2.4,1.3,72.4,36.19
South Africa,2016-03-25,0.28,2.88,5.14,2.0,2.2,2.8,4.2,65.6,46.41
UAE,2016-03-31,18.86,5.2,6.37,10.03,5.1,5.8,6.8,73.3,77.07
Brazil,2016-04-06,12.13,5.48,2.7,19.4,4.9,6.8,6.0,68.2,73.35
Iraq,2016-04-10,-8.69,-3.41,-1.12,2.23,2.7,1.8,2.5,75.2,38.65
Yemen,2016-04-11,-3.19,-0.82,0.12,-0.7,4.6,2.7,2.6,73.5,46.25
South Africa,2016-04-22,5.97,4.9,9.3,8.6,6.8,5.1,7.7,65.6,67.6
Israel,2016-04-23,1.35,8.88,1.84,-0.69,4.6,4.5,3.3,73.4,55.72
Iraq,2016-04-29,-1.76,0.83,2.1,2.09,4.3,2.4,5.0,75.9,52.68
USA,2016-05-11,17.27,39.23,6.58,27.67,8.3,9.3,8.2,72.4,96.5
Nigeria,2016-05-18,9.72,4.03,1.87,3.0,5.3,3.9,6.6,70.0,62.71
Indonesia,2016-05-18,18.4,11.95,4.63,24.16,9.1,9.8,7.9,68.8,91.7
Switzerland,2016-05-20,0.89,-0.61,3.41,1.67,3.7,4.3,4.3,67.0,49.11
UAE,2016-05-23,18.14,15.78,19.93,20.94,7.8,7.9,8.0,74.9,96.32
Nigeria,2016-05-28,20.71,8.79,3.64,2.82,7.1,5.5,6.1,73.2,77.83
Israel,2016-06-02,24.78,28.23,14.2,28.32,8.3,9.3,9.0,74.2,96.5
Brazil,2016-06-04,0.34,-2.11,0.31,-2.51,2.7,2.5,1.6,67.3,38.17
Qatar,2016-06-07,-5.43,-1.63,2.12,1.14,1.5,2.1,1.8,72.7,41.12
Indonesia,2016-06-10,1.69,-0.08,1.1,9.03,3.8,3.9,2.8,69.1,51.6
UAE,2016-06-13,0.2,-6.74,1.19,1.52,2.1,2.2,2.7,75.6,42.48
Saudi Arabia,2016-06-15,-6.47,-1.52,2.71,1.03,1.9,1.5,2.9,76.7,42.73
Russia,2016-06-20,7.31,9.34,3.41,18.52,6.1,6.0,5.2,77.4,75.35
UAE,2016-06-21,14.1,9.08,6.79,5.59,6.4,6.2,7.1,75.3,76.73
Israel,2016-07-15,-5.8,2.53,0.63,1.34,2.8,2.3,2.0,74.2,44.07
Saudi Arabia,2016-07-24,-4.59,-4.61,-1.34,1.15,2.4,1.2,1.6,76.7,39.63
UAE,2016-07-26,9.37,12.49,8.61,10.23,6.2,6.1,6.2,76.2,75.43
Malaysia,2016-08-16,-1.37,-8.81,-0.53,0.5,2.3,1.3,2.3,69.0,36.06
Indonesia,2016-08-19,-7.36,-3.13,-4.28,-2.37,2.8,2.0,3.0,68.9,36.75
Iraq,2016-08-21,16.25,7.42,3.3,2.4,5.2,5.7,6.7,75.6,73.27
Kazakhstan,2016-08-22,-0.66,4.98,3.16,2.98,2.5,3.2,4.1,67.5,48.92
Canada,2016-08-25,3.45,4.67,3.86,2.82,3.1,4.2,5.0,67.8,56.32
South Africa,2016-09-09,-5.78,-1.18,-3.44,0.87,2.7,1.1,2.0,65.3,34.44
Brazil,2016-09-15,-7.05,-4.52,-4.97,0.95,1.8,1.3,1.1,68.2,31.22
Iran,2016-09-17,0.86,-7.98,-1.3,-3.6,1.5,1.5,2.1,73.1,38.14
Indonesia,2016-09-19,4.93,12.94,2.16,6.14,6.3,6.7,6.2,67.7,70.02
Russia,2016-09-24,5.29,5.3,2.31,-1.43,3.7,4.1,3.5,77.3,55.21
Saudi Arabia,2016-10-03,47.54,31.25,11.14,22.28,8.8,9.6,8.4,76.6,96.5
Israel,2016-10-05,32.31,34.74,11.63,28.87,9.1,9.6,8.8,75.2,96.5
Saudi Arabia,2016-10-12,13.45,12.91,5.55,5.66,5.4,6.9,6.5,77.1,75.82
Iraq,2016-10-16,-8.86,-9.34,-4.85,2.17,3.0,1.6,1.8,76.1,36.75
Indonesia,2016-10-23,3.34,4.2,1.44,8.77,2.3,3.1,5.1,68.2,51.71
UAE,2016-10-25,6.44,6.72,8.61,6.68,6.7,5.7,6.4,73.8,70.29
Australia,2016-10-31,-10.99,0.9,-2.07,-1.32,2.6,1.1,2.2,70.1,32.91
Yemen,2016-11-06,13.24,18.51,4.7,4.57,7.0,5.9,6.8,73.3,76.82
Saudi Arabia,2016-11-10,0.37,4.33,0.11,2.95,2.0,3.1,4.4,77.4,55.25
Switzerland,2016-11-15,2.37,-4.45,0.72,-3.47,1.6,2.4,1.1,67.1,38.93
Egypt,2016-11-16,-4.14,-4.62,1.33,-0.42,1.9,1.7,1.2,73.4,37.13
Saudi Arabia,2016-11-23,-2.46,3.32,0.11,3.0,4.0,3.8,4.6,77.4,53.42
Saudi Arabia,2016-11-29,-0.43,3.9,1.79,0.33,2.2,2.9,3.8,76.6,49.4
USA,2016-11-29,10.23,15.11,7.26,4.09,4.9,5.6,7.6,73.1,72.91
Israel,2016-12-06,18.23,52.19,16.17,14.13,8.5,9.8,8.3,72.4,96.5
Malaysia,2016-12-11,3.89,0.3,0.74,3.58,3.2,3.7,3.1,68.0,47.19
Iran,2016-12-24,6.28,8.21,0.64,1.91,3.9,4.6,4.0,73.6,58.16
Saudi Arabia,2016-12-30,20.09,6.83,2.57,7.92,5.5,5.3,6.8,78.0,77.45
Qatar,2017-01-02,-2.29,2.67,-0.12,0.91,2.4,2.9,4.3,74.5,47.63
Yemen,2017-01-04,1.45,-5.61,-2.62,-3.55,2.6,1.1,2.4,75.9,39.99
Egypt,2017-01-09,4.44,4.26,3.12,2.85,4.5,3.4,4.5,73.8,56.6
Israel,2017-01-09,-2.91,-5.49,2.05,-1.07,1.2,2.3,2.6,75.1,39.99
Malaysia,2017-01-11,-0.09,5.71,-0.18,-1.29,3.0,4.5,4.0,69.9,52.16
Kazakhstan,2017-01-23,-2.96,-4.03,0.52,-1.54,2.3,1.6,1.2,69.6,37.01
Brazil,2017-01-25,5.63,4.21,2.64,5.01,4.0,3.8,4.5,67.9,57.7
USA,2017-02-04,-2.48,-8.02,-3.37,-3.36,1.1,1.4,2.7,73.3,33.9
Indonesia,2017-02-16,17.99,16.9,4.75,41.44,8.9,7.3,8.8,68.6,96.5
Brazil,2017-02-19,-5.49,-9.75,-1.84,-3.91,1.5,2.3,3.0,67.6,33.37
Iran,2017-02-27,11.9,9.7,8.5,6.0,5.9,6.2,5.0,73.0,73.07
Malaysia,2017-02-27,-7.8,-8.23,-0.93,0.09,1.5,2.3,1.3,69.6,33.97
Russia,2017-02-28,4.71,13.75,3.24,2.9,3.7,3.1,5.2,80.0,60.7
Saudi Arabia,2017-03-01,13.48,8.74,5.13,6.5,5.5,5.9,7.0,76.0,74.14
Nigeria,2017-03-05,46.44,16.78,4.8,18.26,9.0,9.1,9.8,73.1,96.5
USA,2017-03-13,-10.77,-9.13,2.11,-0.67,2.4,2.7,1.2,74.5,33.05
Israel,2017-03-13,-4.0,-1.22,-3.31,0.41,2.9,2.5,1.2,74.0,41.73
Qatar,2017-03-21,17.45,38.82,4.57,13.02,9.5,7.7,8.3,73.9,96.5
USA,2017-03-24,25.09,48.24,11.86,9.82,8.3,9.0,8.7,74.4,96.5
Iraq,2017-04-05,-8.12,1.38,-4.83,-3.55,2.3,2.2,2.3,77.5,40.94
Yemen,2017-04-07,-5.49,-9.79,1.36,0.09,2.9,1.5,2.3,75.1,40.73
Saudi Arabia,2017-04-17,-4.99,3.76,-3.96,2.19,1.7,2.1,2.0,78.4,43.59
Iraq,2017-04-26,8.34,10.71,3.84,9.76,5.3,6.1,7.2,75.6,74.79
Russia,2017-04-27,-8.46,-6.66,-3.8,-3.81,1.3,2.4,1.6,80.5,37.11
Saudi Arabia,2017-05-06,11.59,6.44,5.01,7.24,4.9,6.4,6.9,76.9,73.25
Yemen,2017-05-17,-3.04,8.31,1.7,0.7,2.9,4.0,3.3,75.4,52.35
Australia,2017-05-23,0.83,8.72,0.79,0.38,4.1,4.2,4.6,69.4,52.78
Iraq,2017-05-31,2.96,-1.22,1.67,-2.19,3.0,1.9,1.8,77.4,46.76
South Africa,2017-06-02,-4.4,-5.47,-4.95,0.8,2.6,1.6,1.6,66.0,34.39
Indonesia,2017-06-05,6.85,12.45,3.36,22.58,5.2,6.5,7.6,70.0,78.28
Russia,2017-06-06,-7.73,-3.87,-0.65,-1.88,1.1,1.5,1.7,79.5,36.23
Qatar,2017-06-08,3.22,14.89,2.05,5.01,6.9,7.1,5.9,71.2,71.98
Iraq,2017-06-10,11.32,10.09,3.48,6.26,7.2,5.2,5.5,76.0,73.69
Australia,2017-06-13,5.1,12.59,4.08,6.96,6.7,5.9,6.2,69.3,72.03
Brazil,2017-06-16,3.63,6.11,2.71,11.17,6.0,5.0,5.0,67.5,63.12
Ukraine,2017-06-22,2.45,-5.6,-3.88,-2.06,2.2,1.8,2.5,70.3,38.48
Iraq,2017-07-02,3.23,4.63,2.0,1.21,4.4,4.2,5.0,76.8,61.56
Saudi Arabia,2017-07-03,-2.12,4.36,3.14,4.11,3.5,4.9,4.7,76.4,57.69
Yemen,2017-07-06,-11.34,-2.82,1.52,-1.74,2.3,2.4,2.7,76.9,37.14
Ukraine,2017-07-10,-5.13,3.5,-4.51,-0.65,2.7,2.0,2.6,72.8,40.39
UAE,2017-07-11,1.79,-2.84,-0.43,0.0,2.9,2.6,2.5,74.6,46.85
Malaysia,2017-07-12,-7.55,-6.94,0.44,-2.97,1.6,2.6,2.7,67.3,34.16
Canada,2017-07-14,30.1,28.71,10.69,19.69,7.2,9.6,9.2,68.2,96.5
Iran,2017-07-17,-2.81,2.4,-1.03,0.54,2.4,3.6,4.8,75.7,51.59
Iraq,2017-07-17,-7.59,1.92,-1.24,2.06,1.7,1.5,2.6,77.2,40.99
Brazil,2017-07-22,16.56,20.7,9.42,41.7,7.8,8.2,8.7,67.1,96.5
Switzerland,2017-07-27,0.52,1.7,-1.15,2.86,2.8,3.8,5.0,67.3,50.86
Kazakhstan,2017-07-28,4.38,8.86,3.47,7.41,7.2,6.6,5.2,68.9,69.63
Ukraine,2017-07-29,2.61,8.27,1.34,7.73,4.0,2.5,2.9,72.5,54.69
Switzerland,2017-07-31,7.16,8.0,30.76,11.83,7.1,8.1,9.3,66.5,84.76
South Africa,2017-08-04,2.2,0.75,3.08,4.13,2.8,2.4,3.6,66.7,47.46
USA,2017-08-09,6.21,19.92,7.4,4.46,5.3,7.2,5.3,73.1,75.16
Malaysia,2017-08-13,-1.73,1.57,-0.16,-2.76,2.0,2.8,1.0,68.1,36.54
Saudi Arabia,2017-08-13,1.08,3.25,2.23,3.55,2.6,3.3,2.9,77.3,51.47
Qatar,2017-08-20,-8.03,1.08,-0.28,1.63,1.1,1.5,2.7,72.9,37.06
Australia,2017-09-15,-1.95,0.21,-2.31,-3.92,2.9,2.6,2.3,69.0,40.45
UAE,2017-09-18,-9.93,-4.63,-3.51,0.45,2.0,1.8,2.4,74.9,36.57
Saudi Arabia,2017-10-01,3.15,2.57,-0.61,0.15,2.5,3.0,4.6,77.3,52.16
Yemen,2017-10-02,-3.03,-1.85,-0.73,2.46,1.8,1.9,1.8,74.8,42.19
Indonesia,2017-10-03,-9.0,3.96,-3.56,1.37,1.7,2.9,2.6,69.0,41.63
Malaysia,2017-10-05,-0.09,-3.61,-3.63,0.14,1.1,1.6,1.3,69.1,34.14
Iran,2017-10-06,-6.43,-8.75,-3.74,-3.36,2.0,2.2,2.6,73.0,34.63
USA,2017-10-10,6.12,0.49,3.82,3.87,4.4,4.7,4.9,72.4,58.13
Nigeria,2017-10-18,-1.84,-4.7,1.3,-3.22,2.8,1.0,2.7,71.5,39.21
Ukraine,2017-10-21,5.24,22.9,5.6,16.02,6.7,6.7,6.7,71.3,79.31
Saudi Arabia,2017-10-26,2.95,-6.93,1.77,1.58,2.8,1.1,2.6,78.0,45.82
Australia,2017-10-27,2.67,22.42,4.94,7.63,6.9,7.1,5.3,68.8,71.39
USA,2017-10-29,35.12,38.76,14.09,23.46,8.5,9.1,8.8,73.7,96.5
Malaysia,2017-11-24,2.14,5.21,1.1,7.84,2.1,4.8,5.0,67.0,54.29
UAE,2017-12-08,18.45,5.03,10.05,6.7,5.2,4.8,7.0,75.0,74.52
Russia,2017-12-19,-3.79,2.57,-4.26,0.16,1.8,2.5,1.3,80.9,43.04
Russia,2017-12-21,-1.14,-6.86,2.65,2.11,2.0,2.5,2.7,80.0,45.55
Russia,2017-12-25,-0.94,-3.8,-3.99,-0.31,1.8,1.5,2.9,79.9,44.57
USA,2017-12-27,2.75,5.08,1.21,0.79,3.3,3.2,2.7,74.1,52.39
UAE,2018-01-06,-2.64,2.43,6.99,4.78,2.9,4.3,3.3,75.9,54.07
Iraq,2018-01-08,19.56,6.8,2.39,8.27,6.3,5.2,6.0,76.9,77.35
Russia,2018-01-12,-1.64,-5.87,1.03,-3.77,1.5,2.7,1.6,81.0,41.67
Indonesia,2018-01-16,6.31,9.24,3.57,7.02,6.7,4.9,6.0,71.1,65.71
Iraq,2018-01-18,5.2,3.23,0.18,0.32,2.2,4.5,2.6,76.9,53.83
Yemen,2018-02-02,3.16,1.8,-0.27,3.37,3.2,2.8,4.1,76.1,56.08
Indonesia,2018-02-03,-4.42,-6.48,2.27,-3.64,2.4,2.7,1.7,69.6,36.85
USA,2018-02-06,-10.76,1.8,-0.9,0.51,2.3,1.7,1.5,73.9,36.78
Israel,2018-02-07,13.23,16.45,3.08,11.13,5.4,6.5,6.1,75.5,79.09
Australia,2018-02-11,-0.09,5.41,1.55,6.68,3.9,3.7,5.2,69.3,55.74
Saudi Arabia,2018-02-18,-11.66,-4.17,0.46,2.52,1.4,2.9,1.3,77.1,37.66
Yemen,2018-02-21,-6.62,-5.72,-0.59,-2.77,2.8,1.9,2.5,77.3,39.0
Malaysia,2018-02-23,-2.08,-9.64,-4.88,1.53,1.5,1.3,1.3,70.3,33.76
Canada,2018-03-02,-8.89,-0.13,-2.46,-1.56,1.6,1.6,2.9,68.4,33.52
Malaysia,2018-03-05,-10.51,-0.4,-0.64,2.84,2.9,2.7,1.9,67.8,38.12
UAE,2018-03-08,9.13,12.92,10.54,5.22,7.1,5.4,6.9,77.3,77.75
Indonesia,2018-03-09,7.32,9.84,3.05,17.03,5.0,5.7,6.3,69.2,72.64
UAE,2018-03-11,2.29,-2.8,2.2,1.71,1.6,2.1,3.0,76.5,47.52
Iraq,2018-03-14,22.57,10.66,3.35,7.48,6.5,7.3,5.0,76.3,83.03
Iraq,2018-03-23,-3.4,3.16,1.79,3.77,3.3,4.8,3.2,76.4,52.32
Switzerland,2018-04-16,-1.56,2.55,0.04,-1.49,1.8,1.4,1.1,67.7,37.16
UAE,2018-04-20,-1.83,7.17,2.72,3.4,3.2,4.1,3.9,76.1,55.52
Ukraine,2018-05-05,2.41,10.5,1.66,-0.34,2.3,2.8,3.8,73.2,50.46
Saudi Arabia,2018-05-07,1.54,2.82,0.44,0.14,4.2,4.7,3.0,77.7,54.97
Qatar,2018-05-07,8.13,26.35,3.84,6.31,4.7,5.8,6.3,74.2,74.59
Saudi Arabia,2018-05-10,7.61,6.17,1.9,1.39,4.2,3.6,3.7,79.2,58.82
Iran,2018-05-12,13.66,7.34,3.87,3.68,7.3,7.5,7.9,73.2,80.86
Malaysia,2018-05-29,22.31,18.99,5.74,30.08,7.8,9.7,8.0,68.7,96.5
Indonesia,2018-05-30,3.33,0.22,0.81,7.84,4.0,5.0,4.7,69.0,57.1
Nigeria,2018-06-01,-10.56,-4.93,1.09,-0.22,1.2,2.1,1.5,72.8,33.71
Israel,2018-06-09,2.99,-3.3,-3.06,0.23,2.9,1.2,2.9,76.6,45.32
USA,2018-06-13,1.42,1.84,-3.0,0.45,1.7,2.9,2.4,73.2,45.46
Saudi Arabia,2018-06-15,2.76,2.19,2.76,3.2,3.1,4.6,4.8,76.8,57.29
Israel,2018-06-17,-0.01,-1.28,-1.53,0.98,1.3,2.1,1.7,75.1,41.87
Malaysia,2018-06-20,-9.47,-5.61,1.29,0.99,2.6,2.9,2.1,69.8,38.08
Russia,2018-06-29,7.81,12.87,7.86,8.68,6.2,5.1,6.2,79.7,72.47
Iran,2018-06-30,51.05,42.86,17.01,10.62,9.2,8.9,8.9,73.8,96.5
Indonesia,2018-07-04,3.42,8.15,1.02,23.07,6.4,6.2,7.5,70.7,75.71
South Africa,2018-07-09,-0.5,-0.2,0.83,5.09,3.8,2.3,3.7,68.1,49.73
Egypt,2018-07-10,2.28,-0.78,2.8,2.99,4.8,4.8,2.8,74.4,55.79
Australia,2018-07-11,0.41,7.11,3.4,3.17,4.7,3.1,4.8,68.9,53.43
Saudi Arabia,2018-07-12,-1.63,6.1,0.14,-0.54,3.5,3.8,4.6,78.9,54.53
Kazakhstan,2018-07-21,-1.86,2.32,0.22,0.88,2.0,2.5,4.7,70.4,45.75
Yemen,2018-07-21,-1.22,-1.8,2.58,4.54,3.3,4.3,4.2,75.4,52.46
Iran,2018-07-26,7.8,9.28,-0.02,1.61,2.5,4.0,2.6,76.3,56.99
Australia,2018-07-30,-0.06,-9.07,-3.81,1.89,1.7,2.8,2.2,70.4,40.21
Iraq,2018-08-13,-4.92,-5.0,-0.33,-2.37,1.6,2.6,2.6,77.5,40.17
Malaysia,2018-08-20,1.48,3.25,1.07,2.01,3.1,3.7,4.0,69.9,48.55
Ukraine,2018-08-25,2.04,6.02,3.37,6.39,4.7,3.5,3.8,72.9,58.7
Qatar,2018-09-02,-11.05,-3.72,-2.1,0.16,1.8,1.2,1.3,72.8,32.33
Kazakhstan,2018-09-05,-0.35,3.2,0.88,2.57,4.3,3.1,4.2,71.3,49.75
Russia,2018-09-14,3.17,-1.99,5.68,7.59,2.3,3.7,2.9,81.3,55.5
Nigeria,2018-09-16,6.68,0.74,0.6,4.06,2.8,4.4,3.5,72.0,53.6
Indonesia,2018-09-26,3.54,-1.0,0.29,2.02,4.6,3.4,4.9,70.8,54.21
Nigeria,2018-10-02,-8.02,-8.48,-1.52,1.1,1.4,2.9,2.9,74.6,36.31
Nigeria,2018-10-02,0.02,-0.25,-3.22,2.11,2.8,3.0,1.1,72.8,43.73
Yemen,2018-10-16,-2.15,2.69,1.99,-1.67,1.6,2.4,2.4,74.9,46.12
Yemen,2018-10-16,-11.9,1.69,-1.21,-1.99,2.9,2.5,1.4,77.2,39.25
Brazil,2018-10-18,2.26,0.31,1.17,-0.81,4.0,2.5,4.8,67.8,47.23
Egypt,2018-10-22,17.2,8.83,4.64,16.46,4.9,5.6,6.9,74.2,78.01
Saudi Arabia,2018-10-25,-3.24,5.65,1.42,0.99,3.2,3.2,3.9,77.6,52.4
Russia,2018-10-31,40.83,54.79,20.2,13.91,7.2,9.2,7.9,79.7,96.5
Malaysia,2018-11-02,-6.25,-8.79,-1.86,0.93,2.8,1.1,1.1,69.4,35.49
UAE,2018-11-06,-0.89,3.61,-4.27,-0.29,2.3,1.1,1.3,75.8,41.32
Brazil,2018-11-18,16.29,10.66,10.5,21.32,7.7,8.9,9.1,69.7,92.02
Russia,2018-11-20,15.04,28.55,9.31,8.19,5.5,6.5,7.1,79.9,86.9
South Africa,2018-11-20,-1.92,-2.9,1.76,1.88,2.6,2.8,2.1,68.9,43.48
Ukraine,2018-11-22,9.0,11.89,6.63,15.0,4.5,5.1,6.1,73.0,72.58
Indonesia,2018-11-23,3.51,4.77,1.5,7.34,6.4,5.5,5.9,70.0,63.78
Egypt,2018-11-26,6.1,13.8,5.7,14.57,6.1,6.9,6.5,73.1,77.12
Russia,2018-11-26,3.07,1.85,0.1,-0.08,4.5,5.0,2.7,80.9,58.16
Russia,2018-11-29,8.51,12.63,2.05,2.37,3.3,3.7,4.7,80.1,63.66
Ukraine,2018-11-30,-7.47,3.99,1.83,-3.25,2.4,1.9,2.9,73.7,40.18
Australia,2018-12-12,2.88,7.92,0.41,-0.91,4.0,4.0,4.4,70.3,54.92
Iran,2018-12-23,23.15,46.09,11.29,18.25,8.5,8.9,8.0,76.4,96.5
Indonesia,2018-12-27,-0.95,3.05,-0.37,0.88,2.7,3.8,4.5,69.2,48.29
Yemen,2019-01-06,3.5,1.59,-0.69,4.05,3.1,4.4,4.4,76.5,56.88
Malaysia,2019-01-15,-0.96,4.81,1.88,9.03,2.9,4.1,3.0,69.2,54.47
Yemen,2019-01-21,11.92,9.84,3.47,8.12,7.1,7.0,6.1,78.1,80.31
Iran,2019-01-24,26.79,38.37,15.65,19.51,9.5,8.9,8.2,76.2,96.5
Indonesia,2019-01-24,-6.52,1.95,-2.28,1.89,3.0,2.3,1.1,70.5,37.85
Australia,2019-01-28,1.42,4.8,4.46,1.34,4.0,5.0,3.6,72.4,56.16
Qatar,2019-01-30,-8.04,-5.62,2.14,-1.79,2.2,2.5,2.8,76.3,40.13
UAE,2019-02-01,-3.7,-0.24,-3.99,2.08,1.5,2.9,2.1,76.0,43.84
Kazakhstan,2019-02-02,-1.76,0.68,2.64,1.39,2.1,1.7,2.7,72.3,44.36
UAE,2019-02-20,-9.94,-5.34,-1.21,-0.8,2.0,1.1,2.0,77.8,37.06
USA,2019-03-04,8.6,10.58,3.67,2.25,2.4,4.2,4.4,73.8,58.46
Ukraine,2019-03-07,2.06,6.0,4.48,6.88,4.2,4.6,4.0,73.5,60.87
Australia,2019-03-21,-6.21,1.91,1.4,0.54,2.9,1.5,1.8,71.9,40.12
Australia,2019-03-23,-3.41,-4.48,-0.62,-3.4,1.3,1.1,2.7,72.4,36.87
USA,2019-03-29,-7.83,0.98,-3.84,-0.67,1.9,1.5,2.1,75.6,38.73
Qatar,2019-03-30,-9.37,-1.47,-1.94,0.78,2.4,1.4,1.8,74.8,38.37
UAE,2019-03-31,17.25,13.02,9.92,5.17,5.6,6.4,6.6,77.4,79.27
UAE,2019-04-01,6.93,4.68,-0.71,0.06,2.2,3.9,4.3,76.8,56.35
Malaysia,2019-04-03,7.41,7.04,2.21,21.28,7.1,7.2,6.6,70.5,76.4
Egypt,2019-04-08,10.48,15.18,1.87,5.13,7.1,6.0,7.1,75.2,74.57
Russia,2019-04-09,32.15,71.49,12.05,18.34,7.6,7.4,8.4,81.8,96.5
UAE,2019-04-09,11.44,9.4,7.59,10.02,6.6,6.2,6.7,76.9,76.82
Iran,2019-04-14,9.77,4.42,1.23,4.06,3.4,3.3,4.8,75.6,60.75
Canada,2019-04-15,0.94,-7.73,-3.84,1.38,1.7,2.7,1.3,69.2,38.53
Russia,2019-04-16,10.45,4.22,4.81,3.44,4.5,3.0,3.4,80.5,61.37
Nigeria,2019-04-20,4.93,0.64,1.55,0.71,3.4,3.7,4.9,75.4,54.7
Switzerland,2019-04-21,-0.84,0.58,-0.16,1.92,4.7,2.5,2.6,66.9,45.65
Egypt,2019-04-24,5.19,8.12,2.03,5.26,3.7,2.5,3.7,76.5,57.57
South Africa,2019-04-26,-5.75,2.15,1.96,-2.41,1.7,2.6,2.5,67.7,38.47
Kazakhstan,2019-05-01,-2.08,-2.72,-1.06,-0.74,2.2,2.5,1.6,71.3,40.28
Qatar,2019-05-02,12.36,19.42,3.41,13.23,6.5,6.7,5.1,74.2,80.14
Qatar,2019-05-16,4.88,35.33,2.53,12.92,7.2,6.6,5.8,75.0,81.05
Russia,2019-05-16,-10.6,-8.54,-0.58,-3.78,1.9,2.8,2.1,80.1,37.76
Brazil,2019-05-17,-8.0,-8.84,-1.6,-0.99,1.7,2.6,2.4,69.5,34.99
Malaysia,2019-05-18,9.14,9.33,1.58,5.15,4.5,6.0,7.0,69.0,66.99
Russia,2019-05-18,-1.01,-1.2,1.17,1.15,2.6,1.7,1.0,82.4,44.35
Yemen,2019-05-25,4.4,-1.22,3.67,0.42,2.7,3.2,4.4,77.5,54.49
UAE,2019-05-27,-3.42,-3.34,1.83,-0.45,2.3,2.4,2.4,77.0,43.97
Iraq,2019-06-07,-10.31,-3.01,-0.25,-0.3,2.9,2.0,2.8,77.4,43.06
Russia,2019-06-13,34.81,66.35,16.62,27.53,7.9,7.3,8.0,81.0,96.5
Egypt,2019-06-17,26.36,39.85,8.23,26.19,7.8,7.3,7.7,74.6,96.5
Egypt,2019-06-20,-1.56,-7.36,-4.79,-0.63,1.4,2.6,1.3,75.9,38.78
Yemen,2019-06-30,12.53,11.82,5.5,9.36,6.6,4.8,6.0,78.4,75.89
UAE,2019-07-03,21.02,27.35,24.71,7.29,9.1,7.4,9.7,76.3,96.5
Russia,2019-07-03,6.84,31.34,8.01,11.92,6.6,7.0,6.5,82.5,85.98
UAE,2019-07-05,-5.15,-0.22,0.8,2.22,1.7,1.2,1.7,76.6,40.21
Switzerland,2019-07-06,3.91,5.92,5.91,4.2,6.6,5.6,5.5,66.8,61.99
Qatar,2019-07-07,7.42,33.15,2.12,14.76,7.0,6.1,5.2,75.5,81.52
Malaysia,2019-07-12,5.83,11.9,2.82,6.57,7.0,7.3,6.0,70.7,75.06
Iran,2019-07-14,8.43,6.05,1.8,0.33,3.7,4.8,4.4,76.3,61.74
Egypt,2019-07-18,16.56,20.3,1.84,14.39,5.1,6.8,5.9,73.6,80.34
Yemen,2019-07-25,8.94,7.81,2.83,2.45,3.5,4.2,2.5,76.8,59.35
Switzerland,2019-07-27,4.76,7.71,14.63,2.75,4.5,6.6,7.1,69.3,65.93
Ukraine,2019-07-29,-2.72,0.58,-0.32,0.91,2.1,2.3,2.3,72.8,44.42
Iraq,2019-07-29,8.6,-0.4,-0.38,3.13,2.3,2.5,4.0,79.1,52.84
Malaysia,2019-07-30,-7.63,-6.26,0.16,-2.1,1.5,1.6,1.3,71.0,33.76
Yemen,2019-08-02,-1.74,1.56,0.39,0.74,3.9,2.7,2.7,78.0,50.45
Egypt,2019-08-05,1.35,8.99,2.83,0.1,3.3,2.7,4.3,74.6,53.85
Qatar,2019-08-06,2.78,-6.29,1.27,-0.81,1.1,1.8,1.8,75.0,39.5
Switzerland,2019-08-06,-0.95,2.97,-2.34,-1.04,2.6,2.0,1.2,68.9,43.06
Saudi Arabia,2019-08-10,-7.53,-8.62,-3.86,2.25,1.4,2.4,2.9,79.5,40.97
UAE,2019-08-14,1.4,4.98,0.06,2.39,2.5,4.1,4.0,76.5,55.03
Iraq,2019-08-18,9.25,3.73,2.8,9.7,4.9,7.1,7.8,79.5,75.8
Iran,2019-08-18,32.91,45.73,16.07,15.51,8.8,9.7,8.7,77.2,96.5
Saudi Arabia,2019-08-19,1.72,-7.21,1.66,-1.97,1.9,2.1,1.3,79.4,40.92
Iraq,2019-08-24,10.76,9.52,2.84,5.59,5.0,6.6,7.3,78.3,74.42
Iran,2019-08-26,8.15,9.38,3.69,2.63,6.2,6.8,7.3,75.4,76.01
Saudi Arabia,2019-09-04,1.24,-8.74,-2.41,0.54,2.8,2.8,1.9,78.5,44.83
Russia,2019-09-06,14.42,12.2,5.92,5.12,6.7,5.6,6.0,79.8,76.45
Ukraine,2019-09-10,1.78,1.37,0.09,7.88,2.3,4.9,3.5,71.6,55.29
Saudi Arabia,2019-09-12,-6.06,1.43,0.97,0.05,2.6,2.4,1.9,78.9,44.8
Saudi Arabia,2019-09-13,-0.99,2.05,2.8,-3.08,1.6,2.4,2.2,79.0,43.74
Saudi Arabia,2019-09-16,19.54,8.47,6.4,5.24,7.9,7.0,8.6,74.1,84.52
Iran,2019-09-17,1.83,1.86,-4.26,1.07,1.4,2.3,1.5,76.2,42.96
Yemen,2019-09-20,4.98,6.6,3.98,3.23,6.9,5.9,6.5,77.5,69.25
Brazil,2019-09-24,9.33,3.14,4.5,14.33,6.9,6.2,6.0,70.1,71.24
South Africa,2019-09-28,10.98,11.36,21.1,29.91,7.6,7.4,9.5,69.3,93.98
USA,2019-10-01,-0.49,10.11,2.87,1.88,2.2,4.6,3.3,74.8,53.29
USA,2019-10-06,1.42,5.16,3.85,-0.3,4.8,3.3,4.1,74.3,53.99
Yemen,2019-10-15,-9.46,-5.1,1.57,1.62,2.3,2.5,1.7,76.6,39.21
Qatar,2019-10-16,3.45,9.33,0.0,-0.64,4.3,4.9,2.6,76.4,56.22
Saudi Arabia,2019-10-26,-7.87,-0.47,1.04,-1.11,1.8,1.7,2.7,79.5,43.36
Russia,2019-11-03,-3.12,-7.91,-0.41,-3.96,2.2,2.8,1.7,81.7,41.51
USA,2019-11-16,-10.22,-6.46,-4.47,0.67,2.0,1.1,2.6,73.6,35.49
Indonesia,2019-11-16,-1.1,3.0,0.2,3.61,4.0,2.5,5.0,70.2,51.21
UAE,2019-11-30,30.33,32.34,22.72,7.5,8.5,8.8,9.8,77.7,96.5
Australia,2019-12-06,12.18,35.79,6.64,10.15,8.5,8.7,9.5,69.6,93.51
Brazil,2019-12-10,-8.06,-4.09,-3.08,1.35,1.8,1.8,2.5,69.7,36.97
Iraq,2019-12-12,-0.71,0.97,-3.13,-2.33,2.9,2.2,2.4,76.6,42.88
Qatar,2019-12-13,1.14,11.73,1.54,-0.7,3.0,4.8,4.1,76.5,57.89
Israel,2019-12-13,33.42,52.98,7.94,20.37,9.5,9.2,9.2,76.9,96.5
Malaysia,2019-12-24,8.54,5.35,1.14,21.5,5.5,6.8,5.6,68.6,71.92
Russia,2019-12-31,13.36,8.9,5.88,9.24,5.5,5.0,6.7,81.4,75.82
Israel,2020-01-05,2.13,-9.29,2.39,-0.97,2.6,1.2,2.7,77.7,43.69
Saudi Arabia,2020-01-08,5.9,1.05,2.08,3.27,2.4,4.1,3.8,79.4,55.87
Canada,2020-01-27,12.69,9.44,7.48,12.88,7.2,7.0,6.3,69.1,78.28
Iraq,2020-01-27,1.72,1.63,1.4,-0.06,2.5,3.6,3.0,77.8,52.26
Ukraine,2020-02-12,1.73,0.05,-0.35,1.59,2.1,2.3,3.0,73.1,48.45
Saudi Arabia,2020-02-16,46.34,33.25,9.7,23.71,8.4,8.7,9.1,79.4,96.5
Iran,2020-02-16,-10.73,-9.26,-3.74,0.32,2.6,2.1,2.4,76.3,36.84
Iraq,2020-02-18,45.04,17.4,5.13,13.0,9.4,8.9,8.6,79.9,96.5
Saudi Arabia,2020-02-20,-10.51,-9.26,-4.45,0.75,2.3,1.3,2.0,78.6,34.53
Yemen,2020-02-28,-11.41,-5.93,1.41,-1.81,1.2,1.3,1.9,79.2,35.59
Iran,2020-03-01,-2.5,-0.59,-4.01,2.24,2.5,1.1,1.7,77.7,42.28
Egypt,2020-03-03,-7.35,-4.42,1.52,-0.69,2.8,1.6,2.6,74.4,41.01
Iran,2020-03-08,9.44,3.03,3.97,2.0,3.7,2.3,3.3,75.9,55.2
Saudi Arabia,2020-03-09,-10.94,1.5,2.29,-1.15,1.4,1.5,1.1,80.4,38.47
Russia,2020-03-12,-27.8,-22.95,8.28,-8.17,8.3,7.9,4.3,71.8,42.44
Yemen,2020-03-13,13.71,19.61,3.88,9.37,6.1,6.1,7.7,78.3,80.59
Saudi Arabia,2020-03-14,0.17,-8.71,-1.8,2.43,2.2,1.5,1.7,79.3,42.61
Yemen,2020-03-30,-7.43,-3.1,-4.22,2.21,1.3,2.9,1.8,79.0,41.17
Australia,2020-04-05,-7.34,-0.98,1.13,-0.71,2.4,1.2,2.6,72.0,36.88
Iraq,2020-04-11,45.65,17.73,7.15,18.63,7.1,8.1,9.6,78.6,96.5
Australia,2020-04-25,2.38,11.26,1.64,2.23,4.8,3.4,3.3,71.8,57.82
Switzerland,2020-04-26,2.02,0.83,3.01,0.42,3.5,2.7,2.7,68.7,48.14
Nigeria,2020-05-03,5.32,-1.86,1.79,1.72,2.5,4.7,3.3,73.6,53.36
Iraq,2020-05-06,0.78,-8.46,-2.04,-1.97,2.8,1.2,2.1,77.3,38.77
Russia,2020-05-11,-3.41,5.26,2.57,6.07,3.6,2.8,5.1,81.0,58.61
Russia,2020-05-14,4.65,5.74,1.72,6.0,2.8,3.2,4.8,80.6,60.07
Russia,2020-05-21,1.09,-1.08,4.99,5.79,3.2,2.2,3.9,80.5,53.19
Switzerland,2020-05-26,1.21,7.72,14.07,4.15,6.6,6.3,7.2,68.6,66.8
South Africa,2020-05-27,-5.14,-8.31,-0.85,-1.79,2.7,2.6,1.7,71.1,37.65
Israel,2020-06-10,-10.87,0.56,-3.2,0.73,2.6,1.9,2.7,78.2,40.18
USA,2020-06-11,-4.28,-6.07,-3.8,-2.9,1.9,1.5,2.8,76.9,38.62
Switzerland,2020-06-13,1.65,0.95,-0.31,2.52,4.8,3.8,3.8,67.8,53.01
Malaysia,2020-06-14,-1.45,1.31,1.94,2.98,3.7,3.4,4.3,71.4,50.63
Switzerland,2020-07-08,-0.34,2.37,3.47,2.71,2.5,4.4,3.8,70.1,52.1
Egypt,2020-07-08,-7.63,-2.66,-1.36,-1.42,1.8,1.4,2.8,74.3,37.63
Kazakhstan,2020-07-12,1.15,6.61,2.95,5.28,2.9,4.3,3.8,72.8,55.0
Indonesia,2020-07-14,0.47,2.8,-0.56,-3.52,2.5,1.6,1.7,70.8,38.74
Israel,2020-07-18,2.96,1.35,2.74,2.91,1.3,2.4,1.1,75.9,46.48
Iran,2020-08-02,-11.08,-1.73,-3.97,-1.44,2.5,1.6,2.4,77.0,38.49
Kazakhstan,2020-08-04,0.68,-8.6,2.28,-3.89,1.7,1.2,2.9,73.1,40.58
Australia,2020-08-08,0.03,10.03,-0.71,4.0,2.6,2.7,3.0,70.3,47.75
Saudi Arabia,2020-08-13,0.39,1.08,2.71,0.46,1.1,2.1,1.8,80.5,45.46
Yemen,2020-08-15,7.06,2.47,1.38,3.44,2.8,2.9,4.2,78.9,57.26
Qatar,2020-08-15,2.29,-9.56,-1.56,2.4,2.7,2.1,1.7,75.7,43.19
Iran,2020-08-18,2.74,5.14,5.36,3.04,3.0,3.3,4.5,76.5,55.67
USA,2020-09-03,-1.09,7.62,0.56,5.32,2.5,2.4,4.7,77.1,55.94
Russia,2020-09-11,-3.61,-1.87,-2.92,-0.47,1.7,2.9,1.8,82.1,43.79
Iraq,2020-09-18,2.35,2.27,1.51,0.02,2.9,2.6,1.6,77.6,48.25
Qatar,2020-09-21,5.23,5.27,2.07,2.34,2.7,3.5,3.6,74.9,53.67
Saudi Arabia,2020-09-23,1.56,5.11,1.71,4.19,2.3,4.6,3.1,78.9,55.83
Egypt,2020-09-29,-1.55,0.11,1.82,5.07,3.3,3.5,3.8,76.4,52.6
Ukraine,2020-10-08,-2.75,2.55,-2.53,1.17,3.0,1.5,2.2,74.2,42.28
Malaysia,2020-10-26,20.34,26.25,4.84,30.74,8.0,8.8,8.2,69.7,96.5
Indonesia,2020-10-29,16.06,16.5,3.2,24.61,8.1,9.5,7.9,72.5,95.87
Israel,2020-12-01,-6.05,-4.78,-1.75,-0.04,2.6,1.5,2.1,75.7,39.67
Nigeria,2020-12-07,19.49,7.42,1.68,2.23,6.7,5.9,7.0,75.8,77.64
Iraq,2020-12-10,-9.34,1.23,1.95,-3.58,2.6,1.7,2.2,78.7,41.12
Australia,2020-12-10,-9.57,1.64,1.17,1.66,1.3,1.8,2.5,70.4,36.39
Malaysia,2020-12-12,-7.48,-7.04,-3.9,-2.21,2.2,1.0,1.8,71.3,32.31
Malaysia,2020-12-20,-10.54,0.15,-0.75,-2.67,2.9,2.9,1.6,69.4,36.94
UAE,2020-12-25,-5.52,2.85,1.87,-1.66,2.3,2.9,2.8,78.3,46.32
Australia,2021-01-04,0.71,1.53,3.41,2.01,2.7,3.7,3.6,71.7,51.26
Israel,2021-01-14,1.96,11.14,4.17,1.02,3.3,4.3,3.9,78.3,57.8
Qatar,2021-01-16,8.71,13.65,2.56,10.78,6.3,6.3,5.7,77.6,75.32
Brazil,2021-01-25,19.86,22.39,7.58,41.86,8.9,7.8,9.1,70.9,96.5
USA,2021-02-07,-9.6,-9.61,1.37,0.15,2.0,2.5,2.1,75.9,36.75
Kazakhstan,2021-02-18,24.6,33.9,8.42,14.89,7.9,8.6,9.3,73.4,96.5
Iran,2021-02-28,9.39,14.12,8.46,2.69,6.1,6.8,7.2,77.1,77.53
Australia,2021-02-28,3.47,19.54,6.92,13.16,5.2,6.1,6.4,73.4,74.43
Russia,2021-03-10,8.31,28.12,7.73,7.42,5.8,5.6,6.2,83.0,81.34
Nigeria,2021-03-11,-2.16,0.69,1.42,2.35,4.2,2.9,3.6,76.8,50.49
Yemen,2021-03-11,3.54,0.68,0.02,5.05,4.7,3.6,4.9,80.0,59.44
Ukraine,2021-03-18,0.93,0.37,0.23,-1.07,4.4,3.1,2.8,73.2,50.15
Saudi Arabia,2021-03-20,-7.1,-1.49,-3.44,-0.31,1.4,1.7,2.2,79.4,38.9
Egypt,2021-03-25,7.94,9.06,2.4,8.17,8.7,9.4,3.1,75.1,80.43
Indonesia,2021-03-28,-2.91,-8.99,-3.91,-0.72,1.9,1.8,1.9,73.2,38.16
UAE,2021-03-29,-0.05,6.88,4.27,0.58,2.7,4.7,3.6,78.2,55.2
Russia,2021-03-30,19.83,29.02,4.6,14.51,7.0,4.9,5.8,82.8,90.35
Saudi Arabia,2021-04-10,17.18,10.58,6.18,6.5,5.6,5.9,6.5,80.9,78.46
Ukraine,2021-04-14,2.15,1.88,1.18,1.88,3.0,2.5,2.6,74.7,50.01
Ukraine,2021-04-16,9.51,16.72,7.81,23.05,6.7,6.6,6.3,73.7,82.65
Russia,2021-04-20,6.6,-0.23,1.69,3.0,4.7,2.8,4.9,82.9,61.17
Canada,2021-04-25,-1.43,-6.03,-3.04,-3.5,1.6,1.3,1.7,70.5,34.81
Iran,2021-05-03,-11.24,3.24,1.91,-1.07,1.9,1.3,1.2,76.3,37.58
Indonesia,2021-05-05,0.15,1.44,0.51,-0.89,4.6,2.5,4.1,71.5,49.2
Iraq,2021-05-06,11.6,2.32,-0.16,-0.58,2.4,3.5,5.1,80.1,59.59
Brazil,2021-05-06,-0.44,1.5,1.42,4.67,3.0,2.4,5.1,70.6,50.23
USA,2021-05-08,12.1,20.34,7.21,10.57,6.3,7.4,6.0,75.9,83.45
Iran,2021-05-11,9.24,16.92,6.12,6.64,6.7,7.4,7.0,77.9,79.98
Ukraine,2021-05-12,2.32,9.01,2.49,0.1,3.6,4.0,5.0,75.3,58.5
Yemen,2021-05-20,-1.92,8.27,3.31,4.65,3.6,4.3,3.0,79.0,57.59
Iran,2021-06-12,7.76,1.87,5.0,-0.3,2.7,2.4,4.5,76.6,53.41
Russia,2021-06-12,6.55,10.21,2.26,0.58,3.1,3.4,3.2,83.2,60.22
Saudi Arabia,2021-06-22,-11.82,-9.36,-2.09,2.44,1.0,2.7,2.5,81.0,37.15
Brazil,2021-07-02,7.34,5.68,3.32,15.43,5.0,5.1,7.3,71.4,72.08
UAE,2021-07-03,9.24,1.9,0.01,1.67,4.2,2.4,3.2,78.3,54.8
USA,2021-07-05,2.91,-8.34,1.12,0.24,2.1,1.6,1.3,76.9,42.37
Iraq,2021-07-08,-9.49,-4.42,-2.59,1.22,2.5,1.2,2.3,80.2,38.54
Israel,2021-07-14,-8.31,-2.29,2.55,-1.64,1.5,2.1,1.4,78.2,39.3
Iraq,2021-07-20,-2.71,2.6,-2.46,-0.85,2.3,1.2,1.3,79.5,42.16
Egypt,2021-07-25,13.2,21.18,6.24,10.35,7.0,5.8,7.2,76.8,83.99
USA,2021-07-30,6.44,9.5,3.07,0.11,2.7,2.2,3.2,75.4,53.65
South Africa,2021-08-02,3.32,4.11,10.2,6.3,4.8,5.7,6.0,69.1,63.41
Russia,2021-08-03,47.79,27.29,8.18,40.44,7.1,8.5,8.7,82.4,96.5
Malaysia,2021-08-15,0.01,2.86,-0.28,0.7,1.3,2.3,1.9,70.3,42.03
UAE,2021-08-20,7.14,13.16,12.21,9.19,4.8,7.3,7.8,77.2,81.92
Ukraine,2021-08-24,2.03,1.74,-1.14,-0.44,2.1,1.1,2.0,75.9,43.85
Yemen,2021-09-07,3.51,-1.59,2.36,1.76,2.3,2.7,4.8,77.3,51.85
Indonesia,2021-09-19,-9.9,-4.71,0.9,-3.26,2.6,2.1,2.3,71.7,37.75
Egypt,2021-09-20,-3.54,-9.14,-0.62,-0.46,2.4,1.2,1.9,77.6,38.73
UAE,2021-09-29,12.31,8.96,6.0,7.3,6.9,7.5,5.7,79.3,78.63
Kazakhstan,2021-10-03,2.24,4.51,-0.2,2.33,4.4,4.0,4.0,73.2,57.57
Israel,2021-10-06,6.68,18.27,8.67,12.87,4.8,6.1,6.4,76.1,75.61
Russia,2021-10-07,6.62,8.8,5.44,18.49,6.1,5.0,6.8,82.9,78.27
Qatar,2021-10-08,8.2,10.09,2.36,8.91,6.2,6.0,7.3,76.3,75.03
Saudi Arabia,2021-10-15,2.96,4.44,2.95,2.34,4.1,2.9,5.1,79.4,60.42
Yemen,2021-10-17,0.61,4.21,0.77,3.5,2.2,3.7,4.2,79.8,53.09
Iraq,2021-10-26,10.79,2.6,-0.48,-0.51,4.0,3.0,4.5,78.0,57.98
Australia,2021-10-27,-0.61,2.14,1.57,-0.39,2.6,2.5,1.4,72.9,44.85
Indonesia,2021-10-28,-0.74,1.43,0.35,1.62,3.2,2.4,3.5,71.5,45.37
Iraq,2021-10-28,-6.85,0.0,-0.96,-2.79,1.2,2.8,1.1,79.4,38.12
Qatar,2021-10-30,0.1,11.94,0.99,3.59,3.4,3.9,4.9,77.1,56.97
Russia,2021-11-02,19.07,13.26,4.48,8.64,6.6,5.4,7.5,83.2,84.82
UAE,2021-11-02,-5.46,-2.72,1.45,0.81,1.4,1.1,2.8,80.0,39.62
Iran,2021-11-05,-4.43,-8.21,1.37,-1.89,2.1,2.7,2.0,76.6,41.46
Malaysia,2021-11-23,7.5,25.83,5.06,22.23,7.6,7.4,9.5,72.8,90.05
Canada,2021-12-04,8.63,12.66,3.11,14.37,4.9,6.3,5.4,71.1,73.24
Kazakhstan,2021-12-16,0.95,4.46,1.3,2.26,2.7,4.1,3.1,71.8,51.14
Iran,2021-12-17,-6.24,1.13,2.04,0.33,2.3,1.0,2.2,78.3,42.78
Australia,2021-12-27,-2.37,-6.67,0.8,2.92,1.4,1.8,2.0,71.2,38.94
Malaysia,2021-12-31,4.55,4.65,3.22,7.22,6.8,5.8,6.4,70.2,68.6
Indonesia,2022-01-10,-4.61,-7.48,-0.12,0.96,2.0,2.3,2.1,72.8,42.71
Yemen,2022-01-16,1.11,-0.09,1.13,1.09,2.3,2.8,5.0,78.4,50.2
Malaysia,2022-01-23,8.39,13.86,2.35,8.97,5.8,7.4,5.7,73.6,76.01
Iran,2022-01-25,-10.13,-9.1,-4.76,-2.36,1.2,1.2,2.3,79.5,33.37
Egypt,2022-01-27,6.33,4.65,-0.53,3.28,3.9,4.5,3.3,76.5,57.8
Indonesia,2022-02-03,-1.4,-4.02,1.78,-2.18,2.2,2.6,2.4,73.3,42.68
Brazil,2022-02-05,3.87,2.69,1.32,8.14,2.9,4.5,4.2,73.3,57.47
Russia,2022-02-11,-7.82,-3.2,-0.69,1.06,1.7,2.0,1.1,81.9,38.67
South Africa,2022-02-11,2.16,-7.94,-3.02,0.05,1.3,2.2,2.3,71.9,40.25
Saudi Arabia,2022-02-18,-8.42,-4.56,1.34,0.5,1.1,3.0,1.1,81.1,40.76
Russia,2022-02-22,-6.7,-2.5,0.61,-2.16,2.6,1.8,2.4,84.1,45.37
Egypt,2022-02-23,2.08,7.01,-0.27,-0.47,2.3,4.8,3.5,76.2,53.76
Russia,2022-02-28,28.17,42.23,9.53,32.4,9.2,8.9,9.5,78.6,96.5
Iraq,2022-03-03,-11.04,-6.9,-4.36,-3.74,2.9,1.9,1.3,78.8,34.41
Indonesia,2022-03-09,-9.93,-9.38,-3.98,0.09,2.2,1.4,2.0,73.3,31.63
USA,2022-03-09,-8.45,-6.35,-2.48,1.61,1.9,2.9,2.1,78.2,38.71
Ukraine,2022-03-15,16.34,35.28,7.98,37.63,8.8,8.4,9.7,78.4,96.5
Iraq,2022-03-19,5.34,3.53,1.6,-0.27,2.5,4.1,3.1,79.6,54.4
Iran,2022-03-22,-1.07,8.27,2.44,1.39,2.9,3.6,3.2,78.4,52.94
Russia,2022-03-26,0.51,6.93,-0.4,1.12,2.0,2.8,4.2,82.3,53.54
Indonesia,2022-03-27,-1.23,-1.35,-0.07,5.81,2.2,4.5,4.8,74.6,53.92
Egypt,2022-04-10,0.63,-1.33,1.92,2.66,1.6,1.4,1.3,78.5,43.16
Yemen,2022-04-14,-1.09,2.93,1.23,0.85,4.4,2.9,3.4,78.0,52.33
UAE,2022-04-14,2.45,3.39,6.15,0.92,3.5,3.7,4.3,80.1,57.27
Saudi Arabia,2022-04-15,5.61,5.53,0.04,0.67,4.0,3.0,4.4,82.4,58.06
Russia,2022-04-17,-10.13,-4.85,2.12,1.2,2.7,1.7,2.6,82.3,40.38
UAE,2022-04-18,0.78,5.41,-0.51,-0.25,3.8,4.9,4.2,79.6,57.28
Switzerland,2022-04-27,2.2,1.32,6.5,0.73,4.0,3.4,4.9,70.0,52.56
Australia,2022-04-27,1.53,11.11,2.79,1.5,4.5,3.9,3.7,71.8,56.34
Indonesia,2022-04-28,4.88,6.01,1.62,24.42,7.7,6.0,3.9,76.3,76.62
Yemen,2022-04-30,35.62,29.0,8.27,22.23,9.6,7.9,8.5,77.9,96.5
USA,2022-05-07,-7.37,-5.2,-2.05,-3.94,2.6,1.3,2.8,78.0,36.35
Indonesia,2022-05-14,2.68,1.69,1.05,2.85,1.8,1.3,3.0,74.3,44.19
Qatar,2022-05-25,13.32,30.75,3.86,10.56,4.9,6.9,5.8,77.9,84.25
USA,2022-05-29,1.0,5.96,3.8,2.83,3.8,2.2,2.8,76.8,51.75
Qatar,2022-06-02,27.92,66.65,8.74,22.57,9.5,8.0,9.0,75.8,96.5
Saudi Arabia,2022-06-09,-1.01,3.15,2.37,0.37,4.4,3.4,3.2,81.2,55.25
Australia,2022-06-13,1.8,1.93,2.18,6.47,3.6,2.7,3.6,72.2,53.35
Saudi Arabia,2022-06-13,6.29,12.89,3.86,10.48,6.1,6.9,6.0,81.9,77.68
Iran,2022-06-28,7.91,4.3,-0.97,4.09,4.7,3.7,3.5,78.8,61.75
Kazakhstan,2022-07-21,-2.13,3.65,-3.91,-3.04,1.3,2.8,2.3,72.1,40.06
UAE,2022-07-28,0.86,3.58,0.53,0.43,2.3,2.8,3.9,79.7,50.42
Russia,2022-07-28,-0.31,-8.95,0.79,2.33,2.0,2.9,2.1,82.0,47.73
Iran,2022-08-03,-8.89,-0.33,-4.31,-0.62,2.9,1.3,1.9,78.7,40.59
Iraq,2022-08-04,-8.59,-8.42,2.88,-3.13,1.8,1.4,1.7,81.6,40.07
Saudi Arabia,2022-08-05,-0.84,0.95,0.96,-0.07,3.7,3.6,3.7,81.9,54.89
Iraq,2022-08-07,-9.85,-4.39,-0.28,-3.29,2.3,1.2,1.9,80.2,36.52
Russia,2022-08-07,4.25,0.97,2.19,4.94,3.7,2.9,3.4,82.4,57.58
UAE,2022-08-13,4.26,-1.01,5.23,0.28,2.5,2.5,3.4,80.1,51.47
Switzerland,2022-08-15,-10.87,1.12,1.15,-1.18,2.3,1.8,2.3,69.9,35.98
Qatar,2022-08-19,-8.47,-3.69,-3.01,0.08,1.1,3.0,2.6,76.3,41.44
USA,2022-08-23,5.6,4.05,-0.89,5.35,2.7,2.4,4.5,78.4,56.45
Malaysia,2022-08-24,-6.84,3.67,0.12,-2.59,2.1,1.1,2.6,71.2,38.28
Yemen,2022-09-03,-5.93,0.31,-0.34,2.96,1.6,2.8,2.0,78.2,44.82
Kazakhstan,2022-09-17,4.92,4.54,2.24,6.91,5.3,4.9,6.5,74.5,64.24
Saudi Arabia,2022-09-17,-3.1,-5.3,-4.03,-3.01,2.6,2.5,2.7,81.5,42.49
Russia,2022-09-17,8.3,7.81,5.13,7.85,4.7,3.6,3.1,82.8,64.92
Iraq,2022-09-22,-0.37,-0.95,2.52,1.23,2.4,3.0,2.1,80.0,47.84
Iran,2022-09-25,8.09,8.27,7.21,7.55,6.9,5.7,6.2,77.1,74.28
Iraq,2022-09-25,36.26,10.43,9.37,10.23,8.7,7.4,8.7,80.9,96.5
Saudi Arabia,2022-09-25,22.49,7.54,4.55,4.87,5.3,5.1,7.0,81.3,78.24
Brazil,2022-09-26,-7.06,-2.41,-3.35,-3.03,2.9,2.8,1.3,71.4,36.35
Canada,2022-09-28,-0.92,1.36,-0.55,0.11,1.2,1.2,2.7,72.5,40.61
USA,2022-10-04,-1.86,-4.61,1.71,-0.09,1.5,1.7,2.3,77.9,43.13
Iraq,2022-10-09,-2.61,-8.65,-1.16,1.66,1.3,1.6,1.5,80.0,38.48
Israel,2022-10-11,-10.3,0.9,2.5,0.87,1.9,2.4,2.7,78.3,43.08
Australia,2022-10-13,3.54,11.24,6.13,8.47,4.5,5.6,6.3,73.2,67.41
UAE,2022-10-15,9.73,12.52,3.76,9.57,6.1,6.9,7.5,78.8,80.73
Malaysia,2022-10-21,-10.0,-4.22,0.6,1.24,2.9,1.9,2.9,73.0,38.51
Iraq,2022-10-24,-1.01,3.57,2.08,-0.55,1.0,1.8,1.2,79.0,43.91
Yemen,2022-10-24,16.9,41.94,7.57,26.14,9.3,8.4,7.7,80.2,96.5
Kazakhstan,2022-10-26,-2.0,-9.05,-4.86,2.38,2.4,3.0,2.5,72.1,42.08
Iraq,2022-10-27,-11.07,1.66,-1.88,1.39,1.7,1.9,1.8,79.2,39.76
Australia,2022-10-30,-0.39,0.26,0.85,-0.79,1.7,1.0,2.9,74.6,42.51
Iran,2022-11-06,-0.13,-1.15,-1.99,-2.9,2.2,1.3,1.5,77.9,40.53
Iraq,2022-11-07,-2.8,3.36,1.0,2.23,3.9,4.0,3.9,78.9,56.54
Switzerland,2022-11-12,1.98,0.54,6.17,1.25,2.1,2.6,4.8,70.0,49.75
UAE,2022-11-27,-8.85,0.0,0.49,2.45,2.1,1.4,2.5,79.4,41.87
Saudi Arabia,2022-12-01,0.36,5.7,0.95,1.2,3.3,2.9,2.6,81.1,49.75
Yemen,2022-12-02,7.73,-0.95,1.74,-0.63,4.2,3.8,3.7,78.3,58.08
USA,2022-12-07,1.05,-2.03,-1.05,-0.14,2.6,1.8,1.4,77.9,43.02
Yemen,2022-12-08,9.55,3.71,1.1,3.73,4.3,2.3,3.7,80.1,59.22
Saudi Arabia,2022-12-10,12.72,15.3,3.55,3.7,6.8,7.4,7.4,82.5,85.26
Yemen,2022-12-30,8.64,5.01,3.01,2.31,4.4,4.2,4.9,77.9,63.58
Saudi Arabia,2023-01-02,22.5,20.45,8.24,18.5,8.8,8.0,8.7,82.5,96.5
Kazakhstan,2023-01-07,1.43,-3.58,0.98,0.07,2.7,1.8,1.5,73.3,44.77
Malaysia,2023-01-09,-8.61,-4.28,2.75,2.48,1.9,1.3,1.8,73.4,36.16
Kazakhstan,2023-01-11,27.6,35.55,10.05,20.62,7.4,9.7,9.5,74.1,96.5
Yemen,2023-01-14,14.89,18.1,5.75,5.81,5.6,7.2,7.7,80.9,83.38
Israel,2023-01-18,-1.65,10.97,1.86,5.64,3.6,5.0,3.9,77.6,60.6
Russia,2023-01-18,46.94,37.01,15.29,20.96,8.9,7.8,9.0,82.7,96.5
Ukraine,2023-02-07,0.02,9.97,3.02,-0.38,2.7,3.2,4.7,76.1,53.23
Malaysia,2023-02-08,3.89,2.36,1.4,7.81,3.2,2.6,4.9,74.2,54.91
South Africa,2023-02-14,2.39,-7.91,1.45,-2.76,1.8,1.3,1.9,71.3,39.2
Switzerland,2023-02-14,-10.23,2.6,-2.32,-0.99,2.7,2.5,2.5,70.3,38.99
South Africa,2023-02-21,4.3,3.33,5.17,6.46,5.5,5.9,7.6,71.9,68.28
Australia,2023-02-25,2.41,-1.24,2.57,-0.89,4.5,4.2,3.8,73.5,51.35
UAE,2023-03-01,43.18,23.5,16.37,7.03,7.5,9.4,9.4,80.2,96.5
Egypt,2023-03-12,-0.21,-3.02,-2.03,0.88,1.4,1.8,1.0,76.5,42.75
Russia,2023-03-12,19.36,27.1,6.19,12.74,5.3,6.7,6.2,83.9,87.57
USA,2023-03-13,5.79,6.11,2.05,2.49,2.2,3.6,4.3,76.7,56.28
Yemen,2023-03-21,8.37,2.13,2.48,3.27,3.1,4.6,5.2,80.4,61.82
Ukraine,2023-03-26,4.59,5.25,2.03,7.62,2.4,3.0,4.4,77.5,56.45
Canada,2023-03-31,4.44,10.9,7.3,5.59,4.8,6.7,5.4,73.4,70.11
Israel,2023-04-06,5.62,-1.98,4.74,0.11,4.0,2.5,4.3,78.8,55.81
Ukraine,2023-04-08,1.27,8.5,2.3,2.26,4.6,4.4,4.2,76.1,59.66
USA,2023-04-13,-5.59,-8.83,2.25,-1.9,2.0,2.5,2.9,77.8,39.96
Malaysia,2023-04-14,4.41,4.31,1.49,1.97,3.4,4.9,3.7,74.2,57.28
Egypt,2023-04-15,6.02,-0.88,-0.26,2.58,4.6,2.6,3.1,77.5,54.2
USA,2023-04-19,1.02,-1.03,2.43,-1.05,1.9,2.9,2.2,77.8,47.46
Canada,2023-04-21,-7.29,1.87,0.76,-1.9,2.3,1.7,1.1,72.5,37.62
Iraq,2023-04-24,-9.91,-7.11,-3.34,-3.58,2.3,1.3,2.4,81.3,35.97
Iraq,2023-05-06,-8.52,-4.33,-3.52,0.48,2.1,2.9,1.3,80.2,39.68
Saudi Arabia,2023-05-07,-11.21,-4.21,0.74,-3.3,2.1,2.3,2.3,82.3,40.07
Iraq,2023-05-09,-9.59,-6.91,1.68,-2.64,2.3,2.0,1.8,82.2,38.91
Saudi Arabia,2023-05-09,-6.63,-6.97,-4.72,0.73,2.4,1.3,2.5,81.7,41.47
Brazil,2023-05-27,-4.35,2.68,-2.2,1.09,2.0,1.2,1.3,72.5,39.88
Iraq,2023-06-01,8.24,2.68,1.2,0.99,3.2,3.3,4.1,81.1,59.89
Qatar,2023-06-01,14.3,12.33,4.49,11.85,6.1,5.6,7.0,78.5,79.99
Australia,2023-06-12,-3.77,-9.63,-1.82,1.35,1.1,2.8,1.2,72.7,35.21
Saudi Arabia,2023-06-14,51.78,17.99,10.18,23.6,9.3,7.5,9.8,82.9,96.5
Indonesia,2023-06-15,-1.4,3.09,1.19,-1.18,2.4,4.2,4.5,73.3,51.39
Nigeria,2023-06-19,6.56,19.78,1.63,8.35,5.2,7.1,5.1,76.2,74.44
USA,2023-06-23,23.29,27.62,14.16,14.1,8.9,7.8,8.0,78.2,96.5
Russia,2023-06-26,16.48,10.18,6.74,9.53,4.9,5.6,7.7,82.5,80.83
Iraq,2023-06-29,-6.61,-6.69,0.34,-0.74,2.1,1.5,2.2,80.3,38.83
Qatar,2023-07-01,1.68,10.05,1.69,5.83,3.6,4.7,2.9,79.4,61.14
Malaysia,2023-07-23,-10.11,-6.74,2.85,1.52,2.4,2.6,2.3,73.4,39.7
Yemen,2023-07-24,-4.73,-9.6,0.04,1.6,1.6,2.8,1.3,78.7,40.74
USA,2023-07-27,2.81,-8.64,-0.82,-3.95,1.0,2.2,2.5,76.8,42.51
Russia,2023-07-29,-3.52,0.82,-1.04,-0.42,1.6,2.6,1.4,83.2,45.72
Malaysia,2023-07-30,2.7,1.42,0.36,1.08,3.7,3.1,4.5,72.3,51.26
Indonesia,2023-08-02,-0.6,-1.64,2.84,1.83,1.6,2.2,2.5,74.6,42.79
Saudi Arabia,2023-08-05,-10.87,-9.96,-1.4,0.16,1.3,1.3,2.3,81.1,36.04
Kazakhstan,2023-08-09,-0.92,-1.12,0.07,2.06,3.8,3.4,5.0,75.4,52.57
Switzerland,2023-08-23,-10.69,-2.83,-3.44,-1.78,1.9,2.3,2.1,70.3,35.55
Nigeria,2023-08-24,7.96,1.04,0.04,2.74,2.1,4.8,4.2,78.0,55.86
Australia,2023-08-24,3.08,15.1,5.64,13.27,6.9,6.5,6.8,74.5,77.76
Egypt,2023-08-25,8.62,13.39,5.1,7.04,6.4,6.9,7.4,79.0,80.1
Israel,2023-08-28,9.28,2.14,3.56,2.32,2.0,4.3,3.4,77.9,60.21
Iraq,2023-09-05,0.66,2.76,-1.02,-2.88,1.2,1.3,1.1,81.4,43.84
Iran,2023-09-07,-8.69,-2.08,2.49,-3.02,2.8,2.9,2.2,80.4,40.95
South Africa,2023-09-09,-9.92,-1.87,1.04,1.67,1.1,1.4,2.3,73.0,34.05
UAE,2023-09-14,1.85,0.05,1.64,3.44,3.8,3.7,5.2,79.7,58.85
Qatar,2023-09-20,-0.13,6.45,-0.13,4.73,4.0,4.6,3.9,77.4,58.17
Iran,2023-09-24,3.79,5.0,5.49,1.88,4.0,4.2,4.8,79.3,60.14
Kazakhstan,2023-09-28,22.66,17.59,7.11,23.82,7.6,7.2,9.2,73.1,96.07
Qatar,2023-10-05,-0.01,2.73,1.12,-0.03,2.2,3.0,3.2,78.1,50.7
Qatar,2023-10-09,-8.68,-7.36,2.18,0.29,1.2,1.3,2.8,78.0,34.71
Malaysia,2023-10-11,-10.04,2.89,-4.1,-1.12,2.7,2.9,2.4,72.6,39.92
Israel,2023-10-12,6.79,14.55,6.59,6.1,6.6,7.2,8.8,78.9,80.49
Malaysia,2023-10-21,4.4,6.54,0.95,-0.47,3.6,4.3,2.9,72.8,55.04
Australia,2023-10-24,-1.07,-0.52,3.13,1.13,2.6,4.1,4.1,72.9,50.58
Canada,2023-11-01,7.63,6.46,4.48,11.44,7.1,7.5,6.0,71.9,75.65
Kazakhstan,2023-11-03,-1.65,-2.78,0.36,0.94,1.5,1.3,2.8,73.6,43.71
Indonesia,2023-11-05,2.81,-0.3,0.9,0.3,4.4,3.6,3.7,72.9,53.35
Iraq,2023-11-06,5.07,1.57,2.09,3.7,2.7,3.4,2.7,79.6,55.92
Indonesia,2023-11-13,0.95,-0.45,1.93,2.78,4.5,4.5,4.0,75.1,56.58
South Africa,2023-11-15,2.8,0.8,-1.04,1.85,4.6,3.6,3.4,72.6,53.14
UAE,2023-11-24,-9.24,-9.05,-0.96,-1.09,1.6,1.4,2.6,80.2,36.89
Yemen,2023-11-25,8.56,11.76,5.87,7.52,8.2,9.3,8.7,80.0,87.57
Israel,2023-12-16,-6.08,-5.17,1.18,-2.97,2.1,2.8,2.1,79.7,41.75
Israel,2023-12-19,-2.37,11.01,0.45,1.17,3.9,3.9,3.3,79.7,55.7
Indonesia,2024-01-02,0.94,-2.61,0.11,0.18,1.9,1.5,1.7,75.9,41.47
Iraq,2024-01-03,-2.33,-8.98,0.37,-2.25,3.0,2.1,2.5,82.0,44.7
UAE,2024-01-04,-3.0,4.3,2.32,0.75,4.5,3.1,3.5,81.1,53.28
Indonesia,2024-01-05,-5.55,2.73,1.16,0.59,2.8,2.8,2.4,73.9,43.82
UAE,2024-01-10,-2.2,2.23,1.96,-0.36,3.0,3.4,4.4,82.1,51.97
Yemen,2024-01-20,-2.77,-0.56,-2.12,0.59,2.0,2.4,2.6,80.8,44.13
Australia,2024-01-27,2.8,7.27,6.38,10.98,5.5,6.8,5.1,75.9,71.85
Australia,2024-01-28,2.55,-3.85,-2.97,0.13,1.3,1.4,1.8,75.5,42.79
Ukraine,2024-01-30,12.93,25.2,10.21,29.77,7.9,7.4,8.9,78.0,96.5
Kazakhstan,2024-02-02,2.08,-8.12,-4.08,-3.25,1.6,2.3,2.6,75.2,40.58
Israel,2024-02-04,-9.18,-9.04,-3.91,-3.23,2.1,1.5,2.3,80.3,36.18
Yemen,2024-02-25,3.57,8.99,1.47,3.98,4.5,3.7,4.1,81.0,62.34
UAE,2024-03-01,5.56,-0.08,4.22,3.34,3.6,3.2,5.1,81.3,59.45
Russia,2024-03-01,11.65,21.38,9.32,10.18,6.5,5.5,5.3,84.0,82.35
Switzerland,2024-03-04,2.51,2.44,4.85,2.13,5.0,7.5,5.6,71.2,61.88
South Africa,2024-03-06,-0.61,-8.95,2.61,0.4,1.3,1.3,1.5,71.7,37.91
Canada,2024-03-13,0.87,5.79,2.94,3.39,2.1,3.5,4.9,71.8,51.12
Malaysia,2024-03-14,-4.82,-7.05,-3.71,1.83,2.4,2.0,2.6,72.6,41.77
Malaysia,2024-04-05,2.15,-5.41,-0.12,0.53,1.9,2.2,2.3,74.2,41.73
USA,2024-04-07,4.75,6.04,4.21,13.52,6.0,6.1,5.9,79.7,73.48
Iran,2024-04-15,15.0,16.83,8.78,8.29,8.3,9.1,9.3,81.5,95.3
Egypt,2024-04-23,-6.34,1.69,-0.44,-3.85,1.7,1.8,1.2,78.2,39.36
Brazil,2024-04-23,8.33,5.14,2.06,6.31,6.4,5.8,5.8,74.8,71.03
UAE,2024-04-24,-0.89,3.19,5.22,2.85,4.0,3.4,5.0,80.1,57.54
Qatar,2024-04-27,-4.37,-2.94,2.59,-2.11,2.2,1.5,1.5,79.9,39.82
USA,2024-05-01,-9.71,0.03,1.78,2.54,1.1,2.6,2.9,77.9,42.68
USA,2024-05-02,12.32,19.92,4.54,12.16,5.8,5.0,6.5,79.0,77.27
Yemen,2024-05-04,-0.88,-2.28,-1.58,-3.93,2.3,1.5,2.5,80.1,45.23
Qatar,2024-05-05,6.83,5.4,0.71,-1.06,4.3,2.8,3.4,78.9,58.06
Iraq,2024-05-05,13.23,3.4,4.86,2.28,6.7,6.4,6.2,82.4,77.73
Ukraine,2024-05-05,2.07,7.29,3.16,9.85,3.5,4.7,3.9,76.5,61.96
Malaysia,2024-05-11,-9.54,-7.23,-1.61,0.24,1.9,1.9,2.0,74.6,34.63
Switzerland,2024-05-12,-4.55,-7.09,2.46,-1.69,1.6,1.1,2.4,71.8,37.26
Brazil,2024-05-13,-1.02,1.42,2.82,-0.27,2.1,1.2,1.5,74.7,40.64
Iran,2024-05-21,-5.03,-3.81,-3.29,-0.69,2.2,2.3,1.9,78.3,41.24
USA,2024-05-24,33.82,32.6,8.54,22.38,7.9,8.1,7.5,79.7,96.5
Yemen,2024-05-25,-0.45,0.69,3.64,-0.17,3.2,4.9,3.3,81.2,57.09
Iran,2024-05-29,2.8,-9.07,2.68,1.29,1.9,2.7,1.4,80.0,44.93
Russia,2024-06-03,-1.99,4.35,3.23,1.03,3.4,2.9,2.5,86.0,53.67
Egypt,2024-06-03,-1.17,9.37,-0.41,-0.29,3.6,4.5,3.7,78.7,54.87
Yemen,2024-06-08,-9.58,-6.02,0.29,0.9,1.2,3.0,1.2,81.1,41.6
UAE,2024-06-13,-6.62,-1.72,0.63,-1.54,1.6,2.5,1.5,82.2,41.61
Egypt,2024-06-21,-2.46,7.98,1.3,4.5,4.4,2.7,3.3,78.6,54.79
Malaysia,2024-06-23,6.91,12.73,3.32,19.75,5.0,6.8,7.5,73.1,77.81
Yemen,2024-06-30,2.76,1.7,0.53,1.15,2.8,4.1,4.1,81.8,56.26
Indonesia,2024-07-08,0.47,-0.99,0.47,5.87,3.3,4.1,2.9,74.0,52.55
Indonesia,2024-07-16,-11.32,-9.28,-0.51,-1.46,1.7,1.8,1.5,73.6,33.7
Saudi Arabia,2024-07-17,39.62,18.98,8.29,16.82,8.9,8.7,9.5,83.4,96.5
Russia,2024-07-28,-8.61,0.4,-4.26,1.91,3.0,1.8,1.1,84.9,43.89
Saudi Arabia,2024-08-06,-0.24,-3.57,-4.01,2.0,1.1,1.2,2.4,82.7,41.97
Yemen,2024-08-10,8.97,10.64,5.89,7.45,8.0,9.3,9.0,81.8,86.57
Russia,2024-08-12,26.59,43.66,7.49,37.75,8.7,9.0,9.5,85.0,96.5
Yemen,2024-08-18,6.15,-1.55,3.56,2.7,3.6,4.9,3.5,79.5,61.2
Ukraine,2024-08-18,7.15,14.17,4.83,17.3,5.8,5.4,6.7,76.7,75.23
Iraq,2024-08-24,2.51,3.84,-0.2,-0.61,2.6,4.9,3.3,82.3,54.8
Iraq,2024-08-27,10.47,11.24,2.75,8.46,6.3,5.4,7.0,80.4,76.84
Egypt,2024-08-29,5.21,0.04,2.96,4.07,3.3,2.6,5.1,79.0,57.41
South Africa,2024-09-07,4.05,5.31,8.14,7.6,5.6,5.3,6.7,72.6,67.09
Ukraine,2024-09-18,8.55,8.25,3.62,10.38,5.7,5.3,6.5,78.1,71.93
Israel,2024-09-25,18.11,21.76,5.69,10.37,5.6,5.3,5.5,78.7,82.39
Iraq,2024-10-09,0.13,2.38,1.77,0.18,4.6,4.1,3.2,82.3,61.72
Israel,2024-10-12,-4.93,-5.35,0.92,-2.52,2.6,1.6,1.7,80.7,40.99
Russia,2024-10-17,-3.32,8.61,1.72,3.89,3.8,4.4,3.7,86.0,60.99
Switzerland,2024-10-18,-3.17,0.34,-3.43,1.07,2.4,1.7,2.3,71.6,42.26
Saudi Arabia,2024-10-21,-1.61,-0.9,1.81,1.97,2.9,1.7,1.9,83.2,47.32
Saudi Arabia,2024-10-24,19.43,21.3,11.46,9.49,9.6,7.7,8.7,81.5,96.5
USA,2024-10-28,-8.21,2.06,-4.09,-3.54,1.7,2.9,2.0,77.3,41.4
Ukraine,2024-11-16,2.66,-0.93,-2.69,-3.83,2.5,2.0,2.3,76.2,43.32
Israel,2024-11-18,-7.3,3.7,-1.01,2.81,1.9,1.5,2.4,79.7,41.94
USA,2024-12-01,8.1,10.0,6.25,3.6,7.2,7.3,6.4,79.9,77.36
Russia,2024-12-06,-1.92,8.3,-0.94,7.47,4.3,2.3,4.0,84.9,59.94
Saudi Arabia,2024-12-08,16.79,15.72,2.86,3.16,5.5,5.8,5.5,84.0,78.15
Russia,2024-12-10,-5.55,-9.41,-2.08,2.53,1.7,2.1,1.1,85.3,41.75
Egypt,2024-12-28,3.2,2.52,2.32,6.19,4.5,2.4,4.6,79.7,57.79
Yemen,2025-01-03,-3.33,1.17,0.12,1.27,3.0,4.2,5.0,81.4,55.38
USA,2025-01-06,7.47,8.45,3.77,-0.59,3.0,4.3,4.2,80.5,62.91
Russia,2025-01-07,-1.74,-2.45,-0.36,0.29,2.3,2.3,2.3,85.8,48.21
Iran,2025-01-08,4.5,1.78,0.62,2.95,2.2,4.0,2.6,80.7,53.4
UAE,2025-01-16,-1.93,-6.18,-3.74,-3.2,2.1,2.5,1.6,80.6,42.88
USA,2025-01-20,3.5,5.1,1.39,3.83,4.2,3.0,4.4,80.5,57.68
Iraq,2025-01-27,16.28,11.42,2.96,6.34,5.3,7.2,6.1,81.6,80.56
Qatar,2025-01-29,0.36,-4.44,-4.18,-0.42,1.9,2.4,1.5,79.1,42.94
Iran,2025-02-03,-2.99,7.44,1.18,-0.25,4.2,4.1,4.5,80.6,58.16
Canada,2025-02-04,-1.16,-0.54,3.07,7.19,4.6,4.2,2.7,73.1,52.5
UAE,2025-02-14,11.2,8.18,12.33,6.8,6.9,7.9,7.5,82.7,82.88
Canada,2025-02-26,-4.53,-2.79,-1.01,-1.84,1.6,2.5,2.2,72.5,37.69
Iraq,2025-03-17,7.61,2.69,0.01,1.1,4.0,2.6,3.1,83.8,57.01
South Africa,2025-03-21,-0.18,2.98,1.05,5.65,2.4,3.5,2.8,74.3,50.74
Egypt,2025-03-30,7.43,19.28,5.56,8.3,5.2,5.5,5.7,78.6,75.78
Israel,2025-04-16,-4.2,2.84,-4.9,0.9,2.1,2.7,2.1,81.4,46.76
Iraq,2025-04-20,-7.37,-4.96,2.06,-0.74,1.9,2.3,1.6,81.7,40.0
Israel,2025-05-01,1.35,2.82,0.05,2.16,1.5,1.4,2.6,79.8,45.52
Nigeria,2025-05-08,-3.51,5.58,-0.09,1.56,3.1,3.8,2.6,77.4,50.04
Iraq,2025-05-08,21.7,5.61,1.65,4.4,5.0,6.8,7.2,81.1,82.26
Qatar,2025-05-16,-8.68,3.72,2.74,-3.74,2.3,2.6,2.6,80.1,45.15
Russia,2025-05-18,15.63,27.12,7.28,7.61,6.6,7.0,5.8,85.5,89.04
Qatar,2025-05-18,8.66,18.24,7.72,9.02,7.3,8.1,7.6,83.8,87.17
Yemen,2025-05-21,8.51,16.71,3.44,3.32,6.3,6.9,6.9,83.0,80.02
Russia,2025-05-22,-3.33,-1.98,0.25,-1.96,1.5,2.3,2.6,85.8,46.22
Qatar,2025-05-23,9.44,9.4,1.55,12.42,4.8,6.6,7.4,78.2,76.58
UAE,2025-05-26,13.11,11.81,10.48,6.07,4.6,6.5,5.1,81.7,79.21
Indonesia,2025-06-02,-3.42,1.76,-3.77,-1.47,1.5,1.1,1.6,76.2,37.92
Switzerland,2025-06-06,-1.87,-6.5,0.96,1.38,2.1,1.7,1.7,71.7,39.14
Saudi Arabia,2025-06-11,-6.62,-6.22,-2.31,-3.78,1.9,1.4,1.7,83.8,39.38
Russia,2025-06-12,1.9,-4.66,1.58,-3.78,2.2,1.6,2.4,85.5,46.75
Malaysia,2025-06-13,2.08,1.91,-1.26,-2.65,2.1,2.0,3.0,75.9,45.27
