country,event_date,india_import_dependency,india_export_dependency,energy_dependency,commodity_dependency,trade_value,trade_disruption,shipping_disruption,strategic_route_exposure
Canada,2015-01-29,5.5,5.3,7.3,22.5,815.9,4.7,3.7,5.2
Singapore,2015-02-01,17.4,18.5,11.3,22.7,3584.7,4.1,6.0,7.8
China,2015-02-01,47.3,12.1,5.9,51.8,12655.8,8.7,6.9,8.5
Russia,2015-02-10,39.3,4.2,42.1,18.2,4817.7,7.5,7.9,8.2
Nigeria,2015-02-18,11.0,2.8,14.1,15.4,1751.7,7.6,7.0,6.2
UK,2015-03-01,6.9,15.6,1.7,8.3,2086.0,3.0,5.7,6.2
Ukraine,2015-03-06,9.2,2.1,1.6,40.6,1232.8,8.5,9.0,8.2
Kuwait,2015-03-22,15.9,2.9,21.6,9.8,1673.7,4.3,7.8,8.2
Malaysia,2015-04-01,17.5,5.9,6.2,42.2,1379.4,5.7,7.5,7.1
UAE,2015-04-15,22.8,34.3,22.1,32.0,7070.3,5.9,6.3,8.1
Germany,2015-04-27,12.0,11.1,1.3,19.4,2581.7,4.1,4.3,5.0
USA,2015-05-02,20.7,47.9,8.8,18.2,9255.1,5.3,4.4,4.5
Indonesia,2015-05-10,15.1,9.3,17.7,37.9,1813.3,7.0,5.9,7.5
Iraq,2015-05-21,26.2,3.3,31.9,19.7,3287.8,7.3,7.5,9.2
Kuwait,2015-05-22,13.6,3.2,21.8,11.1,1203.9,5.7,7.5,7.9
UAE,2015-05-23,25.8,23.3,21.3,39.2,7650.7,5.6,7.3,7.5
China,2015-05-28,50.8,13.6,5.7,58.2,8327.4,7.9,6.6,7.2
Iraq,2015-06-01,24.7,4.6,33.7,10.4,3225.4,7.1,8.5,9.1
South Africa,2015-06-06,13.3,10.6,14.9,29.0,1369.6,5.0,4.8,6.9
Qatar,2015-06-06,17.7,3.0,42.6,26.7,1308.0,6.4,8.3,8.6
Egypt,2015-06-06,4.2,7.9,6.2,13.6,591.6,6.6,8.4,8.6
Australia,2015-06-11,17.6,8.3,19.6,42.7,1972.6,3.5,5.5,5.6
Singapore,2015-06-17,15.2,20.8,9.8,19.4,2721.8,4.9,5.7,6.6
UAE,2015-06-18,21.4,33.9,18.6,37.7,6865.4,4.2,6.9,7.4
Iraq,2015-06-20,21.3,4.0,33.8,17.5,3827.4,8.0,7.0,8.7
South Africa,2015-06-30,14.3,8.8,11.8,20.2,1808.4,3.7,4.0,6.9
South Africa,2015-07-01,15.9,8.4,12.6,19.6,1735.5,3.9,4.9,5.4
USA,2015-07-02,19.9,37.9,12.0,15.4,12931.1,5.1,3.7,6.1
South Korea,2015-07-05,23.1,10.8,6.4,42.4,1809.5,4.1,4.3,7.1
Ukraine,2015-07-07,8.3,1.9,4.6,39.6,1059.5,7.8,7.4,8.3
Yemen,2015-07-13,1.6,3.1,3.3,5.6,328.7,9.4,8.9,9.0
Malaysia,2015-07-19,15.7,9.0,10.2,30.7,1977.3,4.2,7.6,6.8
Yemen,2015-07-20,1.2,5.7,2.6,8.7,364.0,7.7,9.6,9.3
USA,2015-07-22,16.6,39.4,10.3,20.4,10861.4,4.4,3.5,4.4
Israel,2015-07-22,5.4,8.9,3.7,12.4,1105.8,8.2,7.2,7.4
Kuwait,2015-07-28,12.6,4.4,25.5,15.7,1508.3,5.8,7.3,7.5
Saudi Arabia,2015-08-10,19.8,11.3,28.2,22.4,3267.0,5.6,7.6,7.7
South Africa,2015-09-01,15.6,8.5,17.8,23.4,2003.2,6.2,4.4,5.5
Iraq,2015-09-17,20.6,3.5,31.9,17.6,4268.4,6.8,8.0,7.5
USA,2015-09-18,22.7,47.2,9.7,14.1,12292.0,3.4,3.9,4.2
Russia,2015-10-02,26.9,4.1,39.2,26.3,6352.9,8.6,8.3,8.4
Singapore,2015-10-11,17.0,20.4,10.0,19.2,3014.3,3.5,5.3,7.4
Egypt,2015-10-13,4.4,4.2,9.9,11.0,1167.7,7.7,8.3,9.0
Qatar,2015-10-13,18.0,5.3,47.5,20.9,1210.9,4.7,7.6,8.6
USA,2015-10-18,19.8,41.2,12.5,21.0,13366.3,4.2,5.2,5.3
UAE,2015-10-22,23.5,30.3,21.8,29.6,7506.8,4.6,5.5,7.1
Russia,2015-10-31,35.2,3.5,33.1,22.1,5776.4,7.6,6.1,7.0
Nigeria,2015-11-06,9.2,3.8,17.6,8.9,1091.1,7.9,6.7,6.9
Ukraine,2015-11-08,13.5,2.2,1.4,28.0,613.4,7.6,9.1,8.3
Saudi Arabia,2015-11-18,25.0,7.7,32.7,19.4,4085.0,4.6,8.6,7.4
South Korea,2015-11-25,19.5,6.6,4.3,32.5,2693.0,3.8,4.9,7.4
Australia,2015-11-25,17.3,6.0,23.8,34.5,1650.7,5.1,5.0,5.4
USA,2015-11-25,22.9,34.9,8.8,19.5,11509.5,5.2,5.4,5.5
Saudi Arabia,2015-11-27,23.9,10.6,32.0,20.9,4056.5,6.7,8.5,8.4
Iran,2015-11-30,7.1,7.1,23.5,12.4,1290.9,7.4,9.5,9.1
Qatar,2015-12-01,16.7,2.7,38.4,20.5,1910.0,5.4,7.4,9.1
Qatar,2015-12-15,12.2,5.0,42.9,25.2,2282.8,4.6,7.0,8.7
USA,2015-12-28,17.4,44.1,8.4,12.8,11440.2,4.1,4.9,4.9
USA,2015-12-29,22.7,46.5,10.8,16.1,11770.1,4.3,3.9,4.5
UK,2016-01-01,10.8,16.1,3.3,9.8,1463.0,3.4,5.3,6.4
USA,2016-01-02,20.2,39.6,8.2,13.7,9582.1,4.8,5.7,5.0
Indonesia,2016-01-02,16.0,8.6,20.5,51.7,2893.5,6.2,5.6,7.5
Qatar,2016-01-14,14.0,4.8,37.9,20.2,1898.0,5.3,6.2,8.1
Nigeria,2016-01-25,9.8,3.8,17.8,8.3,1168.2,7.2,5.8,7.8
South Africa,2016-02-01,11.4,7.2,11.6,20.5,1380.1,6.1,5.2,5.5
Russia,2016-02-01,39.4,3.8,37.7,21.6,4981.0,6.7,7.1,9.0
South Korea,2016-02-08,17.8,7.5,6.8,39.0,2228.8,3.7,4.2,6.4
Ukraine,2016-02-09,13.3,1.7,4.6,35.8,1108.5,7.8,9.0,8.1
Canada,2016-02-16,5.4,4.9,4.0,23.9,1201.6,4.9,4.5,5.1
Malaysia,2016-02-17,14.3,6.9,9.0,45.1,1931.0,5.3,6.7,7.7
Iraq,2016-02-25,20.9,2.5,41.5,11.5,4345.3,7.5,6.7,9.4
Vietnam,2016-02-26,11.9,12.2,1.3,16.2,2054.3,4.8,5.8,5.6
Canada,2016-02-29,7.4,3.5,4.4,22.4,1145.8,3.7,4.1,5.0
Iraq,2016-03-07,19.4,2.0,42.5,19.8,2957.6,8.0,7.5,8.8
Iraq,2016-03-15,21.5,4.2,33.8,10.3,3809.7,5.7,8.1,9.3
South Korea,2016-03-23,20.3,9.1,4.6,33.0,2046.0,4.3,4.4,6.5
Iraq,2016-03-23,24.1,4.6,31.5,15.6,3644.2,6.0,6.8,7.9
Saudi Arabia,2016-03-25,22.1,12.4,35.8,23.7,3975.8,5.9,6.4,8.2
Qatar,2016-03-31,21.6,5.3,49.0,21.8,1553.6,4.7,7.5,8.2
Kuwait,2016-04-03,10.8,4.4,23.2,15.9,1065.9,6.7,6.4,7.1
Saudi Arabia,2016-04-12,20.2,12.2,30.1,22.8,3473.2,7.4,6.9,8.8
Germany,2016-04-15,11.3,10.0,3.2,19.2,3140.7,4.5,5.5,5.0
Russia,2016-04-17,36.8,3.9,28.5,26.2,4002.5,7.2,8.5,8.6
Ukraine,2016-04-19,7.2,2.9,1.6,38.6,818.7,8.0,8.8,7.2
Ukraine,2016-04-26,8.6,1.2,3.5,23.1,690.5,8.5,7.7,8.8
Egypt,2016-04-27,6.3,8.6,8.3,7.7,951.4,6.8,8.2,8.7
USA,2016-04-29,21.2,44.9,14.8,21.7,14061.1,4.5,5.0,4.1
Brazil,2016-05-09,10.2,10.4,9.6,33.2,1729.1,3.7,4.2,6.1
China,2016-05-09,54.0,10.9,3.3,67.0,10550.1,7.3,7.5,7.2
Iran,2016-05-12,6.3,7.0,14.1,10.8,1483.0,8.5,8.0,9.1
Indonesia,2016-05-15,18.5,5.7,20.3,35.8,2139.9,5.5,7.0,6.5
UAE,2016-05-22,25.5,31.0,15.1,28.6,8214.2,5.0,7.0,7.5
UAE,2016-05-23,24.7,27.9,23.6,37.2,6498.2,5.2,7.8,8.5
Egypt,2016-05-30,5.3,5.0,7.4,12.6,832.9,6.3,8.9,8.3
Singapore,2016-06-05,13.9,19.4,8.1,25.6,3171.6,4.1,4.9,8.2
Australia,2016-06-09,15.8,6.8,26.0,41.1,2804.6,4.7,5.5,4.6
Ukraine,2016-06-10,11.0,3.8,3.8,23.6,700.5,7.4,7.1,8.5
Egypt,2016-06-13,4.6,7.4,7.9,8.8,1190.2,8.1,7.5,8.6
Kuwait,2016-06-15,14.0,2.3,18.1,10.3,1419.4,5.2,8.1,7.5
Germany,2016-07-03,12.1,12.5,3.4,19.0,2806.7,3.5,4.9,4.9
UAE,2016-07-09,30.6,29.5,17.7,33.0,7544.2,4.3,7.1,7.6
Iran,2016-07-11,13.1,7.1,21.4,18.1,1215.4,8.5,8.3,9.1
Brazil,2016-07-18,13.1,10.2,4.9,24.5,1462.8,4.0,5.3,5.9
Egypt,2016-07-25,4.0,5.8,7.5,6.9,742.5,8.1,9.0,9.0
Indonesia,2016-08-02,21.3,9.5,18.9,49.0,2214.2,5.1,5.8,6.6
Iraq,2016-08-02,23.6,5.0,37.2,13.8,4341.9,6.9,7.9,8.6
Australia,2016-08-04,16.1,7.9,20.4,38.4,2474.6,5.4,4.0,6.6
Brazil,2016-08-11,8.2,6.1,9.0,29.7,1459.8,3.5,5.4,4.5
China,2016-08-21,41.6,14.0,6.2,45.1,8527.9,7.4,5.2,8.0
Ukraine,2016-08-28,13.2,2.7,4.9,33.1,674.5,7.8,7.4,8.0
Russia,2016-09-01,26.0,4.3,43.7,34.7,5435.4,6.9,6.2,8.5
South Korea,2016-09-03,23.8,7.4,4.8,32.0,2284.4,5.1,4.2,6.4
Netherlands,2016-09-04,9.3,19.9,2.7,8.2,2043.7,4.8,5.5,5.6
Vietnam,2016-09-09,14.1,9.2,4.0,24.7,1735.3,3.8,5.2,7.5
China,2016-09-11,45.3,11.1,2.1,52.9,9726.7,7.2,6.4,6.9
Vietnam,2016-09-11,12.3,9.1,1.9,24.1,1411.5,4.6,4.5,6.4
Ukraine,2016-09-13,9.1,1.5,4.7,36.2,781.2,9.4,8.8,8.1
Iraq,2016-09-17,27.7,3.4,32.6,16.7,2759.2,7.4,7.3,8.4
Canada,2016-09-18,4.1,5.1,3.7,26.7,1299.5,4.0,3.9,5.0
UK,2016-10-04,6.7,21.9,2.7,11.5,1722.6,3.0,5.8,5.8
Netherlands,2016-10-07,9.0,28.8,5.2,7.3,2031.8,3.5,6.3,5.5
Israel,2016-10-19,7.3,13.8,3.6,15.5,1535.0,7.9,8.3,7.6
Germany,2016-10-26,17.5,14.7,2.5,18.8,2292.8,2.8,4.6,4.9
Germany,2016-10-27,17.0,10.7,2.1,12.8,2916.7,4.2,4.3,6.1
Egypt,2016-10-28,5.7,4.6,5.3,7.7,831.0,7.1,7.9,9.2
Iraq,2016-11-10,23.7,4.5,40.2,15.4,3334.4,7.7,8.6,8.9
South Africa,2016-11-12,9.2,6.3,9.9,30.6,1655.9,5.7,5.3,6.1
China,2016-11-30,47.9,11.2,3.5,67.3,11293.2,7.9,6.7,6.8
Saudi Arabia,2016-12-01,20.8,10.3,37.3,23.1,3674.6,6.8,7.1,7.6
Malaysia,2016-12-07,15.3,6.5,11.9,28.5,1783.7,4.1,5.4,7.8
Russia,2016-12-14,41.6,5.4,30.3,31.3,5070.7,8.9,6.8,8.1
Iran,2016-12-23,6.8,7.7,18.6,15.8,1362.3,8.2,8.9,9.7
Kuwait,2016-12-31,13.7,4.3,19.6,9.5,1314.1,5.8,6.1,8.5
USA,2016-12-31,23.1,44.4,15.3,16.4,8667.1,4.2,4.7,4.4
USA,2017-01-03,16.7,36.5,14.6,20.9,10705.7,4.8,4.9,5.6
South Korea,2017-01-04,21.3,8.8,5.2,42.7,1983.9,3.8,5.2,6.6
Malaysia,2017-01-20,11.9,6.5,7.5,30.1,1908.0,6.0,7.1,6.6
Qatar,2017-01-21,16.1,5.9,45.8,26.4,2285.1,7.0,8.4,7.9
South Africa,2017-02-04,8.8,9.2,8.4,30.4,1395.9,5.9,5.3,6.3
UK,2017-02-09,8.9,21.4,1.0,11.1,2074.1,3.1,4.8,5.7
Nigeria,2017-02-13,14.0,5.2,16.1,17.8,2084.4,7.0,7.6,6.0
USA,2017-02-14,18.5,34.0,11.5,12.1,10405.6,3.0,4.0,4.9
Indonesia,2017-02-16,18.7,5.2,17.8,44.3,2308.6,6.4,5.3,6.9
UAE,2017-02-18,27.2,32.6,22.3,32.0,7117.6,4.3,7.2,7.9
UAE,2017-02-19,25.4,23.9,21.8,35.5,8471.2,5.5,7.7,7.9
Saudi Arabia,2017-02-22,17.8,12.3,33.0,15.2,4471.8,5.3,6.7,8.5
Saudi Arabia,2017-02-25,23.3,7.8,35.5,17.0,5399.8,7.4,6.0,7.5
UAE,2017-03-03,28.1,31.4,22.3,39.3,8720.5,6.7,7.1,7.6
Iran,2017-03-06,9.1,3.8,20.4,14.9,1480.0,9.4,9.5,9.5
Indonesia,2017-03-07,18.3,5.6,21.6,44.7,3269.9,5.7,5.4,6.1
Australia,2017-03-12,14.5,5.9,16.2,47.5,2705.3,4.2,6.1,5.1
Australia,2017-03-20,21.8,5.0,17.5,42.5,1753.6,3.6,5.8,5.6
Nigeria,2017-03-20,13.4,4.3,14.6,15.5,2201.4,7.3,6.9,5.9
South Africa,2017-03-31,10.5,8.8,9.0,24.7,1936.4,5.1,5.6,5.7
Vietnam,2017-04-09,14.2,11.6,3.9,19.2,1767.0,4.2,4.9,6.8
Netherlands,2017-04-13,6.1,19.3,5.4,13.5,2897.9,3.4,4.9,6.0
Iran,2017-04-17,10.0,6.4,15.6,20.8,1307.0,7.6,7.9,8.5
UAE,2017-04-24,30.0,26.6,23.6,27.0,6602.2,6.9,6.7,7.0
Yemen,2017-04-25,3.3,5.5,7.0,9.5,553.5,9.0,9.6,9.5
USA,2017-04-26,17.4,37.2,12.7,19.6,13968.8,4.6,4.2,5.0
China,2017-05-04,42.0,11.9,2.4,67.9,12203.7,6.3,7.3,8.3
Iran,2017-05-06,13.0,7.0,18.7,19.6,1319.8,8.0,8.2,8.7
Iraq,2017-05-15,27.9,3.6,35.0,19.3,3771.8,6.6,6.5,8.8
China,2017-05-23,39.3,13.5,6.7,46.8,12006.1,8.1,5.1,6.7
Canada,2017-06-06,7.6,4.7,3.6,17.7,1234.2,4.3,4.5,4.9
Brazil,2017-06-25,7.4,11.8,6.6,24.1,1954.4,4.3,4.6,6.1
China,2017-06-28,42.6,15.6,6.1,65.9,11467.4,6.6,6.8,8.2
Qatar,2017-06-28,20.9,4.3,50.9,19.9,2003.4,4.9,6.2,8.3
Indonesia,2017-07-01,15.5,8.0,22.3,52.2,2335.6,4.9,6.4,7.1
Russia,2017-07-01,35.9,6.5,37.3,21.6,5506.3,8.6,8.4,8.5
USA,2017-07-09,16.1,40.9,12.7,19.2,11429.0,3.5,4.0,5.3
Saudi Arabia,2017-07-15,23.6,13.8,31.0,20.6,4484.4,5.8,6.6,8.0
South Africa,2017-07-27,8.4,7.5,15.2,19.4,2002.7,3.5,5.4,6.9
Saudi Arabia,2017-07-27,23.2,13.9,37.6,21.7,4349.6,7.1,6.0,8.2
Iraq,2017-07-28,27.5,4.5,37.2,15.7,4254.8,6.6,8.3,8.3
China,2017-09-08,54.8,12.5,7.4,59.4,11555.7,7.7,5.9,7.1
USA,2017-09-12,24.6,37.5,9.5,16.2,11586.5,4.9,4.3,4.9
Brazil,2017-09-18,6.7,8.0,6.7,29.7,1612.5,4.9,5.4,4.4
Russia,2017-09-19,38.7,6.1,31.3,26.7,5334.9,7.0,8.8,8.1
Australia,2017-09-25,18.9,5.5,21.2,35.7,2641.2,3.4,4.3,5.4
Malaysia,2017-09-27,12.2,7.5,10.4,34.8,2177.9,4.0,6.4,7.3
Indonesia,2017-09-28,20.5,8.2,24.8,54.7,3418.1,4.9,6.7,7.0
Iraq,2017-09-28,24.3,4.3,41.0,13.3,2904.9,7.1,8.7,7.9
UAE,2017-09-29,25.9,31.9,22.6,36.0,8240.9,6.4,5.7,7.4
Iran,2017-10-01,6.7,7.1,21.4,16.3,1510.7,9.5,8.1,9.6
Singapore,2017-10-16,18.0,18.6,6.6,23.8,3028.0,3.8,5.1,8.2
Kuwait,2017-10-20,8.7,2.5,26.5,13.1,1762.3,5.1,6.2,7.0
Russia,2017-10-23,25.3,3.8,30.5,29.4,5384.6,7.1,8.1,8.4
Yemen,2017-10-29,1.3,4.5,7.6,10.0,496.4,7.6,9.5,9.6
Australia,2017-11-04,18.5,7.6,18.0,43.2,1736.4,5.0,5.3,4.7
UK,2017-11-06,10.4,16.9,2.0,9.0,2125.7,2.7,5.5,6.3
Iran,2017-11-06,10.9,5.2,14.4,18.4,1092.5,7.5,8.5,9.5
USA,2017-11-08,23.6,33.5,11.4,14.8,9785.8,4.9,5.0,4.6
Brazil,2017-11-11,6.7,9.2,8.6,25.0,2326.2,4.9,5.6,5.7
Nigeria,2017-11-13,11.8,5.0,14.6,17.5,1421.4,6.0,7.7,5.9
Yemen,2017-12-04,1.2,5.1,4.3,6.0,287.1,9.7,8.9,9.3
Qatar,2017-12-09,16.5,3.6,40.4,20.1,1461.3,4.5,7.8,7.6
Malaysia,2017-12-11,16.7,6.4,12.2,36.7,1626.7,5.0,7.1,6.7
Netherlands,2017-12-21,8.2,18.9,2.5,8.5,2200.6,3.8,6.9,6.4
USA,2017-12-22,22.3,35.4,12.9,18.9,15853.4,3.5,3.8,4.2
UAE,2017-12-22,20.3,30.8,19.2,38.4,6792.9,6.8,6.3,7.4
Kuwait,2018-01-01,12.7,2.8,22.0,13.7,1149.1,4.6,6.7,7.1
Australia,2018-01-06,15.6,4.4,26.1,39.2,2652.9,5.2,6.0,4.7
Nigeria,2018-01-09,12.0,2.5,23.4,14.0,2355.6,6.6,7.0,6.6
Kuwait,2018-01-14,11.2,4.7,27.4,15.5,1829.0,5.7,7.0,7.3
UAE,2018-01-18,23.4,29.1,16.4,39.5,9500.3,6.7,7.4,7.1
Malaysia,2018-01-19,10.2,9.1,8.4,33.0,2026.0,5.7,5.5,7.9
UK,2018-01-22,10.6,13.8,2.6,11.5,1861.6,4.8,5.1,6.1
USA,2018-02-03,17.2,47.2,12.3,17.9,12726.8,4.9,5.5,5.0
Malaysia,2018-02-04,12.1,9.1,9.9,42.5,2315.7,4.7,5.5,8.1
UK,2018-02-04,7.6,12.2,2.9,12.1,1692.1,3.3,4.8,4.8
Russia,2018-02-07,32.7,4.1,39.1,24.4,4514.6,8.1,7.1,8.4
Iraq,2018-02-20,26.6,2.8,40.7,18.9,3509.9,5.9,8.6,9.3
Russia,2018-03-12,40.0,6.3,37.4,27.1,6891.3,7.7,8.6,8.3
Indonesia,2018-03-18,22.5,9.1,14.6,47.6,2578.1,5.4,6.1,6.7
USA,2018-03-19,23.5,36.7,10.9,15.0,14967.9,3.3,3.6,4.1
Iran,2018-03-20,7.7,4.6,23.4,16.5,974.1,7.1,9.6,8.6
Ukraine,2018-03-20,9.9,1.8,1.0,36.9,588.3,8.4,8.1,7.4
Australia,2018-03-27,19.8,5.2,18.9,47.4,2881.4,5.6,4.3,6.1
Indonesia,2018-04-02,19.5,7.5,21.7,36.6,2973.2,6.2,5.6,6.6
UK,2018-04-07,9.0,18.9,1.7,9.0,1829.7,4.8,4.2,6.0
Kuwait,2018-04-12,13.5,3.5,23.8,12.5,2045.0,6.2,6.6,8.0
Saudi Arabia,2018-04-13,25.2,11.0,32.5,21.3,5367.4,5.3,8.5,9.2
Qatar,2018-04-14,20.6,5.5,41.5,20.9,2659.2,5.0,6.9,8.6
UAE,2018-04-15,21.8,26.4,20.2,37.7,8916.1,4.8,6.5,7.8
Canada,2018-04-24,6.2,3.5,7.5,21.9,1589.5,4.4,4.1,4.5
Iran,2018-05-05,13.3,7.7,24.2,14.7,1763.4,9.5,7.9,9.3
Saudi Arabia,2018-05-10,26.0,7.1,33.7,13.9,4486.4,6.4,7.6,9.1
Indonesia,2018-05-13,18.1,8.9,16.6,49.5,3547.7,5.7,6.8,6.2
Iran,2018-05-17,11.9,6.4,14.7,12.9,1072.5,8.0,8.1,9.0
Kuwait,2018-05-21,12.6,4.0,28.4,11.6,1590.4,5.1,7.7,7.7
Ukraine,2018-05-26,13.2,1.9,4.8,30.7,1603.6,8.0,7.2,6.5
Qatar,2018-05-29,16.0,5.7,47.5,24.4,2368.8,5.0,8.1,8.7
Kuwait,2018-06-01,9.9,3.9,25.5,8.5,1826.0,5.6,7.2,8.1
Russia,2018-06-02,38.0,6.8,33.8,20.0,5826.3,7.7,6.4,7.8
Australia,2018-06-02,16.3,4.5,16.7,30.9,2931.4,4.2,5.3,5.4
UAE,2018-06-03,26.4,27.1,22.9,40.0,8169.2,5.6,6.0,7.9
China,2018-06-08,39.6,8.6,6.5,62.7,13351.0,6.6,6.7,7.5
Nigeria,2018-06-12,13.9,2.9,22.7,9.5,1528.8,7.5,6.9,6.0
USA,2018-06-12,18.2,37.9,15.8,22.0,15049.5,4.8,4.8,5.8
South Africa,2018-06-16,11.1,5.9,11.5,22.9,1878.9,4.1,6.4,6.0
Singapore,2018-06-19,17.7,17.0,11.3,24.4,3449.5,3.3,4.8,7.5
Indonesia,2018-06-20,18.1,8.6,14.8,37.7,2811.8,4.9,5.4,6.0
Malaysia,2018-06-21,16.6,6.5,8.3,41.1,1994.0,4.7,7.5,8.2
UK,2018-06-22,8.2,17.5,2.0,16.0,2228.7,3.3,5.1,5.1
Germany,2018-06-23,15.7,11.3,2.3,16.5,3138.8,4.8,5.8,5.7
Israel,2018-07-30,8.6,13.9,4.2,12.5,1686.0,7.0,7.6,8.6
USA,2018-08-02,17.8,43.5,9.9,16.0,14659.6,3.7,4.2,5.7
USA,2018-08-06,24.0,41.8,13.8,17.0,15734.1,4.4,5.6,5.6
Indonesia,2018-08-14,21.6,7.9,20.3,39.8,2617.2,6.7,5.8,6.2
UK,2018-08-21,10.8,13.1,1.8,13.8,1507.4,3.7,5.9,5.5
South Korea,2018-08-25,23.2,7.9,6.3,37.1,1952.1,5.2,4.1,5.9
Russia,2018-08-26,34.0,3.1,28.1,30.5,4660.3,8.9,6.9,6.8
Yemen,2018-08-31,2.7,2.5,4.5,6.2,371.2,8.3,9.5,9.7
Iraq,2018-09-01,18.8,4.5,39.9,14.5,4571.1,7.3,6.5,9.4
USA,2018-09-02,17.0,37.3,11.2,17.7,16289.3,5.1,3.9,5.8
Egypt,2018-09-18,6.1,5.7,4.8,10.1,1064.2,7.5,9.0,9.3
Australia,2018-09-20,13.1,4.1,24.6,40.7,2911.7,5.6,4.1,5.7
Malaysia,2018-10-05,14.3,6.0,10.2,32.7,1876.7,5.8,5.6,7.6
Ukraine,2018-10-05,12.2,2.3,2.6,30.8,1527.9,8.0,7.4,8.1
China,2018-10-17,52.0,13.2,5.6,51.9,12005.9,7.9,6.2,6.9
Russia,2018-10-26,34.7,6.8,31.5,32.6,7299.2,8.7,7.5,6.7
China,2018-10-29,38.7,8.9,6.8,60.3,11598.8,7.9,7.2,6.8
Canada,2018-11-02,9.1,5.0,4.2,21.1,1280.4,4.5,5.0,5.2
Israel,2018-11-03,11.7,13.1,4.9,16.5,1724.0,8.3,8.1,8.6
Iran,2018-11-08,8.2,6.8,11.5,14.6,1221.3,7.9,8.3,8.6
China,2018-11-10,40.7,8.2,6.8,58.6,10281.3,8.2,6.8,8.5
Egypt,2018-11-10,7.6,9.1,5.9,6.2,1119.5,8.6,9.0,9.4
Israel,2018-11-12,8.0,13.9,3.6,10.6,1130.4,7.1,7.5,7.2
Iran,2018-11-18,12.0,3.3,15.7,11.6,976.5,8.4,9.6,9.5
China,2018-11-20,41.5,11.9,4.9,55.1,12572.5,6.9,5.8,8.1
Qatar,2018-11-22,17.4,2.1,48.0,27.9,2678.4,4.9,7.1,8.9
UAE,2018-11-22,23.5,24.0,23.7,41.2,9880.7,5.7,6.9,7.4
Kuwait,2018-11-29,9.1,4.1,29.7,9.4,1666.6,6.0,7.6,8.4
Russia,2018-12-14,39.5,6.3,44.8,23.1,6826.1,6.6,7.3,6.9
UAE,2018-12-17,31.9,27.7,16.6,25.8,9925.2,4.6,6.4,8.4
Yemen,2018-12-23,2.2,5.9,5.2,9.6,338.9,9.7,8.8,10.0
Indonesia,2018-12-24,16.3,10.0,17.1,38.2,3034.6,4.7,5.2,7.3
China,2018-12-30,51.6,10.3,2.2,66.2,13555.8,8.0,6.4,6.6
Malaysia,2019-01-05,17.5,9.8,10.8,41.5,1568.9,4.5,6.8,6.8
Qatar,2019-01-11,12.5,3.2,48.9,17.3,2781.9,7.1,7.4,8.4
China,2019-01-27,46.5,8.8,7.9,55.8,14056.4,8.6,5.9,7.3
China,2019-01-28,39.7,8.7,4.6,57.8,12390.2,6.3,5.2,7.6
Ukraine,2019-01-29,7.8,3.2,1.4,37.2,669.2,9.2,8.5,6.9
Egypt,2019-02-04,5.2,8.6,8.3,10.1,804.3,7.1,8.3,9.2
Yemen,2019-02-21,1.2,4.2,4.2,5.7,441.2,8.5,9.3,9.8
Singapore,2019-03-03,17.2,24.2,10.1,17.7,2759.4,4.8,5.6,7.9
Qatar,2019-03-13,12.4,3.5,51.7,23.0,2098.3,6.6,7.5,9.1
Indonesia,2019-03-14,23.8,5.2,16.0,38.4,2878.1,5.4,5.9,6.2
Indonesia,2019-03-14,18.1,7.7,16.9,44.3,2638.0,5.2,5.1,7.4
Yemen,2019-03-21,2.7,4.3,5.4,6.0,362.3,8.3,9.5,9.7
Indonesia,2019-03-23,19.0,6.5,21.7,41.0,3714.2,4.7,7.0,7.2
Ukraine,2019-04-02,5.7,2.8,1.2,30.7,866.1,8.6,7.4,7.4
China,2019-04-18,46.7,11.3,6.6,52.2,11705.9,7.5,6.2,7.2
UAE,2019-04-23,23.2,25.5,16.6,27.8,7566.6,4.9,7.5,7.7
Singapore,2019-04-30,13.9,24.0,6.0,20.1,3165.1,3.4,4.0,8.1
China,2019-05-01,50.8,9.1,8.0,48.3,12516.2,6.0,6.6,7.4
Iraq,2019-05-02,20.0,4.7,37.9,16.3,4468.2,7.9,9.2,9.1
USA,2019-05-09,21.5,43.1,10.0,16.0,12361.5,3.7,5.4,4.3
UAE,2019-05-09,24.3,27.4,18.2,39.8,7403.2,4.0,7.1,7.3
South Africa,2019-05-14,9.9,9.0,8.7,18.8,1839.4,4.0,6.1,5.8
Russia,2019-05-21,33.9,3.0,46.6,29.7,6325.7,6.7,7.4,6.6
Egypt,2019-05-23,5.3,4.3,9.9,8.6,1223.0,7.6,9.2,9.3
Iraq,2019-06-12,26.4,2.5,35.4,14.3,3626.7,7.5,8.1,7.9
South Korea,2019-06-13,20.9,9.8,6.6,28.9,2902.9,5.3,5.7,6.5
South Korea,2019-06-18,22.2,10.9,4.8,31.8,2718.6,3.5,5.8,7.4
USA,2019-06-20,21.3,42.2,16.0,18.9,17067.8,4.8,4.5,4.4
Israel,2019-06-28,10.1,7.1,2.4,17.3,1937.9,7.8,8.6,8.9
USA,2019-07-02,21.2,32.9,14.4,16.8,13386.4,4.3,4.4,5.5
Indonesia,2019-07-12,24.9,7.2,14.8,35.6,2279.2,5.3,5.4,7.1
Kuwait,2019-07-19,13.6,4.6,26.7,10.5,1507.7,6.5,8.0,8.1
Indonesia,2019-07-21,22.3,8.9,15.3,44.8,2824.3,6.7,5.6,7.2
Saudi Arabia,2019-07-27,18.1,10.8,35.2,19.8,5412.0,7.4,8.2,7.9
Vietnam,2019-07-28,14.8,8.4,3.7,24.6,1242.7,4.8,6.5,5.7
Russia,2019-08-02,34.4,3.3,28.2,20.9,5749.2,7.7,8.4,7.9
UAE,2019-08-04,21.3,32.6,23.5,31.4,8416.2,6.0,5.7,8.5
Israel,2019-08-06,10.2,13.4,2.9,11.6,1809.8,6.9,7.7,7.4
Qatar,2019-08-15,12.2,3.1,42.0,24.7,2938.8,6.8,6.2,9.1
Kuwait,2019-08-19,14.9,4.9,26.2,11.8,1224.5,4.7,7.8,7.4
Malaysia,2019-08-21,14.8,5.0,13.1,33.0,2181.6,6.0,5.7,6.6
Saudi Arabia,2019-08-21,21.4,11.5,34.0,12.1,4270.9,7.0,7.1,8.6
Yemen,2019-09-02,1.7,3.8,5.8,5.3,624.9,8.3,9.5,9.7
USA,2019-09-04,16.5,47.2,15.0,21.1,14045.6,4.1,4.6,6.1
UAE,2019-09-08,24.7,26.9,24.2,34.7,6603.5,4.1,6.9,8.1
Singapore,2019-09-09,14.7,20.2,9.5,15.1,3000.3,3.5,6.0,7.1
Australia,2019-09-13,12.1,8.2,21.7,35.2,2101.7,3.9,5.5,5.5
UK,2019-09-17,10.8,19.3,3.1,8.2,2204.8,4.7,6.0,6.1
South Korea,2019-09-18,21.6,7.0,4.5,39.3,2239.2,4.0,6.4,6.4
UAE,2019-10-01,29.2,34.3,15.2,40.0,9054.9,5.4,7.9,7.5
Russia,2019-10-04,36.3,4.3,40.1,20.3,7244.6,6.8,8.2,6.8
Vietnam,2019-10-09,8.3,9.1,1.4,16.8,2098.2,5.0,4.6,7.2
Australia,2019-10-09,16.6,8.4,16.9,44.5,2936.6,3.5,5.4,5.7
Qatar,2019-10-10,17.2,5.2,45.4,24.0,1854.4,6.4,7.3,8.0
China,2019-10-16,42.2,10.2,6.7,48.3,11821.5,7.0,5.8,7.8
Saudi Arabia,2019-10-24,16.8,7.4,36.6,17.7,4934.8,5.7,7.5,8.3
Iran,2019-10-30,9.2,5.6,24.9,14.2,1096.3,8.5,8.8,9.4
Indonesia,2019-11-02,16.4,7.1,15.9,43.0,2589.2,5.6,5.9,6.1
Iraq,2019-11-05,22.6,2.2,35.7,12.1,3533.2,7.8,7.5,9.0
China,2019-11-08,40.4,10.2,2.5,57.7,12366.3,7.7,6.9,7.9
Iran,2019-11-13,15.1,3.5,11.4,11.8,1179.3,8.4,9.4,8.9
Canada,2019-11-18,7.9,4.4,4.4,25.6,1187.5,4.1,4.3,5.4
Iran,2019-11-23,7.2,3.2,11.9,20.5,1698.3,8.9,9.7,8.9
USA,2019-11-30,24.3,39.2,13.4,21.6,13989.1,3.1,5.6,5.4
China,2019-12-12,42.6,13.9,4.2,52.9,10123.7,7.1,6.1,8.2
Kuwait,2019-12-14,13.6,3.8,29.8,13.2,1124.8,6.5,6.7,8.2
Russia,2019-12-14,41.5,7.4,37.9,24.4,6141.9,6.8,7.4,8.7
Nigeria,2019-12-18,8.9,5.2,16.3,15.4,2186.7,8.1,6.8,6.7
Netherlands,2019-12-24,5.7,23.3,4.1,13.7,3040.7,4.5,4.9,5.5
Yemen,2019-12-27,4.0,2.4,7.0,8.5,427.0,9.8,9.2,9.2
Australia,2019-12-31,17.1,8.0,27.5,43.2,2797.0,3.9,5.4,5.9
Iran,2020-01-04,7.3,7.2,10.4,18.0,1883.0,7.8,8.8,9.9
Qatar,2020-01-10,15.3,2.8,46.5,19.2,2692.2,5.5,6.2,8.8
Iraq,2020-01-17,18.9,2.2,30.5,13.1,4963.7,5.7,6.8,9.3
Germany,2020-01-25,10.2,12.3,1.6,15.4,2677.0,3.3,6.6,5.5
South Korea,2020-01-27,18.5,8.0,6.5,40.9,3423.9,4.1,5.7,7.4
Russia,2020-02-03,33.0,3.2,33.8,22.8,7683.1,6.7,6.7,7.2
China,2020-02-03,49.2,13.5,2.9,58.0,14185.4,8.7,5.4,7.1
China,2020-02-05,41.5,8.4,2.2,59.7,13160.1,7.3,5.9,7.3
China,2020-02-05,52.7,15.6,4.9,49.5,11909.6,7.6,6.6,7.3
China,2020-02-07,43.2,9.4,6.0,49.1,14734.5,7.7,5.1,6.9
Yemen,2020-02-12,3.0,3.3,3.3,9.8,446.3,9.6,8.7,9.9
Germany,2020-02-13,15.9,15.9,3.9,17.7,2549.9,2.9,5.9,5.4
USA,2020-02-20,18.3,33.9,14.2,20.6,15651.9,3.0,5.5,5.0
Canada,2020-02-20,7.4,4.3,5.0,17.3,1107.2,3.4,5.4,5.6
Kuwait,2020-03-05,8.1,4.1,25.1,14.3,1301.7,4.6,7.2,8.0
Iraq,2020-03-06,23.6,2.3,38.1,15.1,3446.1,6.5,6.7,8.0
Nigeria,2020-03-18,10.4,5.7,21.6,17.0,1827.0,7.5,5.4,6.8
Iraq,2020-03-20,18.6,4.5,31.2,18.6,4919.7,7.3,7.9,8.4
Egypt,2020-04-01,5.4,5.1,4.8,11.7,1525.0,6.3,7.9,9.3
Iran,2020-04-12,9.3,5.9,24.4,17.4,1432.3,7.4,8.7,9.6
Nigeria,2020-04-12,13.1,5.2,23.4,17.1,2478.6,7.8,5.4,6.2
Yemen,2020-04-19,1.0,2.3,3.5,9.0,549.9,9.2,9.3,8.9
Canada,2020-04-23,6.0,6.4,7.3,20.0,1583.5,3.4,5.4,5.6
Ukraine,2020-04-25,10.7,2.7,3.5,31.4,807.7,7.5,8.5,7.7
Singapore,2020-04-28,13.4,23.1,9.2,23.7,4545.7,3.2,5.6,7.0
Israel,2020-05-01,7.9,12.2,5.1,19.8,1571.9,7.6,9.0,7.8
UK,2020-05-12,7.4,15.0,2.2,14.8,1684.4,3.8,5.3,5.6
Yemen,2020-05-18,2.1,4.4,4.7,5.3,578.7,9.2,9.9,9.6
UK,2020-05-26,9.9,20.0,1.3,13.6,1754.7,4.7,4.4,5.3
Vietnam,2020-05-29,13.6,12.9,2.2,16.6,1675.9,4.2,5.3,6.8
South Africa,2020-05-30,14.4,8.9,12.8,26.8,2473.6,4.9,4.8,6.6
Qatar,2020-05-30,20.3,3.1,44.6,18.5,1618.2,6.7,6.6,7.6
Vietnam,2020-05-30,12.3,14.5,3.6,18.6,1301.6,5.7,5.8,7.1
China,2020-06-08,45.6,9.9,6.8,46.4,11567.1,7.2,7.4,8.0
Singapore,2020-06-16,12.1,19.9,7.9,15.2,4258.5,4.1,4.7,7.5
USA,2020-06-22,17.2,43.3,14.9,13.2,12331.9,4.2,5.2,6.1
Canada,2020-06-27,4.3,7.5,4.6,19.6,1084.2,4.9,5.3,5.3
USA,2020-06-30,24.1,35.1,12.1,21.5,11260.2,5.4,4.7,4.0
Egypt,2020-07-04,7.9,5.9,4.3,9.6,892.5,8.2,8.7,8.3
Malaysia,2020-07-06,13.3,5.2,8.1,33.7,2292.2,5.6,7.2,7.4
UK,2020-07-11,9.8,18.0,2.8,12.7,2109.0,4.4,5.5,6.1
Iraq,2020-07-20,19.9,3.9,32.1,12.0,3182.9,7.3,8.7,9.4
Israel,2020-07-23,6.2,6.3,2.2,16.0,1024.1,7.7,7.5,8.2
Brazil,2020-07-29,7.7,5.3,4.1,34.1,1953.4,3.6,5.6,6.0
USA,2020-07-30,17.2,40.1,10.2,20.1,13380.5,4.8,5.0,5.6
Qatar,2020-08-12,21.4,2.1,47.5,25.8,2189.1,4.6,6.4,8.5
USA,2020-08-13,17.4,36.5,11.3,15.2,11574.7,4.6,3.6,6.1
Yemen,2020-08-16,2.4,5.5,5.0,4.5,507.6,8.6,8.9,9.5
Iraq,2020-08-17,19.2,3.5,39.8,11.0,3980.9,7.2,6.5,7.7
Egypt,2020-08-17,5.3,8.7,6.0,12.7,1533.7,6.3,9.1,8.1
UAE,2020-08-20,31.0,28.0,17.9,29.2,9376.4,4.8,7.0,8.6
China,2020-08-22,40.8,9.3,6.6,65.6,14057.0,6.3,6.9,6.5
Russia,2020-09-11,31.2,6.3,28.7,32.9,4894.5,7.9,6.1,9.0
Yemen,2020-09-12,3.3,4.7,2.9,8.4,356.2,8.9,9.4,9.3
USA,2020-09-23,20.6,32.3,15.0,12.4,13650.1,3.9,5.2,4.8
Netherlands,2020-09-25,8.9,29.2,3.3,11.2,3017.2,3.8,5.6,5.8
UAE,2020-10-01,29.8,27.0,17.5,32.2,6859.0,5.5,7.3,8.3
Saudi Arabia,2020-10-03,23.8,9.5,37.5,19.7,4034.0,4.8,6.7,7.4
UAE,2020-10-13,25.2,25.7,22.5,33.3,9591.2,4.1,6.5,8.1
Egypt,2020-10-18,5.3,9.5,4.3,8.4,764.5,6.5,7.7,9.0
Brazil,2020-10-23,11.4,11.2,4.7,25.8,2451.8,4.0,4.2,5.3
Canada,2020-10-30,8.2,4.3,4.4,20.8,1660.9,3.6,4.5,4.4
Russia,2020-11-07,37.9,6.1,43.2,21.5,6182.4,9.0,7.3,8.2
China,2020-11-09,52.4,10.0,5.8,57.7,10542.4,6.8,6.3,7.5
South Korea,2020-11-13,19.8,10.3,6.0,38.7,2650.4,3.7,5.7,6.2
Ukraine,2020-11-16,5.2,2.2,3.7,40.6,1208.4,8.2,8.6,6.5
South Korea,2020-11-21,24.0,9.5,6.3,32.5,3091.8,5.3,4.6,6.2
Indonesia,2020-11-24,14.9,5.9,18.4,46.8,2465.0,7.0,7.0,6.1
Singapore,2020-12-03,15.7,14.9,10.6,18.3,4529.9,4.4,4.8,7.0
UAE,2020-12-25,27.4,33.2,25.9,33.6,9435.0,5.9,6.0,7.1
USA,2020-12-29,17.9,44.7,13.2,15.0,16115.0,4.1,4.7,4.4
UAE,2021-01-04,24.5,29.8,25.7,29.2,7289.3,5.8,6.0,8.0
Vietnam,2021-01-04,9.0,11.3,2.6,16.9,2377.7,4.5,4.7,6.6
China,2021-01-06,44.5,10.5,4.5,65.2,14691.6,6.2,6.6,8.1
Germany,2021-01-09,12.8,14.3,3.4,16.4,2906.2,3.4,5.0,4.8
Qatar,2021-01-26,19.4,4.2,43.8,23.2,1621.1,5.4,7.0,8.0
UAE,2021-02-08,29.8,23.3,24.5,37.6,10821.6,6.2,6.9,7.4
China,2021-02-12,49.1,12.6,6.1,49.7,10285.8,7.9,7.2,8.3
Kuwait,2021-02-16,8.3,4.8,21.8,15.7,1867.7,6.3,7.6,7.7
Qatar,2021-02-21,15.8,3.5,45.0,26.7,1692.3,5.3,8.4,7.9
China,2021-02-22,43.8,12.5,3.9,51.2,10177.1,7.7,5.1,8.1
Singapore,2021-03-08,15.9,14.7,6.5,22.6,3638.5,5.2,5.4,7.2
Russia,2021-03-15,29.3,6.2,32.0,33.1,7880.3,7.1,6.3,8.1
Qatar,2021-03-19,18.8,3.0,49.0,27.6,2597.6,6.0,6.4,8.9
Yemen,2021-03-23,2.7,2.4,7.7,8.1,400.3,7.6,9.1,9.5
Netherlands,2021-03-27,8.3,24.5,5.2,8.5,2213.3,4.4,6.4,5.4
Kuwait,2021-03-31,12.6,3.7,19.1,11.7,1354.1,4.9,8.0,7.4
Australia,2021-04-20,13.4,8.4,19.7,43.3,2611.3,4.9,4.7,5.0
Qatar,2021-04-21,20.1,2.3,49.6,15.5,1638.1,7.3,8.2,8.5
China,2021-04-28,51.8,10.8,4.5,53.1,14242.5,7.7,6.4,7.8
Iran,2021-05-01,12.4,3.4,24.3,16.5,1852.4,9.5,8.8,9.6
USA,2021-05-02,24.8,32.1,13.4,16.5,18040.5,4.5,4.9,6.1
Singapore,2021-05-09,15.0,20.1,10.2,19.0,3817.0,5.1,4.0,6.6
China,2021-05-16,46.5,9.8,2.3,61.8,11905.8,7.2,6.5,7.5
Netherlands,2021-05-19,5.5,27.6,5.9,12.5,2484.5,4.3,4.5,5.5
South Korea,2021-05-31,15.7,6.3,3.4,34.8,2134.4,5.2,5.4,6.0
South Africa,2021-06-03,15.7,8.6,17.8,27.7,2155.7,6.1,5.7,5.7
Australia,2021-06-12,17.8,5.1,17.2,34.9,2238.9,4.3,4.7,4.8
China,2021-06-16,51.7,12.4,5.7,47.0,11618.1,8.8,6.8,7.6
Netherlands,2021-06-26,5.1,26.9,4.8,11.2,3600.7,3.9,5.8,5.3
Israel,2021-06-29,9.9,10.0,3.0,16.6,1016.3,8.4,8.5,7.2
Germany,2021-07-04,11.7,14.6,2.9,12.3,3758.9,4.0,5.9,5.4
Malaysia,2021-07-12,14.4,6.5,9.9,36.7,2348.9,5.5,7.0,7.8
Australia,2021-07-15,13.3,8.5,19.9,37.5,2235.0,5.2,5.9,5.3
UAE,2021-07-20,27.9,31.4,21.7,39.3,9546.2,6.5,5.6,7.1
Germany,2021-07-27,17.3,10.6,4.0,14.0,3459.0,4.6,4.4,6.5
Russia,2021-07-29,34.0,4.3,29.2,21.4,7416.0,7.2,7.4,8.9
USA,2021-07-29,22.0,38.7,14.0,20.4,13179.8,5.1,5.4,5.2
Iran,2021-07-30,11.7,3.9,20.9,12.7,1626.7,9.0,9.6,9.4
China,2021-08-02,46.7,10.7,4.7,54.9,11624.7,7.4,5.7,6.5
Singapore,2021-08-05,16.1,21.3,10.9,19.1,4052.1,4.3,4.7,6.7
Ukraine,2021-08-08,7.7,3.5,2.6,28.7,751.8,9.1,7.9,7.5
UAE,2021-08-08,28.4,23.8,19.5,32.7,8334.2,5.8,7.3,7.4
Yemen,2021-08-11,2.5,4.0,7.7,5.6,458.4,8.8,8.6,8.8
Iran,2021-08-19,9.2,5.9,14.8,11.2,1479.6,8.8,8.2,9.2
UAE,2021-08-20,20.8,25.4,21.3,28.9,9334.3,6.3,6.0,8.2
Yemen,2021-08-21,1.5,6.0,4.9,5.8,756.9,7.7,9.7,9.7
USA,2021-08-21,16.6,42.1,9.8,21.1,16752.3,3.2,4.0,5.5
Egypt,2021-08-26,7.7,6.6,7.3,11.2,1510.7,8.3,7.6,8.3
USA,2021-09-05,17.6,44.3,8.2,19.3,18609.0,3.5,5.3,5.8
Nigeria,2021-09-06,14.8,5.3,15.0,16.8,1613.5,7.1,6.8,6.6
Russia,2021-09-08,31.6,7.0,40.9,26.5,8099.3,8.7,8.9,6.5
Iran,2021-09-11,10.2,7.0,21.6,18.3,1299.2,8.7,8.8,9.1
Saudi Arabia,2021-09-13,23.9,9.2,31.2,20.8,4725.2,6.8,8.3,8.8
Indonesia,2021-09-17,14.9,8.4,21.1,41.6,2622.2,6.4,6.9,7.8
UAE,2021-09-17,30.3,27.2,25.4,34.7,9538.4,4.1,5.7,8.2
Indonesia,2021-09-20,19.8,10.8,23.5,35.2,3818.9,6.3,6.1,6.5
Australia,2021-09-27,21.7,4.9,19.7,43.4,2139.6,3.5,5.5,6.1
UAE,2021-10-05,30.6,33.2,18.0,38.4,9152.8,6.8,6.8,8.5
UAE,2021-10-05,28.5,23.6,24.4,27.2,10438.6,6.7,6.9,8.7
Saudi Arabia,2021-10-07,19.5,9.2,37.9,15.9,4937.0,7.0,7.2,8.6
Qatar,2021-10-15,14.0,4.6,44.3,17.9,2370.9,6.9,6.0,8.9
Nigeria,2021-10-30,11.8,4.5,14.4,15.8,1944.5,6.1,6.5,6.1
Indonesia,2021-10-31,14.1,10.5,21.2,53.6,3931.9,5.8,6.3,6.6
Egypt,2021-11-04,5.9,6.9,9.6,8.7,905.5,6.3,8.6,8.6
UAE,2021-11-06,28.6,32.1,16.8,30.3,10358.7,6.8,6.9,8.6
China,2021-11-17,39.1,14.6,7.5,52.0,12084.9,6.4,7.4,7.1
Brazil,2021-11-19,10.8,10.0,7.7,21.4,2790.4,3.9,4.7,5.3
Singapore,2021-11-21,19.8,18.3,10.6,18.7,4643.7,4.6,4.5,7.5
UK,2021-11-22,10.2,17.7,2.7,15.7,2802.6,3.3,4.1,6.0
South Africa,2021-11-23,12.5,10.6,9.4,28.4,1664.4,6.2,4.4,6.8
Ukraine,2021-11-29,13.3,2.6,2.7,25.3,1558.1,8.3,9.1,7.8
Egypt,2021-12-07,5.5,8.5,7.9,10.1,1121.9,7.4,8.1,8.6
Brazil,2021-12-10,8.4,10.5,7.3,21.2,2653.5,4.4,5.9,5.2
Qatar,2021-12-11,20.6,2.1,36.9,17.3,2433.0,5.0,7.1,8.9
Indonesia,2021-12-14,17.3,7.0,23.1,45.6,3710.1,5.3,6.6,6.7
Singapore,2021-12-24,19.1,20.2,9.6,20.0,3614.3,4.8,6.0,8.2
Singapore,2022-01-16,19.8,17.5,8.1,20.2,4265.7,4.7,5.5,7.2
Indonesia,2022-01-17,21.4,8.3,23.7,47.6,3410.3,5.0,6.0,7.2
Nigeria,2022-01-18,13.7,2.9,19.4,11.6,1736.0,8.2,7.0,6.2
Nigeria,2022-01-21,11.1,6.0,24.9,17.4,2700.0,6.4,6.1,6.6
Iran,2022-01-30,15.2,6.1,16.6,12.6,2093.5,7.4,8.0,9.5
China,2022-02-06,53.5,12.6,4.3,53.8,16968.2,6.2,6.0,7.4
Saudi Arabia,2022-02-07,18.4,8.1,32.2,18.6,4368.7,7.8,8.6,8.0
Iraq,2022-02-22,23.8,3.8,43.6,15.4,3411.6,6.9,8.9,8.6
Australia,2022-02-22,19.7,6.0,25.0,42.5,3536.5,4.4,5.0,5.8
Iraq,2022-03-03,25.8,2.4,38.1,11.7,3937.8,8.4,9.1,8.6
South Africa,2022-03-06,8.4,5.9,10.3,18.5,1848.9,5.4,5.1,7.0
UAE,2022-03-18,20.3,32.2,17.7,27.1,10333.5,4.2,7.4,7.4
Nigeria,2022-03-21,8.1,5.4,24.2,13.2,1638.4,7.9,6.5,7.2
Ukraine,2022-03-22,8.0,2.9,3.3,39.0,782.5,7.6,7.5,7.2
Egypt,2022-03-24,6.3,4.6,8.1,9.6,1313.2,6.3,8.3,8.3
China,2022-04-03,39.0,11.8,4.4,60.8,13988.4,8.5,5.2,6.7
China,2022-04-07,45.9,9.9,3.3,64.8,14556.4,8.6,6.0,7.9
Iran,2022-04-11,12.1,7.7,12.2,13.0,1651.3,8.7,8.1,8.7
Nigeria,2022-04-14,13.5,2.9,16.6,9.5,1349.2,8.0,6.0,6.8
Singapore,2022-04-18,16.3,24.6,5.6,20.1,4457.4,4.4,4.4,6.6
Netherlands,2022-04-19,4.1,18.6,4.3,7.3,3171.1,2.6,6.0,5.1
Canada,2022-04-27,8.2,5.8,7.4,23.4,1394.2,4.3,5.1,4.8
Nigeria,2022-04-30,8.4,5.5,18.5,15.7,2114.9,8.5,7.1,7.4
Germany,2022-05-15,10.4,10.9,2.3,13.2,2959.4,4.3,4.7,6.2
Israel,2022-05-20,8.4,9.3,5.8,10.3,1427.4,7.6,8.9,8.7
Netherlands,2022-05-22,7.9,31.8,5.8,12.9,2219.5,4.3,5.1,5.5
Israel,2022-06-01,11.9,6.7,4.6,14.2,1563.7,8.5,8.1,7.9
Ukraine,2022-06-03,6.8,2.8,1.8,29.8,1508.9,9.0,8.7,7.1
USA,2022-06-06,16.2,44.1,13.1,14.1,13247.1,3.7,4.7,5.7
Iraq,2022-06-11,26.5,4.0,43.0,10.2,5256.6,7.4,7.1,8.3
Indonesia,2022-06-13,15.7,6.3,22.2,50.9,3867.2,5.3,6.3,6.5
Egypt,2022-06-14,5.6,8.8,7.7,9.5,1345.4,6.5,9.3,8.2
Indonesia,2022-06-25,21.2,5.9,24.6,37.5,4365.1,5.4,5.2,7.5
Saudi Arabia,2022-07-02,19.7,8.4,30.8,16.7,4673.4,6.5,6.3,7.9
Egypt,2022-07-10,6.1,6.2,6.6,10.0,1475.0,8.2,9.2,8.9
USA,2022-07-20,20.7,43.0,12.9,16.3,17430.0,4.2,5.0,5.4
Iraq,2022-07-22,20.1,4.1,42.5,12.1,5337.7,8.1,8.5,8.4
Iran,2022-07-24,6.8,7.6,21.5,16.8,1212.8,9.1,9.2,8.6
Brazil,2022-07-26,10.2,9.9,6.4,24.8,1873.1,4.4,4.3,4.7
Netherlands,2022-07-27,6.9,30.2,3.3,13.7,1929.0,4.8,7.1,5.2
Qatar,2022-07-29,13.9,3.3,46.7,17.3,2526.9,6.5,8.1,7.5
Australia,2022-08-01,14.6,5.9,23.7,36.7,3187.3,4.4,5.3,6.7
Singapore,2022-08-06,13.9,14.0,6.1,26.0,4462.2,3.6,5.0,7.7
Iraq,2022-08-10,23.5,3.6,37.0,15.6,3730.6,5.7,7.2,8.7
Indonesia,2022-08-16,24.8,6.9,14.3,35.9,3959.3,5.4,6.5,6.0
Israel,2022-08-21,5.5,13.6,6.0,13.0,2127.8,8.2,7.8,7.6
China,2022-08-27,50.3,14.7,7.5,67.6,14094.2,8.5,6.5,7.8
Indonesia,2022-09-12,19.2,10.9,14.8,46.7,2384.6,5.1,6.8,7.7
Iran,2022-09-14,12.1,3.9,20.9,12.0,1509.4,9.6,9.1,9.3
Qatar,2022-09-18,22.0,5.0,42.4,16.3,2745.7,7.1,7.1,8.7
China,2022-09-22,44.2,12.3,4.1,48.3,11243.8,6.8,6.9,7.3
Iraq,2022-09-23,27.0,3.9,30.9,12.8,5531.0,8.3,8.7,7.7
USA,2022-09-24,24.8,46.6,14.0,20.3,18629.0,4.9,4.0,5.8
Germany,2022-09-29,13.6,16.4,1.1,12.2,2817.8,3.0,5.1,6.6
China,2022-10-03,40.3,14.8,4.8,59.9,11649.6,7.1,6.2,6.8
South Africa,2022-10-03,10.6,5.0,14.7,30.7,2596.0,5.3,4.4,5.2
Ukraine,2022-10-23,6.9,2.2,2.7,33.9,756.8,8.5,7.1,8.6
Vietnam,2022-10-23,12.9,12.8,3.6,14.0,1898.5,5.0,5.7,7.2
Israel,2022-11-03,7.1,11.3,2.3,14.5,2094.4,8.4,8.3,8.3
USA,2022-11-04,16.5,41.1,15.8,17.3,11812.3,4.8,4.9,5.7
USA,2022-11-09,16.5,38.2,13.1,20.0,17876.2,4.2,4.9,4.2
Kuwait,2022-11-21,11.1,2.0,26.5,14.2,1768.8,5.3,7.6,8.5
USA,2022-11-24,20.1,44.0,12.6,17.1,16776.2,4.0,4.9,4.1
Qatar,2022-11-24,13.8,4.1,35.6,27.8,3112.4,6.3,8.1,8.9
Iran,2022-11-27,11.0,4.7,17.8,19.9,1300.9,8.0,9.3,9.7
Malaysia,2022-12-10,11.9,8.1,13.2,33.6,2729.8,5.8,6.8,6.3
Iraq,2022-12-27,25.3,3.0,30.2,12.1,5040.9,6.6,8.6,8.9
Iraq,2022-12-29,19.4,3.0,38.1,16.5,5190.5,7.8,8.9,8.9
Netherlands,2022-12-30,5.7,23.7,5.9,7.4,3726.8,3.7,6.4,5.7
Saudi Arabia,2022-12-31,24.3,13.3,30.9,16.4,6066.9,6.8,8.7,8.9
Malaysia,2023-01-01,13.9,5.4,6.2,41.7,2149.8,4.5,6.6,6.5
Iraq,2023-01-07,22.0,3.8,43.5,15.2,4090.5,6.8,8.7,8.0
Ukraine,2023-01-08,11.3,1.5,2.4,26.5,1976.1,9.0,7.5,7.6
Egypt,2023-01-10,5.2,9.0,4.8,11.9,1609.8,8.8,9.0,8.5
UAE,2023-01-14,21.1,30.9,24.3,30.4,9455.0,4.2,6.9,8.6
UAE,2023-01-14,24.7,26.2,19.5,30.5,9280.2,6.5,5.8,7.4
Malaysia,2023-01-18,10.2,7.9,10.4,32.8,2490.2,6.2,5.5,7.4
Indonesia,2023-01-21,20.5,10.0,16.7,48.9,3030.7,6.3,6.6,7.4
Egypt,2023-01-21,3.7,6.3,8.4,6.8,1281.8,8.3,9.7,8.7
Iran,2023-01-24,10.7,5.9,19.6,19.5,1919.9,7.5,9.6,9.1
UK,2023-01-29,6.5,17.1,3.4,11.6,2629.0,3.6,4.1,5.4
Netherlands,2023-02-05,6.6,26.6,3.0,9.3,3162.5,2.7,7.1,5.1
UAE,2023-02-12,22.2,33.6,25.9,41.3,10455.6,6.5,5.7,8.5
Brazil,2023-02-14,10.8,6.4,4.6,24.9,3174.9,4.0,5.2,5.8
Ukraine,2023-02-15,7.6,1.9,1.4,32.1,860.6,8.3,8.9,7.3
Qatar,2023-02-16,13.2,4.1,48.0,17.4,1989.7,6.0,7.8,9.2
Netherlands,2023-02-16,6.9,25.3,4.9,12.2,2601.1,4.6,5.2,6.1
Kuwait,2023-02-19,10.6,2.3,21.4,12.8,1588.0,6.9,7.0,8.0
USA,2023-02-23,16.3,46.7,11.3,20.4,19664.5,3.1,5.4,5.7
Egypt,2023-02-24,4.3,4.0,5.3,6.6,1146.9,9.3,9.3,8.1
USA,2023-02-25,24.1,42.3,11.7,21.8,14200.8,3.1,5.4,5.9
China,2023-02-27,49.4,13.0,3.6,67.2,16535.4,6.5,5.5,8.0
Nigeria,2023-03-03,10.2,3.7,20.7,17.6,1899.3,7.6,6.1,6.3
Russia,2023-03-05,35.4,5.5,52.2,24.2,8871.9,7.7,8.9,7.0
Malaysia,2023-03-05,13.2,7.1,9.2,41.4,2193.8,4.6,7.8,6.3
Yemen,2023-03-07,2.9,5.9,4.2,8.0,687.5,8.7,9.0,9.0
Iraq,2023-03-09,20.2,3.5,44.9,15.5,5980.7,5.7,6.8,9.0
Iran,2023-03-11,11.1,7.7,15.7,14.6,2029.9,9.4,8.9,9.4
Israel,2023-03-12,7.2,13.8,5.8,13.0,1876.2,8.6,8.2,8.5
China,2023-03-17,45.5,12.0,6.4,47.3,14761.9,6.9,5.3,8.2
Saudi Arabia,2023-03-23,25.6,11.3,33.1,14.7,4890.4,5.0,8.7,9.0
South Africa,2023-04-03,10.5,7.0,15.7,19.4,2866.7,4.9,6.5,5.4
USA,2023-04-08,16.2,45.7,14.2,14.4,16981.3,4.6,4.7,4.9
Iran,2023-04-10,9.5,5.0,21.4,16.2,1290.8,7.6,8.0,9.1
Russia,2023-04-16,44.0,3.3,49.7,26.5,10516.2,6.9,8.9,6.7
Canada,2023-04-17,9.6,3.2,6.8,18.8,1406.5,3.3,4.7,5.0
USA,2023-04-21,24.3,40.8,13.8,17.6,16674.6,3.9,5.4,4.5
China,2023-04-26,53.5,8.2,6.2,66.8,14689.9,7.6,5.5,8.5
Iraq,2023-05-08,18.3,4.2,33.2,14.2,4360.5,6.6,8.4,9.1
Israel,2023-05-10,10.6,8.3,5.2,19.7,1662.0,8.7,7.1,8.2
Indonesia,2023-05-14,19.9,8.8,21.7,35.8,2751.1,5.7,6.8,7.6
Australia,2023-05-14,17.0,6.6,22.9,34.8,3082.8,5.8,5.1,6.2
South Korea,2023-05-14,19.7,9.4,5.7,36.9,2185.0,4.9,4.8,7.3
Saudi Arabia,2023-05-19,24.3,8.9,30.4,19.7,4755.5,5.2,8.3,8.6
Iraq,2023-05-26,18.5,3.3,42.6,13.4,5546.9,8.4,7.6,9.0
Indonesia,2023-06-06,20.8,6.8,20.0,35.0,3188.8,5.7,6.2,7.2
UAE,2023-06-09,31.1,33.4,15.1,34.7,8582.8,6.9,6.2,8.8
China,2023-06-09,53.7,11.5,4.8,52.0,13687.7,6.8,6.3,7.4
Iraq,2023-06-18,21.1,4.4,32.2,10.5,5709.0,7.3,8.6,8.4
Ukraine,2023-06-20,12.7,3.1,2.1,23.7,1775.4,8.1,8.8,7.2
South Korea,2023-06-24,22.0,9.2,4.3,28.4,3529.9,5.8,4.4,7.4
UK,2023-07-04,9.3,17.6,1.5,12.5,2499.8,4.8,5.4,6.0
Iran,2023-07-05,12.6,6.5,10.0,15.7,1239.7,7.6,9.2,8.5
USA,2023-07-09,19.8,46.7,8.9,13.3,12345.9,3.9,5.1,4.3
Brazil,2023-07-11,7.7,11.2,9.5,30.1,2965.6,5.0,4.7,4.3
Saudi Arabia,2023-07-21,17.8,12.4,31.4,21.1,6627.6,6.0,8.6,8.2
Yemen,2023-07-28,2.1,3.1,6.1,5.7,372.1,8.6,9.2,9.4
Iran,2023-08-02,11.6,5.4,19.8,12.4,1753.3,8.9,8.3,8.6
Saudi Arabia,2023-08-12,22.0,11.3,35.1,16.6,6947.9,5.5,7.6,7.9
Yemen,2023-08-19,2.1,3.8,6.0,9.3,436.9,8.3,9.1,9.2
China,2023-08-24,46.0,13.3,6.3,47.6,15977.6,6.6,5.9,8.2
Netherlands,2023-08-25,6.6,30.7,2.2,7.0,2350.2,2.9,5.4,6.4
Malaysia,2023-08-29,14.7,8.7,12.1,40.5,1798.3,4.2,6.4,6.7
Netherlands,2023-09-12,6.7,26.3,4.0,13.7,2034.6,4.3,6.0,5.9
Malaysia,2023-09-25,13.1,9.5,10.7,43.4,1811.2,5.2,5.4,6.9
Netherlands,2023-09-29,5.2,24.3,5.9,6.6,3920.6,4.3,4.8,5.1
Egypt,2023-10-13,6.1,7.8,6.4,13.7,1121.0,8.1,8.8,8.6
UAE,2023-10-14,21.3,23.4,19.9,30.3,8518.2,5.1,7.4,7.8
USA,2023-10-16,18.9,40.2,14.2,16.5,12272.9,4.5,4.6,6.1
South Africa,2023-10-24,14.4,10.2,16.1,21.7,2625.6,3.8,6.2,6.7
Qatar,2023-10-31,14.9,4.8,47.4,25.2,2860.2,6.0,6.5,7.9
Netherlands,2023-11-02,6.3,22.1,3.6,6.7,3670.2,4.8,7.1,6.1
Singapore,2023-11-03,13.7,14.7,7.5,18.1,4179.0,3.6,5.8,7.1
China,2023-11-12,46.9,15.8,5.9,51.6,10904.0,8.4,5.8,7.0
Ukraine,2023-11-14,5.1,2.2,4.2,39.6,1500.5,8.0,9.1,8.3
Germany,2023-11-19,12.6,13.9,1.2,13.1,3496.0,4.7,4.9,5.5
Malaysia,2023-11-29,16.3,7.1,13.5,33.5,2013.3,4.3,7.1,6.2
Germany,2023-11-30,10.6,15.1,2.1,20.0,3900.7,4.9,4.6,6.0
USA,2023-12-02,16.4,46.5,12.6,13.9,16897.6,4.3,5.7,5.0
Nigeria,2023-12-09,14.1,3.7,14.9,17.1,1859.5,7.3,6.6,6.2
Israel,2023-12-15,9.5,13.7,2.0,18.7,1318.6,6.6,8.1,7.8
Yemen,2023-12-20,1.0,3.0,5.1,7.1,630.7,9.0,9.2,9.3
Netherlands,2023-12-22,6.2,23.8,4.2,9.2,2183.7,4.3,5.6,5.8
Indonesia,2023-12-24,22.8,9.4,14.9,47.0,4138.6,6.0,5.6,6.1
Australia,2023-12-26,13.8,7.2,21.2,30.5,3106.2,3.7,5.2,5.4
Egypt,2023-12-30,6.5,4.3,6.3,9.3,1527.3,9.2,9.9,8.1
UK,2024-01-03,11.4,16.4,3.1,13.9,3338.7,2.8,5.4,5.1
Yemen,2024-01-08,2.2,3.9,5.6,6.4,615.6,8.5,9.7,8.9
Netherlands,2024-01-14,6.6,26.6,5.1,10.9,3802.6,4.7,6.5,6.8
Egypt,2024-01-14,5.0,5.9,4.8,6.2,1336.1,8.5,9.9,8.6
UAE,2024-01-22,24.3,24.0,22.2,29.3,12370.6,5.3,6.4,7.5
UAE,2024-01-23,24.0,32.9,23.1,31.8,8410.9,6.1,6.9,7.6
China,2024-01-25,45.7,8.8,2.3,57.4,12408.9,6.1,6.3,6.6
Qatar,2024-02-03,15.0,2.3,36.0,20.7,2622.1,5.1,7.5,8.0
Indonesia,2024-02-04,17.6,8.4,19.4,44.3,2633.0,4.7,6.3,7.7
Kuwait,2024-02-09,12.2,4.3,30.0,15.8,1494.1,6.0,6.6,8.5
China,2024-02-23,47.1,9.9,4.7,45.2,18113.9,8.6,7.3,7.1
Russia,2024-02-25,45.3,4.4,57.4,18.0,11229.6,7.8,7.8,8.6
UAE,2024-03-12,24.2,32.7,24.6,28.8,11914.9,5.2,6.2,7.1
Iran,2024-03-14,14.6,6.5,17.2,12.7,1223.9,9.1,8.0,9.0
South Korea,2024-03-15,19.4,8.9,5.4,36.0,2639.8,3.9,4.2,6.8
Qatar,2024-03-23,20.6,3.7,38.3,17.6,3412.9,6.9,6.9,8.6
UAE,2024-03-31,21.3,25.6,20.5,27.9,9117.9,6.2,7.2,8.1
South Korea,2024-04-06,22.5,7.5,6.6,42.6,2462.3,4.5,5.0,6.2
Ukraine,2024-04-08,9.4,3.2,4.7,28.7,1305.7,9.3,7.2,6.9
Yemen,2024-04-09,1.4,3.3,2.4,6.8,628.9,8.2,9.7,9.5
Saudi Arabia,2024-04-22,25.9,7.4,33.4,13.9,7091.9,7.3,8.4,7.2
Singapore,2024-04-26,19.5,21.5,8.0,19.6,5004.1,4.5,5.1,8.4
Singapore,2024-05-01,13.2,15.9,8.7,22.2,4603.5,5.0,5.9,7.4
South Africa,2024-05-04,8.2,6.6,15.6,30.9,2086.0,4.0,4.4,6.3
Egypt,2024-05-08,6.6,4.3,7.1,12.5,1166.4,9.1,9.4,9.5
Qatar,2024-05-10,14.9,3.5,37.8,22.4,3472.4,7.1,7.6,8.7
Kuwait,2024-05-12,14.9,2.5,24.4,11.6,2393.7,5.7,7.0,8.4
Saudi Arabia,2024-05-15,25.3,9.0,34.2,17.0,5720.5,6.1,7.3,7.3
Kuwait,2024-05-26,12.1,2.8,28.7,12.7,2009.8,6.9,7.2,8.0
Singapore,2024-06-03,13.0,23.4,8.1,15.0,5394.5,3.3,5.7,6.8
Egypt,2024-06-05,6.6,7.0,5.0,8.0,1234.6,8.8,9.3,8.3
Indonesia,2024-06-20,17.9,7.0,20.7,38.9,3593.5,6.6,6.5,6.4
Singapore,2024-06-23,16.9,15.7,10.3,20.9,5053.9,4.1,4.0,7.1
Iran,2024-06-24,10.6,5.8,23.5,13.7,2083.9,7.6,8.5,8.9
Netherlands,2024-06-26,6.8,30.4,4.9,9.1,2927.5,4.9,6.3,5.7
China,2024-06-27,43.1,12.9,6.9,49.0,12903.3,8.5,6.8,7.4
UK,2024-06-28,6.3,20.2,3.4,11.2,2034.8,4.6,5.4,5.9
China,2024-07-04,42.7,13.4,4.8,53.3,17049.0,8.5,5.6,7.1
Malaysia,2024-07-05,11.7,8.5,6.7,36.7,1935.6,4.2,6.5,7.8
USA,2024-07-08,21.9,40.9,10.4,16.7,17735.8,4.8,4.8,6.0
South Africa,2024-07-15,12.3,10.0,8.5,23.3,2359.0,3.6,4.2,6.6
Ukraine,2024-07-15,11.6,2.4,3.7,29.2,823.2,8.4,7.5,7.5
Iraq,2024-07-18,22.1,3.5,39.5,12.4,5377.0,7.6,8.6,7.6
China,2024-07-19,53.3,12.1,6.0,52.5,15434.9,7.6,5.5,7.8
Nigeria,2024-07-19,10.3,4.1,21.6,12.9,2575.1,6.6,7.2,7.4
Saudi Arabia,2024-07-24,17.1,12.6,37.1,20.9,5918.2,6.3,6.9,7.9
Iraq,2024-07-25,24.7,2.3,37.7,11.9,4388.4,7.3,9.0,9.3
Israel,2024-07-25,5.2,10.7,3.6,15.9,2212.6,7.9,8.0,9.0
Russia,2024-07-31,39.8,4.8,43.2,22.8,9412.2,8.9,7.7,7.8
Qatar,2024-08-03,21.1,5.5,40.7,22.6,2011.8,5.5,8.4,8.7
Germany,2024-08-03,15.4,14.3,3.9,18.3,4222.1,3.9,5.6,6.0
Australia,2024-08-06,13.6,7.4,25.9,42.5,2174.6,5.4,4.6,4.7
Vietnam,2024-08-10,9.9,12.0,2.7,24.9,1832.7,5.7,5.7,6.0
Saudi Arabia,2024-08-17,23.4,13.4,25.1,15.6,7118.8,7.1,7.1,7.9
Kuwait,2024-08-18,14.9,4.7,27.6,15.5,1773.9,4.2,7.5,8.2
Kuwait,2024-08-29,15.2,4.4,19.6,14.0,1844.3,4.4,6.6,8.2
Qatar,2024-08-31,16.0,4.8,36.0,25.6,2583.6,6.4,7.1,8.1
Iran,2024-09-03,13.8,5.3,11.2,20.7,1313.1,8.2,9.3,9.8
UAE,2024-09-16,21.0,34.6,19.4,27.9,10583.8,5.5,7.3,8.4
South Korea,2024-09-22,21.1,11.9,3.4,34.4,2965.6,5.7,4.6,5.9
Iraq,2024-10-02,18.1,4.4,33.6,13.2,3895.4,5.7,8.5,8.6
Vietnam,2024-10-05,13.5,14.1,3.7,18.7,2486.8,4.9,6.1,6.9
Yemen,2024-10-06,1.2,5.2,2.4,8.3,561.3,9.4,9.3,9.5
UK,2024-10-07,9.9,18.9,2.8,9.5,2319.9,3.8,4.6,6.4
South Korea,2024-10-08,21.9,10.5,6.4,42.9,3315.5,5.1,4.1,6.5
Saudi Arabia,2024-10-12,23.7,7.4,29.0,20.8,7197.4,5.5,6.5,9.0
UK,2024-10-13,8.0,12.2,2.0,11.7,3209.4,3.8,6.3,5.0
Brazil,2024-10-15,11.6,9.0,5.4,32.4,1763.0,4.9,5.4,5.8
UAE,2024-10-16,29.3,32.3,21.6,29.7,12961.4,7.0,6.9,8.4
South Korea,2024-10-20,16.2,7.2,4.6,37.1,4011.8,4.6,4.8,6.9
Singapore,2024-10-24,15.5,14.2,7.8,15.1,4779.1,3.9,5.0,7.8
Germany,2024-11-03,17.5,15.7,2.5,13.2,2738.6,3.2,5.4,5.8
UAE,2024-11-07,30.0,25.2,20.0,40.6,12079.3,4.8,7.6,7.9
Canada,2024-11-11,8.8,4.3,5.2,20.5,1656.1,3.3,4.0,5.6
South Korea,2024-11-30,19.3,7.2,6.9,33.1,3551.7,5.8,4.2,6.6
Singapore,2024-12-13,19.8,21.3,5.5,15.2,5388.5,3.9,5.3,8.0
UAE,2024-12-13,21.0,33.7,18.2,41.3,8531.9,4.8,7.2,7.9
China,2024-12-18,40.5,11.8,5.6,51.7,17970.4,7.4,6.6,6.8
Netherlands,2024-12-23,5.8,27.8,5.4,11.7,4009.9,4.1,5.0,6.2
Netherlands,2025-01-05,5.9,21.5,2.4,13.7,3834.5,3.9,7.1,7.0
Yemen,2025-01-09,2.1,4.8,6.9,5.6,393.7,8.1,9.0,9.9
Netherlands,2025-01-14,9.7,30.8,5.6,9.3,2267.9,5.0,6.5,6.0
Indonesia,2025-01-14,18.6,9.5,20.0,47.1,3277.9,5.1,5.9,6.1
China,2025-01-19,40.4,9.9,6.2,61.2,11769.4,7.1,6.4,7.3
USA,2025-01-31,23.4,47.3,14.4,14.9,15703.9,4.8,4.3,5.0
USA,2025-02-02,22.2,40.2,13.4,19.1,19825.6,4.1,4.6,5.9
UK,2025-02-03,6.2,13.2,1.2,13.1,3615.4,4.1,4.6,5.1
China,2025-02-07,39.2,11.4,5.3,51.7,12140.4,7.9,5.7,7.6
Brazil,2025-02-15,6.7,7.5,8.5,24.9,3059.6,4.0,4.4,4.8
China,2025-02-23,50.8,9.3,7.4,63.7,11384.5,6.6,7.5,6.9
Israel,2025-03-02,10.7,12.1,4.6,14.5,1581.4,8.0,7.8,7.4
Singapore,2025-03-08,18.3,19.0,6.2,21.5,5181.6,3.1,5.2,8.1
USA,2025-03-16,24.9,44.8,13.6,14.2,20616.4,4.3,3.9,5.4
Ukraine,2025-03-17,5.7,3.9,4.5,24.7,1892.7,7.5,9.2,7.4
Netherlands,2025-03-20,7.9,18.5,5.2,9.1,3617.2,4.8,5.4,6.8
Qatar,2025-03-25,12.9,3.7,51.8,19.4,2101.0,6.5,6.6,9.0
South Korea,2025-03-26,16.3,11.6,6.7,33.1,3532.7,5.9,4.3,6.1
Iraq,2025-04-01,25.2,3.2,39.8,11.5,4930.2,8.4,7.4,8.9
Iran,2025-04-10,11.4,6.3,13.3,13.0,2100.8,9.3,8.0,9.1
Singapore,2025-04-14,14.2,24.6,9.7,17.7,4774.4,4.7,4.8,7.3
Netherlands,2025-04-17,8.6,27.2,3.4,11.2,2120.2,5.0,6.3,5.8
Israel,2025-05-16,11.5,7.3,5.1,19.6,2061.7,8.4,7.6,8.4
Netherlands,2025-05-28,9.5,20.5,4.3,11.8,2371.2,3.5,6.1,6.8
Netherlands,2025-05-30,8.4,24.8,2.1,13.3,3282.2,3.1,6.3,5.0
Kuwait,2025-06-06,10.9,4.9,24.8,13.6,1508.3,5.5,7.5,7.3
Malaysia,2025-06-14,13.1,8.2,6.9,37.7,2388.3,5.5,5.5,7.1
Russia,2025-06-16,47.8,7.0,42.8,22.1,9622.0,6.7,8.2,8.5
