route,country_or_region,event_date,route_disruption,shipping_delay,freight_cost_change,trade_volume_exposure,india_import_exposure,india_export_exposure,energy_route_exposure,commodity_exposure,conflict_intensity,supply_route_risk
Malacca Strait,Southeast Asia / Indo-Pacific,2015-01-17,19.1,4.2,-0.2,77.7,75.0,41.3,28.0,81.2,9.4,Moderate
Suez Canal,Mediterranean / Red Sea,2015-01-19,74.0,14.2,51.1,61.5,66.2,66.0,41.3,67.0,54.7,High
Bab el-Mandeb / Red Sea,Gulf of Aden / Red Sea,2015-01-21,31.5,7.3,26.6,87.4,51.7,77.1,57.7,79.7,27.6,Moderate
Bab el-Mandeb / Red Sea,Gulf of Aden / Red Sea,2015-02-09,12.7,2.6,5.1,84.1,54.9,84.2,68.1,67.0,29.0,Low
Strait of Hormuz,Persian Gulf / Arabian Sea,2015-02-13,7.1,3.6,12.4,91.1,87.0,43.8,83.7,56.0,15.4,Moderate
Bab el-Mandeb / Red Sea,Gulf of Aden / Red Sea,2015-02-22,60.6,10.9,46.9,86.7,74.7,71.9,69.1,72.3,52.1,High
Malacca Strait,Southeast Asia / Indo-Pacific,2015-02-28,38.8,7.8,28.3,81.1,73.4,46.4,25.7,86.2,37.6,Moderate
Black Sea & Bosporus,Eurasia / Turkish Straits,2015-03-20,6.5,3.4,2.3,56.8,41.6,20.9,36.0,73.5,21.8,Low
Malacca Strait,Southeast Asia / Indo-Pacific,2015-03-24,20.5,4.9,5.4,76.0,70.8,40.6,34.5,87.2,24.9,Moderate
Bab el-Mandeb / Red Sea,Yemen,2015-03-28,68.6,11.1,27.6,70.1,68.4,80.6,67.3,57.2,77.7,High
Black Sea & Bosporus,Eurasia / Turkish Straits,2015-04-03,25.3,2.5,14.5,52.7,59.4,29.7,39.9,62.2,17.7,Moderate
Malacca Strait,Southeast Asia / Indo-Pacific,2015-04-03,49.8,4.4,27.5,63.8,56.1,46.8,40.9,75.5,28.9,Moderate
Cape of Good Hope,Southern Africa Route,2015-04-20,23.3,3.4,-2.4,64.6,64.7,47.8,31.5,44.3,24.4,Low
Cape of Good Hope,Southern Africa Route,2015-04-30,13.2,4.2,5.5,52.2,43.2,55.5,32.8,36.6,5.4,Low
Cape of Good Hope,Southern Africa Route,2015-05-02,42.8,9.5,10.7,65.6,63.0,53.8,34.5,38.6,33.2,Moderate
Strait of Hormuz,Persian Gulf / Arabian Sea,2015-05-04,21.0,4.0,0.8,92.1,78.7,30.2,82.1,62.9,23.6,Moderate
Cape of Good Hope,Southern Africa Route,2015-05-05,85.4,23.3,55.5,68.4,44.5,51.5,38.2,46.4,84.9,Critical
Strait of Hormuz,Persian Gulf / Arabian Sea,2015-05-16,11.5,1.9,-2.0,92.0,75.4,33.9,83.2,46.5,9.4,Moderate
Bab el-Mandeb / Red Sea,Gulf of Aden / Red Sea,2015-06-01,21.9,1.4,7.3,73.9,74.0,86.5,49.0,73.2,10.2,Moderate
Black Sea & Bosporus,Eurasia / Turkish Straits,2015-06-04,33.3,11.9,13.1,52.7,47.9,36.6,37.4,77.6,54.9,Moderate
Persian Gulf Coastal,Middle East Terminals,2015-06-06,10.4,3.6,0.3,65.6,68.5,44.0,78.2,55.2,28.7,Moderate
Malacca Strait,Southeast Asia / Indo-Pacific,2015-06-09,38.0,9.0,32.3,67.4,73.0,49.1,39.9,84.2,41.1,Moderate
Mozambique Channel,Western Indian Ocean,2015-06-12,80.3,20.9,110.9,48.2,45.2,20.2,32.5,37.5,97.1,Critical
Bab el-Mandeb / Red Sea,Gulf of Aden / Red Sea,2015-06-15,35.5,9.8,32.0,77.4,55.3,76.8,52.8,63.5,40.6,High
Persian Gulf Coastal,Middle East Terminals,2015-06-19,6.2,4.2,4.8,69.6,70.9,42.8,83.9,55.0,19.4,Moderate
Strait of Hormuz,Persian Gulf / Arabian Sea,2015-06-20,34.0,9.4,16.3,90.4,88.6,33.8,90.9,43.4,47.4,High
Bab el-Mandeb / Red Sea,Gulf of Aden / Red Sea,2015-06-28,14.7,2.3,-7.3,86.8,74.0,87.6,48.0,67.2,21.7,Low
Mozambique Channel,Western Indian Ocean,2015-07-01,51.7,8.5,21.4,43.0,28.4,26.3,24.5,41.5,28.4,Moderate
Malacca Strait,Southeast Asia / Indo-Pacific,2015-07-02,14.9,2.5,3.6,78.7,73.9,42.3,44.2,79.6,13.5,Low
Suez Canal,Mediterranean / Red Sea,2015-07-05,25.7,4.2,11.8,65.3,50.7,62.3,54.5,72.1,27.5,Moderate
Persian Gulf Coastal,Middle East Terminals,2015-07-06,49.8,9.1,27.3,69.3,76.1,50.4,87.9,63.6,39.0,High
Black Sea & Bosporus,Eurasia / Turkish Straits,2015-07-07,58.0,11.2,60.9,49.4,42.4,23.7,44.1,72.8,74.7,High
Malacca Strait,Southeast Asia / Indo-Pacific,2015-07-08,25.7,3.8,5.0,80.3,70.7,46.2,35.9,80.1,11.8,Moderate
Cape of Good Hope,Southern Africa Route,2015-07-15,42.4,9.2,34.2,66.5,42.6,47.5,35.6,53.7,34.9,Moderate
Strait of Hormuz,Persian Gulf / Arabian Sea,2015-07-17,51.1,16.5,50.9,78.3,91.6,34.9,83.1,44.0,69.0,Critical
Malacca Strait,Southeast Asia / Indo-Pacific,2015-07-19,43.9,8.3,11.5,81.7,65.9,46.3,28.6,68.1,51.8,Moderate
Strait of Hormuz,Persian Gulf / Arabian Sea,2015-07-20,90.0,17.7,63.7,87.4,70.7,47.8,89.8,56.0,88.2,Critical
Persian Gulf Coastal,Middle East Terminals,2015-07-24,91.8,22.2,100.2,78.2,87.0,37.7,81.0,57.2,85.4,Critical
Bab el-Mandeb / Red Sea,Gulf of Aden / Red Sea,2015-07-29,19.7,3.5,-6.6,76.5,63.4,79.5,59.4,73.0,25.9,Moderate
Bab el-Mandeb / Red Sea,Gulf of Aden / Red Sea,2015-08-08,38.6,10.8,13.9,66.8,54.6,78.7,61.9,60.9,53.8,High
Mozambique Channel,Western Indian Ocean,2015-08-09,39.9,7.0,30.4,36.1,38.2,21.6,31.0,42.3,27.4,Moderate
Bab el-Mandeb / Red Sea,Gulf of Aden / Red Sea,2015-08-11,64.9,16.4,37.0,77.7,51.8,81.3,58.1,78.9,72.1,High
Persian Gulf Coastal,Middle East Terminals,2015-08-13,33.4,10.1,21.2,67.4,68.0,39.1,83.7,50.8,43.8,High
Suez Canal,Mediterranean / Red Sea,2015-08-13,24.8,1.5,-6.5,74.4,60.8,63.3,55.3,73.7,17.3,Moderate
Malacca Strait,Southeast Asia / Indo-Pacific,2015-08-23,14.1,4.1,-6.1,63.4,70.1,59.5,31.2,70.7,11.6,Low
Strait of Hormuz,Persian Gulf / Arabian Sea,2015-08-28,30.3,8.2,29.5,78.9,71.8,47.0,92.2,63.9,48.0,High
Suez Canal,Mediterranean / Red Sea,2015-08-30,38.9,7.7,11.4,80.2,61.6,68.7,55.4,68.6,38.9,Moderate
Bab el-Mandeb / Red Sea,Gulf of Aden / Red Sea,2015-09-02,6.7,2.8,-7.1,71.6,66.1,87.5,47.3,69.9,14.2,Low
Persian Gulf Coastal,Middle East Terminals,2015-09-17,34.8,5.2,13.8,71.0,75.0,41.4,88.3,46.5,45.6,High
Malacca Strait,Southeast Asia / Indo-Pacific,2015-09-17,73.7,17.9,52.9,78.6,64.5,59.7,34.2,82.2,80.3,High
Bab el-Mandeb / Red Sea,Gulf of Aden / Red Sea,2015-09-18,23.2,3.5,-6.8,65.2,59.7,71.2,66.3,71.5,21.4,Moderate
Strait of Hormuz,Persian Gulf / Arabian Sea,2015-09-22,27.0,3.7,10.2,79.2,87.4,37.5,89.4,64.1,6.0,Moderate
Cape of Good Hope,Southern Africa Route,2015-09-23,23.8,4.5,12.8,45.0,43.7,48.7,43.3,44.7,20.9,Low
Bab el-Mandeb / Red Sea,Gulf of Aden / Red Sea,2015-10-01,39.6,7.1,23.1,77.7,65.3,72.4,61.0,57.8,39.9,High
Mozambique Channel,Western Indian Ocean,2015-10-02,30.1,4.9,24.2,47.4,27.1,21.9,32.2,35.7,38.5,Low
Malacca Strait,Southeast Asia / Indo-Pacific,2015-10-03,40.8,9.7,29.8,76.6,77.2,59.7,28.6,78.8,28.7,Moderate
Bab el-Mandeb / Red Sea,Gulf of Aden / Red Sea,2015-10-04,18.5,1.9,-2.9,79.5,55.7,85.8,66.5,56.8,6.8,Low
Mozambique Channel,Western Indian Ocean,2015-10-06,35.2,9.7,28.4,41.1,37.9,35.4,37.8,40.1,36.4,Moderate
Malacca Strait,Southeast Asia / Indo-Pacific,2015-10-09,34.5,7.7,14.3,73.3,57.9,42.3,41.4,83.3,48.0,Moderate
Malacca Strait,Southeast Asia / Indo-Pacific,2015-10-12,7.0,4.6,9.9,77.6,61.3,42.2,44.6,70.1,8.7,Low
Malacca Strait,Southeast Asia / Indo-Pacific,2015-10-15,26.6,1.7,-7.3,64.2,55.7,54.1,32.8,76.3,7.7,Low
Bab el-Mandeb / Red Sea,Gulf of Aden / Red Sea,2015-10-17,9.5,3.3,13.9,80.4,55.9,71.6,46.7,59.8,13.9,Low
Malacca Strait,Southeast Asia / Indo-Pacific,2015-10-18,59.3,13.7,47.6,77.2,65.9,55.8,37.1,82.5,75.2,High
Cape of Good Hope,Southern Africa Route,2015-10-27,19.6,1.1,9.2,56.3,48.5,54.3,48.0,54.4,10.4,Low
Persian Gulf Coastal,Middle East Terminals,2015-11-03,29.9,11.2,16.3,65.3,87.4,49.3,78.5,67.4,36.4,High
Strait of Hormuz,Persian Gulf / Arabian Sea,2015-11-07,34.2,4.9,22.8,85.8,87.5,35.0,88.0,49.4,32.7,High
Mozambique Channel,Western Indian Ocean,2015-11-09,6.6,2.0,-7.1,44.7,36.7,31.3,31.0,44.6,6.5,Low
Cape of Good Hope,Southern Africa Route,2015-11-10,6.4,2.3,-2.6,71.9,63.5,69.2,45.0,53.7,27.7,Low
Black Sea & Bosporus,Eurasia / Turkish Straits,2015-11-15,87.4,24.7,76.8,40.8,54.1,20.2,37.6,69.3,94.4,Critical
Strait of Hormuz,Persian Gulf / Arabian Sea,2015-11-25,55.5,9.3,36.2,75.3,72.5,33.5,90.7,43.8,74.0,Critical
Persian Gulf Coastal,Middle East Terminals,2015-12-02,89.6,20.5,58.6,83.4,75.8,44.1,85.1,61.3,93.7,Critical
Bab el-Mandeb / Red Sea,Gulf of Aden / Red Sea,2015-12-08,11.8,2.8,8.5,75.2,61.2,81.7,67.8,70.4,9.2,Moderate
Mozambique Channel,Western Indian Ocean,2015-12-10,30.1,7.4,30.7,32.6,47.3,31.9,28.4,42.1,32.6,Moderate
Bab el-Mandeb / Red Sea,Gulf of Aden / Red Sea,2015-12-15,48.4,15.4,43.5,84.4,51.1,74.6,62.6,62.8,72.0,High
Cape of Good Hope,Southern Africa Route,2015-12-18,39.5,5.2,12.1,69.9,64.4,48.9,38.2,49.7,27.4,Moderate
Malacca Strait,Southeast Asia / Indo-Pacific,2015-12-28,49.3,7.3,32.8,76.9,60.8,50.4,32.5,73.4,25.2,Moderate
Malacca Strait,Southeast Asia / Indo-Pacific,2015-12-28,52.2,15.5,27.0,69.7,64.8,53.4,33.3,70.0,52.3,High
Malacca Strait,Southeast Asia / Indo-Pacific,2015-12-30,21.4,2.7,6.5,76.6,67.2,57.3,27.8,74.9,11.1,Low
Strait of Hormuz,Persian Gulf / Arabian Sea,2016-01-09,12.8,3.4,-3.7,86.5,72.8,36.3,86.8,58.4,28.6,Moderate
Persian Gulf Coastal,Middle East Terminals,2016-01-12,19.7,2.1,-4.0,76.4,86.0,39.0,88.3,51.7,16.6,Moderate
Cape of Good Hope,Southern Africa Route,2016-01-19,69.9,14.1,42.4,46.1,48.5,56.6,35.6,52.2,61.9,High
Cape of Good Hope,Southern Africa Route,2016-01-26,40.6,8.7,16.8,59.3,50.7,53.7,31.9,55.6,42.0,Moderate
Black Sea & Bosporus,Eurasia / Turkish Straits,2016-01-31,45.2,9.6,31.9,47.2,50.7,37.4,46.2,62.3,38.6,High
Cape of Good Hope,Southern Africa Route,2016-02-01,29.6,11.5,13.9,64.5,55.1,66.1,44.1,55.6,44.8,Moderate
Cape of Good Hope,Southern Africa Route,2016-02-10,26.8,2.0,12.0,62.0,47.3,67.9,47.5,53.1,11.8,Low
Cape of Good Hope,Southern Africa Route,2016-02-11,34.5,5.1,13.4,66.0,50.3,68.0,34.1,40.4,33.4,Moderate
Strait of Hormuz,Persian Gulf / Arabian Sea,2016-02-14,72.8,10.1,61.0,82.0,72.0,46.9,97.0,63.7,55.2,Critical
Suez Canal,Mediterranean / Red Sea,2016-02-18,54.0,11.4,58.2,67.3,57.0,75.4,36.1,54.1,77.0,High
Bab el-Mandeb / Red Sea,Gulf of Aden / Red Sea,2016-02-28,69.7,13.6,59.3,83.4,68.5,75.9,45.2,65.5,55.5,High
Mozambique Channel,Western Indian Ocean,2016-04-06,7.6,1.6,-4.5,48.8,25.5,27.5,35.0,56.4,10.1,Low
Strait of Hormuz,Persian Gulf / Arabian Sea,2016-04-11,66.1,9.5,28.6,89.5,72.2,35.1,84.2,64.7,64.3,Critical
Strait of Hormuz,Persian Gulf / Arabian Sea,2016-04-13,71.2,17.6,39.9,82.9,72.2,36.0,82.5,43.9,76.4,Critical
Black Sea & Bosporus,Eurasia / Turkish Straits,2016-04-27,5.5,2.3,2.6,49.2,59.3,25.3,42.4,74.7,26.6,Low
Mozambique Channel,Western Indian Ocean,2016-05-04,67.7,11.5,38.7,38.0,33.0,21.8,35.9,45.4,72.0,High
Strait of Hormuz,Persian Gulf / Arabian Sea,2016-05-13,20.0,3.1,13.6,85.7,86.3,34.7,81.3,58.4,26.8,Moderate
Persian Gulf Coastal,Middle East Terminals,2016-05-17,14.9,3.2,-5.0,70.1,72.6,49.2,73.4,48.5,19.6,Moderate
Cape of Good Hope,Southern Africa Route,2016-05-17,14.2,3.4,-5.7,71.4,41.6,69.4,38.5,49.9,28.1,Low
Suez Canal,Mediterranean / Red Sea,2016-05-23,85.0,15.9,104.4,79.1,58.6,67.4,38.0,53.5,93.2,Critical
Persian Gulf Coastal,Middle East Terminals,2016-05-30,15.6,1.7,5.2,72.9,65.7,48.7,73.8,49.9,25.5,Moderate
Mozambique Channel,Western Indian Ocean,2016-05-31,14.8,3.0,9.6,39.8,42.4,34.4,40.8,43.2,24.1,Low
Malacca Strait,Southeast Asia / Indo-Pacific,2016-06-02,20.0,1.1,12.2,71.8,56.1,61.9,38.2,80.0,11.4,Low
Bab el-Mandeb / Red Sea,Gulf of Aden / Red Sea,2016-06-07,33.2,7.2,16.8,75.1,65.0,85.5,63.4,70.1,41.2,Moderate
Malacca Strait,Southeast Asia / Indo-Pacific,2016-06-08,41.6,11.3,28.6,75.5,72.2,45.4,39.8,86.9,46.4,High
Malacca Strait,Malaysia/Indonesia,2016-06-14,40.1,4.4,14.0,60.6,59.6,54.3,35.9,70.1,45.4,Moderate
Bab el-Mandeb / Red Sea,Gulf of Aden / Red Sea,2016-06-19,20.3,2.5,9.2,78.1,60.2,84.2,52.6,60.3,9.4,Moderate
Bab el-Mandeb / Red Sea,Gulf of Aden / Red Sea,2016-06-19,18.1,2.1,-5.4,74.6,69.0,70.1,52.4,58.9,16.6,Moderate
Malacca Strait,Southeast Asia / Indo-Pacific,2016-06-21,27.4,10.7,34.9,70.3,75.6,61.0,34.6,77.4,54.6,Moderate
Malacca Strait,Southeast Asia / Indo-Pacific,2016-06-23,69.1,14.4,32.3,69.5,75.9,41.2,27.5,68.5,77.1,High
Bab el-Mandeb / Red Sea,Gulf of Aden / Red Sea,2016-07-04,33.1,6.5,28.8,75.5,75.0,87.9,46.8,60.3,27.2,Moderate
Strait of Hormuz,Persian Gulf / Arabian Sea,2016-07-16,22.6,4.6,-6.1,85.9,75.7,30.1,93.4,40.2,20.0,High
Black Sea & Bosporus,Eurasia / Turkish Straits,2016-07-17,30.8,6.9,13.2,36.9,41.9,27.6,47.6,70.0,43.7,Moderate
Malacca Strait,Southeast Asia / Indo-Pacific,2016-07-21,88.1,16.5,88.8,74.0,68.0,51.5,37.8,72.1,89.5,Critical
Suez Canal,Mediterranean / Red Sea,2016-07-24,19.8,2.7,2.5,75.1,54.8,64.0,47.7,63.8,24.7,Moderate
Suez Canal,Mediterranean / Red Sea,2016-07-30,13.8,4.8,6.1,65.7,50.5,63.4,59.3,72.7,20.6,Moderate
Bab el-Mandeb / Red Sea,Gulf of Aden / Red Sea,2016-07-30,55.8,9.2,44.9,68.0,63.3,70.3,59.0,71.7,62.1,High
Strait of Hormuz,Persian Gulf / Arabian Sea,2016-07-31,35.7,9.2,16.2,89.7,81.0,37.7,90.1,46.5,28.4,High
Strait of Hormuz,Persian Gulf / Arabian Sea,2016-08-02,40.1,12.0,22.0,94.1,80.1,40.7,89.8,56.9,36.3,High
Persian Gulf Coastal,Middle East Terminals,2016-08-03,49.4,12.8,39.8,79.2,76.9,37.5,71.8,48.7,76.2,High
Strait of Hormuz,Persian Gulf / Arabian Sea,2016-08-03,29.6,6.9,20.9,92.6,72.0,46.3,83.3,50.0,43.7,High
Malacca Strait,Southeast Asia / Indo-Pacific,2016-08-19,30.1,11.9,32.0,66.8,66.3,42.0,29.7,70.0,39.8,Moderate
Persian Gulf Coastal,Middle East Terminals,2016-08-30,21.5,4.3,-7.5,77.1,84.4,48.2,90.7,60.9,29.2,Moderate
Bab el-Mandeb / Red Sea,Gulf of Aden / Red Sea,2016-09-04,41.6,4.7,11.3,72.0,65.8,70.3,53.4,67.0,37.2,Moderate
Strait of Hormuz,Persian Gulf / Arabian Sea,2016-09-05,47.4,10.1,26.9,86.5,75.9,38.3,88.1,55.8,39.7,High
Mozambique Channel,Western Indian Ocean,2016-09-11,17.4,1.7,-1.1,35.1,36.5,22.6,30.1,42.4,28.0,Low
Cape of Good Hope,Southern Africa Route,2016-09-29,26.0,8.0,24.8,68.6,51.0,58.1,41.4,53.1,51.1,Moderate
Black Sea & Bosporus,Eurasia / Turkish Straits,2016-10-07,34.0,5.1,31.2,45.4,55.8,24.9,45.2,68.5,38.2,Moderate
Strait of Hormuz,Persian Gulf / Arabian Sea,2016-10-13,5.3,3.7,-6.8,83.6,83.1,30.2,88.6,47.1,25.7,Moderate
Suez Canal,Mediterranean / Red Sea,2016-10-14,69.4,8.2,40.3,79.0,66.2,73.1,38.8,68.2,73.9,High
Cape of Good Hope,Southern Africa Route,2016-10-20,11.3,2.6,7.4,50.4,40.4,62.6,53.0,48.7,15.1,Low
Strait of Hormuz,Persian Gulf / Arabian Sea,2016-11-01,38.7,6.8,25.1,89.8,80.0,30.5,80.9,56.0,49.4,High
Suez Canal,Mediterranean / Red Sea,2016-11-02,69.1,14.1,45.2,80.5,62.6,71.6,52.9,74.1,51.9,High
Black Sea & Bosporus,Eurasia / Turkish Straits,2016-11-22,19.4,3.9,9.4,37.3,37.6,24.3,26.9,74.8,15.7,Low
Cape of Good Hope,Southern Africa Route,2016-11-24,46.2,10.5,30.1,59.4,54.9,49.2,54.5,42.3,42.1,High
Suez Canal,Mediterranean / Red Sea,2016-11-26,61.3,11.8,46.8,72.0,64.9,74.3,52.2,54.1,52.8,High
Strait of Hormuz,Persian Gulf / Arabian Sea,2016-12-01,37.9,7.8,33.7,79.7,85.0,37.8,84.7,53.3,52.7,High
Strait of Hormuz,Persian Gulf / Arabian Sea,2016-12-04,48.0,8.7,52.9,88.1,86.1,33.4,86.7,57.6,64.7,Critical
Bab el-Mandeb / Red Sea,Gulf of Aden / Red Sea,2016-12-13,65.8,8.9,42.4,68.7,73.2,85.8,64.2,60.5,70.0,High
Suez Canal,Mediterranean / Red Sea,2017-01-04,66.8,12.6,47.3,63.0,48.1,70.2,48.3,64.0,75.7,High
Cape of Good Hope,Southern Africa Route,2017-01-09,17.3,2.6,-6.2,63.3,43.8,54.0,35.4,35.9,24.1,Low
Malacca Strait,Southeast Asia / Indo-Pacific,2017-01-15,34.5,11.2,16.7,75.0,75.9,51.0,29.0,81.9,53.4,Moderate
Malacca Strait,Southeast Asia / Indo-Pacific,2017-01-20,73.3,15.0,30.4,69.9,59.1,53.0,39.3,69.6,61.6,High
Black Sea & Bosporus,Eurasia / Turkish Straits,2017-01-25,15.8,4.0,8.7,57.8,60.6,38.0,41.4,65.6,19.0,Low
Bab el-Mandeb / Red Sea,Gulf of Aden / Red Sea,2017-01-29,28.0,8.5,15.3,82.2,70.2,69.4,69.6,76.8,31.0,Moderate
Suez Canal,Mediterranean / Red Sea,2017-01-29,13.7,4.3,5.1,60.6,57.8,73.5,40.7,52.2,5.5,Low
Suez Canal,Mediterranean / Red Sea,2017-02-06,51.4,10.3,35.1,78.7,49.8,68.7,37.4,73.4,70.8,Moderate
Suez Canal,Mediterranean / Red Sea,2017-02-18,38.4,11.4,23.0,78.2,46.8,73.3,55.6,63.6,49.0,Moderate
Cape of Good Hope,Southern Africa Route,2017-02-22,8.5,4.9,-7.5,52.6,43.1,56.0,30.2,37.3,29.3,Low
Black Sea & Bosporus,Eurasia / Turkish Straits,2017-02-26,72.2,16.0,62.6,35.3,53.2,33.4,34.9,73.1,60.3,High
Bab el-Mandeb / Red Sea,Gulf of Aden / Red Sea,2017-03-03,43.3,9.8,26.5,79.4,72.6,79.9,52.7,66.0,50.2,High
Strait of Hormuz,Persian Gulf / Arabian Sea,2017-03-05,83.2,26.3,106.2,90.8,79.1,48.7,89.1,60.5,81.4,Critical
Malacca Strait,Southeast Asia / Indo-Pacific,2017-03-11,17.2,1.4,0.3,71.9,60.0,56.9,38.2,71.4,24.0,Low
Malacca Strait,Southeast Asia / Indo-Pacific,2017-03-13,84.1,24.6,112.2,76.5,66.6,40.4,38.2,77.2,87.0,Critical
Bab el-Mandeb / Red Sea,Gulf of Aden / Red Sea,2017-03-15,19.2,1.2,5.7,70.0,65.0,67.8,68.9,57.2,27.3,Moderate
Persian Gulf Coastal,Middle East Terminals,2017-03-18,73.3,21.1,73.1,77.4,69.3,37.8,71.0,47.9,86.1,Critical
Strait of Hormuz,Persian Gulf / Arabian Sea,2017-03-18,52.9,8.9,55.1,92.4,88.2,43.7,85.4,57.1,65.2,Critical
Malacca Strait,Southeast Asia / Indo-Pacific,2017-03-24,74.0,13.1,44.8,69.1,74.3,50.8,26.7,65.7,69.2,High
Malacca Strait,Southeast Asia / Indo-Pacific,2017-03-26,25.2,2.2,10.3,80.2,76.5,55.8,43.3,87.8,22.0,Moderate
Cape of Good Hope,Southern Africa Route,2017-04-04,39.7,9.2,32.7,46.9,44.1,52.7,48.7,49.2,49.8,Moderate
Suez Canal,Mediterranean / Red Sea,2017-04-20,73.1,13.2,32.8,72.8,61.1,73.5,51.9,59.0,72.0,High
Persian Gulf Coastal,Middle East Terminals,2017-04-21,16.5,3.0,4.5,75.8,65.4,50.3,91.8,65.2,25.2,Moderate
Persian Gulf Coastal,Middle East Terminals,2017-04-24,49.8,17.3,64.4,74.8,72.5,44.2,75.4,54.3,74.3,Critical
Malacca Strait,Southeast Asia / Indo-Pacific,2017-04-28,45.3,8.4,25.6,75.3,70.4,48.3,43.1,77.1,54.8,Moderate
Black Sea & Bosporus,Eurasia / Turkish Straits,2017-05-05,38.8,10.0,17.4,57.4,60.8,29.9,27.8,72.5,26.6,Moderate
Cape of Good Hope,Southern Africa Route,2017-05-06,21.2,4.2,5.3,59.5,49.1,49.9,32.8,51.8,25.0,Moderate
Suez Canal,Mediterranean / Red Sea,2017-05-10,51.9,6.3,26.9,70.2,48.4,66.4,41.5,65.4,37.5,Moderate
Black Sea & Bosporus,Eurasia / Turkish Straits,2017-05-10,24.2,4.3,0.2,38.0,37.1,39.1,37.3,60.2,24.5,Low
Black Sea & Bosporus,Eurasia / Turkish Straits,2017-05-21,28.9,5.9,31.1,48.5,37.3,35.4,28.7,70.5,50.7,Moderate
Cape of Good Hope,Southern Africa Route,2017-05-30,8.6,3.4,10.8,56.2,48.3,47.8,46.9,47.0,21.5,Low
Suez Canal,Mediterranean / Red Sea,2017-06-05,29.1,7.3,27.2,62.2,47.3,76.6,49.7,59.6,50.8,Moderate
Persian Gulf Coastal,Middle East Terminals,2017-06-13,49.0,7.3,30.7,79.6,72.2,41.3,75.6,66.9,37.0,High
Cape of Good Hope,Southern Africa Route,2017-06-18,26.3,9.1,23.1,62.8,42.6,62.3,41.1,50.0,44.9,Moderate
Strait of Hormuz,Persian Gulf / Arabian Sea,2017-06-22,12.2,4.2,15.0,90.8,77.3,46.9,97.1,41.4,16.6,Moderate
Mozambique Channel,Western Indian Ocean,2017-07-15,34.5,10.9,22.2,40.1,36.5,22.5,23.6,36.8,39.5,Moderate
Suez Canal,Mediterranean / Red Sea,2017-07-21,9.6,1.6,10.2,73.9,53.5,77.7,48.8,65.3,5.7,Low
Strait of Hormuz,Persian Gulf / Arabian Sea,2017-08-09,91.7,22.1,111.8,88.4,75.9,30.8,93.6,51.8,98.0,Critical
Cape of Good Hope,Southern Africa Route,2017-08-13,59.1,11.5,46.4,52.1,47.2,55.0,48.7,43.5,69.6,High
Suez Canal,Mediterranean / Red Sea,2017-08-21,73.7,26.5,66.8,64.6,66.1,67.3,56.5,58.1,83.4,Critical
Malacca Strait,Southeast Asia / Indo-Pacific,2017-08-25,72.6,23.2,67.3,80.2,56.3,61.9,29.4,84.5,93.8,Critical
Bab el-Mandeb / Red Sea,Gulf of Aden / Red Sea,2017-08-30,9.8,4.6,0.3,75.5,51.2,87.6,53.1,72.6,16.7,Low
Malacca Strait,Southeast Asia / Indo-Pacific,2017-09-02,6.1,1.1,12.3,63.5,74.0,59.7,25.6,66.5,13.9,Low
Persian Gulf Coastal,Middle East Terminals,2017-09-08,10.9,1.7,-4.5,66.5,86.9,47.6,80.2,58.0,24.0,Moderate
Suez Canal,Mediterranean / Red Sea,2017-09-08,50.7,14.9,46.8,69.0,54.2,64.2,38.1,71.2,77.4,High
Persian Gulf Coastal,Middle East Terminals,2017-09-22,13.8,3.6,8.1,78.7,77.3,39.7,79.7,45.2,27.6,Moderate
Persian Gulf Coastal,Middle East Terminals,2017-10-06,94.1,26.2,103.3,78.9,67.6,44.0,70.5,49.8,75.3,Critical
Malacca Strait,Southeast Asia / Indo-Pacific,2017-10-07,74.0,12.6,43.4,60.6,57.7,41.5,37.7,87.9,66.4,High
Mozambique Channel,Western Indian Ocean,2017-10-12,89.8,22.2,105.5,28.7,30.7,31.3,26.2,37.9,81.8,Critical
Bab el-Mandeb / Red Sea,Gulf of Aden / Red Sea,2017-10-14,66.5,11.0,27.9,75.1,62.1,69.7,60.2,62.8,51.7,High
Bab el-Mandeb / Red Sea,Gulf of Aden / Red Sea,2017-10-16,50.3,16.8,34.8,79.0,59.5,65.7,66.3,59.5,63.0,High
Bab el-Mandeb / Red Sea,Gulf of Aden / Red Sea,2017-10-21,61.4,14.2,43.3,65.2,59.9,84.4,54.5,76.6,53.8,High
Strait of Hormuz,Persian Gulf / Arabian Sea,2017-10-27,22.6,3.4,10.2,85.5,79.9,38.9,95.5,64.8,10.6,Moderate
Suez Canal,Mediterranean / Red Sea,2017-11-04,19.9,3.8,-4.2,62.3,61.2,73.9,37.1,67.7,23.3,Low
Malacca Strait,Southeast Asia / Indo-Pacific,2017-11-11,85.6,27.7,95.3,81.4,71.0,47.3,37.7,85.3,90.6,Critical
Strait of Hormuz,Persian Gulf / Arabian Sea,2017-11-18,35.3,11.8,26.8,92.8,70.9,33.6,83.1,52.3,29.0,High
Strait of Hormuz,Persian Gulf / Arabian Sea,2017-11-21,50.4,5.1,15.1,80.4,83.9,42.9,92.9,54.1,43.9,High
Malacca Strait,Southeast Asia / Indo-Pacific,2017-12-11,16.8,1.6,-5.1,76.2,56.2,56.0,44.5,81.3,14.5,Low
Malacca Strait,Southeast Asia / Indo-Pacific,2017-12-21,43.7,4.5,13.0,68.9,66.6,59.7,39.1,72.2,34.2,Moderate
Suez Canal,Mediterranean / Red Sea,2017-12-22,29.6,7.2,20.7,62.2,53.5,80.8,37.9,68.0,32.8,Moderate
Strait of Hormuz,Persian Gulf / Arabian Sea,2017-12-26,23.8,2.8,14.9,79.7,87.8,41.8,86.3,57.8,24.4,Moderate
Black Sea & Bosporus,Eurasia / Turkish Straits,2018-01-04,17.5,1.7,12.4,46.1,42.1,29.3,30.7,66.7,14.2,Low
Cape of Good Hope,Southern Africa Route,2018-02-01,22.1,4.2,1.5,49.9,47.2,60.9,45.4,41.8,26.3,Low
Mozambique Channel,Western Indian Ocean,2018-02-01,66.6,12.8,41.9,29.2,28.0,33.1,41.6,54.4,74.8,High
Cape of Good Hope,Southern Africa Route,2018-02-10,15.7,2.6,13.2,51.5,52.2,56.2,54.0,46.9,22.0,Moderate
Malacca Strait,Southeast Asia / Indo-Pacific,2018-02-11,6.3,2.2,13.7,76.6,57.4,40.3,30.7,76.0,20.9,Low
Cape of Good Hope,Southern Africa Route,2018-02-12,14.5,1.8,-3.2,60.4,64.5,58.2,32.2,53.1,6.5,Low
Mozambique Channel,Western Indian Ocean,2018-02-14,54.6,15.1,60.5,45.2,39.0,27.2,21.0,54.8,62.4,High
Suez Canal,Mediterranean / Red Sea,2018-02-16,80.3,16.9,85.9,64.5,57.9,70.6,59.7,64.4,87.8,Critical
Strait of Hormuz,Persian Gulf / Arabian Sea,2018-02-18,35.7,5.9,34.2,88.8,85.1,33.1,93.9,46.2,42.4,High
Mozambique Channel,Western Indian Ocean,2018-02-20,66.7,14.7,55.8,44.5,31.4,21.1,28.5,57.9,57.2,High
Bab el-Mandeb / Red Sea,Gulf of Aden / Red Sea,2018-02-20,48.3,6.1,27.8,71.9,53.7,82.6,67.5,75.1,51.8,High
Black Sea & Bosporus,Eurasia / Turkish Straits,2018-02-27,40.1,10.6,11.2,51.3,36.0,37.1,41.7,81.0,29.4,Moderate
Malacca Strait,Southeast Asia / Indo-Pacific,2018-03-04,53.7,13.0,57.1,80.8,69.6,61.6,39.2,71.3,74.8,High
Bab el-Mandeb / Red Sea,Gulf of Aden / Red Sea,2018-03-06,29.0,8.9,25.4,76.5,72.1,76.0,47.2,64.6,44.4,Moderate
Strait of Hormuz,Persian Gulf / Arabian Sea,2018-03-09,51.8,13.4,35.5,76.5,71.7,30.4,89.1,40.8,74.8,Critical
Mozambique Channel,Western Indian Ocean,2018-03-18,76.8,25.6,110.2,35.9,28.8,33.3,30.8,56.9,86.9,Critical
Mozambique Channel,Western Indian Ocean,2018-03-25,42.3,8.2,32.2,37.6,31.3,34.6,27.3,51.8,29.0,Moderate
Bab el-Mandeb / Red Sea,Gulf of Aden / Red Sea,2018-03-28,49.5,4.8,14.6,73.4,57.6,67.2,45.3,68.8,53.4,Moderate
Suez Canal,Mediterranean / Red Sea,2018-04-02,50.8,10.9,26.0,70.5,59.1,68.9,57.7,52.0,52.9,High
Suez Canal,Mediterranean / Red Sea,2018-04-09,49.3,11.5,43.2,83.1,61.4,66.3,59.3,71.0,54.7,High
Suez Canal,Mediterranean / Red Sea,2018-04-11,16.6,4.1,-1.6,77.0,47.7,81.5,44.8,69.9,29.7,Low
Suez Canal,Mediterranean / Red Sea,2018-04-11,81.7,23.5,112.5,61.0,66.1,74.0,58.9,60.8,90.7,Critical
Persian Gulf Coastal,Middle East Terminals,2018-04-25,10.2,2.2,10.0,80.5,76.4,45.2,82.6,51.2,19.1,Moderate
Bab el-Mandeb / Red Sea,Gulf of Aden / Red Sea,2018-05-01,5.1,3.5,1.1,86.4,74.0,76.9,67.3,78.4,28.1,Moderate
Persian Gulf Coastal,Middle East Terminals,2018-05-08,12.6,2.5,11.2,78.1,80.8,40.1,88.1,67.2,17.5,Moderate
Malacca Strait,Southeast Asia / Indo-Pacific,2018-05-10,48.9,9.6,31.8,66.9,62.9,58.2,43.0,79.0,46.6,High
Strait of Hormuz,Persian Gulf / Arabian Sea,2018-05-10,62.6,12.5,56.0,89.7,89.4,42.4,86.6,55.5,64.2,Critical
Bab el-Mandeb / Red Sea,Gulf of Aden / Red Sea,2018-05-21,63.7,14.6,59.6,76.1,58.3,82.5,54.4,78.3,62.5,High
Persian Gulf Coastal,Middle East Terminals,2018-05-25,72.7,26.3,67.2,79.8,68.6,40.6,74.6,52.9,95.5,Critical
Malacca Strait,Southeast Asia / Indo-Pacific,2018-05-27,39.6,5.6,20.1,70.0,72.6,44.0,25.4,81.2,43.7,Moderate
Bab el-Mandeb / Red Sea,Gulf of Aden / Red Sea,2018-05-29,75.6,18.4,100.1,83.9,73.0,76.8,59.3,69.3,96.7,Critical
Suez Canal,Mediterranean / Red Sea,2018-06-05,13.8,2.9,-2.5,74.4,67.8,66.5,59.4,66.5,19.3,Moderate
Suez Canal,Mediterranean / Red Sea,2018-06-15,55.7,9.7,36.8,77.2,65.8,70.2,51.2,52.3,75.7,High
Strait of Hormuz,Persian Gulf / Arabian Sea,2018-07-04,21.5,2.9,1.4,86.5,72.8,36.3,81.3,51.6,15.2,Moderate
Persian Gulf Coastal,Middle East Terminals,2018-07-11,16.3,3.8,-5.7,67.7,87.4,43.9,88.2,51.2,26.7,Moderate
Malacca Strait,Southeast Asia / Indo-Pacific,2018-07-19,51.6,6.8,23.5,62.2,73.9,45.2,28.8,71.9,31.3,Moderate
Suez Canal,Mediterranean / Red Sea,2018-07-22,11.7,2.1,6.8,71.1,64.8,68.0,49.7,74.1,11.8,Moderate
Mozambique Channel,Western Indian Ocean,2018-07-26,54.7,14.4,34.9,43.0,31.6,36.9,20.6,54.5,66.8,Moderate
Strait of Hormuz,Persian Gulf / Arabian Sea,2018-08-16,43.7,6.9,11.3,87.7,91.0,31.0,85.2,56.0,35.8,High
Cape of Good Hope,Southern Africa Route,2018-08-24,15.6,3.4,-7.6,62.5,40.1,56.9,52.5,51.8,22.3,Low
Suez Canal,Mediterranean / Red Sea,2018-08-25,26.1,2.3,11.0,63.0,60.5,61.2,40.6,62.9,19.3,Low
Strait of Hormuz,Persian Gulf / Arabian Sea,2018-08-28,75.9,27.3,83.7,76.6,74.3,49.1,84.9,55.6,81.5,Critical
Black Sea & Bosporus,Eurasia / Turkish Straits,2018-08-30,51.9,6.2,27.0,44.0,55.5,37.7,30.6,66.9,39.0,Moderate
Strait of Hormuz,Persian Gulf / Arabian Sea,2018-09-06,26.8,2.8,7.9,83.7,72.3,38.7,87.2,42.0,14.0,High
Malacca Strait,Southeast Asia / Indo-Pacific,2018-09-11,45.2,11.2,15.8,65.0,60.5,49.1,29.0,85.5,28.3,Moderate
Cape of Good Hope,Southern Africa Route,2018-09-12,43.0,8.2,23.7,60.3,62.5,52.7,49.7,40.7,38.7,Moderate
Black Sea & Bosporus,Eurasia / Turkish Straits,2018-09-18,21.4,4.9,1.1,42.5,57.1,23.5,48.8,81.4,6.2,Low
Malacca Strait,Southeast Asia / Indo-Pacific,2018-09-19,78.3,19.5,90.1,73.1,66.7,51.2,34.8,77.9,94.4,Critical
Malacca Strait,Southeast Asia / Indo-Pacific,2018-09-20,33.3,8.7,24.1,67.0,64.9,40.1,29.9,70.1,35.9,Moderate
Bab el-Mandeb / Red Sea,Gulf of Aden / Red Sea,2018-09-24,19.4,1.4,3.0,78.6,65.7,72.7,51.3,57.7,25.2,Moderate
Black Sea & Bosporus,Eurasia / Turkish Straits,2018-10-02,23.6,4.0,5.5,41.0,42.5,31.7,27.2,62.7,20.1,Low
Black Sea & Bosporus,Eurasia / Turkish Straits,2018-10-02,73.0,27.6,61.6,41.6,37.9,28.7,43.2,67.8,97.1,Critical
Bab el-Mandeb / Red Sea,Gulf of Aden / Red Sea,2018-10-17,7.6,2.9,13.6,87.1,55.2,82.1,50.6,63.8,19.5,Low
Cape of Good Hope,Southern Africa Route,2018-10-18,26.9,1.9,-0.9,49.0,41.2,69.6,45.3,54.2,25.2,Low
Persian Gulf Coastal,Middle East Terminals,2018-11-10,56.5,9.9,55.8,69.2,75.3,46.2,78.2,58.3,69.5,Critical
Bab el-Mandeb / Red Sea,Gulf of Aden / Red Sea,2018-11-10,70.2,13.2,34.5,78.8,61.0,67.2,56.2,58.1,52.0,High
Black Sea & Bosporus,Eurasia / Turkish Straits,2018-11-12,14.8,5.0,1.5,41.1,41.3,26.2,27.1,77.2,6.4,Low
Mozambique Channel,Western Indian Ocean,2018-11-20,16.5,1.8,8.1,46.4,31.4,23.2,22.9,48.2,14.3,Low
Malacca Strait,Southeast Asia / Indo-Pacific,2018-11-25,25.6,4.0,7.8,68.5,58.7,52.6,44.3,84.7,12.1,Moderate
Malacca Strait,Southeast Asia / Indo-Pacific,2018-11-28,32.6,9.4,22.2,61.0,64.1,53.2,25.2,71.9,45.0,Moderate
Cape of Good Hope,Southern Africa Route,2018-12-09,27.8,2.6,-5.1,67.5,58.9,69.5,41.6,53.0,29.5,Moderate
Bab el-Mandeb / Red Sea,Gulf of Aden / Red Sea,2018-12-14,71.7,11.7,31.3,81.2,65.3,87.7,61.3,55.2,73.3,High
Bab el-Mandeb / Red Sea,Gulf of Aden / Red Sea,2018-12-24,15.2,3.2,-3.0,82.1,60.4,75.2,49.1,73.2,27.2,Moderate
Cape of Good Hope,Southern Africa Route,2018-12-28,84.3,28.0,104.9,62.1,60.7,53.1,36.0,48.6,84.5,Critical
Strait of Hormuz,Persian Gulf / Arabian Sea,2019-01-01,81.0,19.3,74.3,93.3,75.5,40.8,93.8,42.9,77.6,Critical
Strait of Hormuz,Persian Gulf / Arabian Sea,2019-01-02,73.4,12.2,61.6,80.8,76.9,32.1,89.1,43.9,51.4,Critical
Strait of Hormuz,Persian Gulf / Arabian Sea,2019-01-03,41.1,10.3,31.6,83.3,87.1,44.5,90.1,64.8,25.4,High
Cape of Good Hope,Southern Africa Route,2019-01-05,22.4,4.8,2.3,45.1,48.5,50.9,48.6,49.5,19.3,Low
Persian Gulf Coastal,Middle East Terminals,2019-01-07,95.8,16.4,65.4,79.8,73.3,46.8,85.5,53.1,82.3,Critical
Bab el-Mandeb / Red Sea,Gulf of Aden / Red Sea,2019-01-07,81.0,21.2,76.5,72.2,61.6,77.0,57.4,64.0,92.5,Critical
Suez Canal,Mediterranean / Red Sea,2019-01-09,14.8,1.0,3.5,77.8,51.2,80.4,49.4,50.8,23.3,Low
Strait of Hormuz,Persian Gulf / Arabian Sea,2019-01-12,69.8,8.0,59.8,91.7,90.4,30.5,82.2,53.3,61.3,Critical
Strait of Hormuz,Persian Gulf / Arabian Sea,2019-01-21,75.4,18.3,67.2,78.2,85.1,46.5,92.5,41.0,77.8,Critical
Strait of Hormuz,Persian Gulf / Arabian Sea,2019-01-29,74.2,15.4,52.1,84.7,86.3,45.9,86.3,63.5,56.5,Critical
Persian Gulf Coastal,Middle East Terminals,2019-01-29,72.4,18.2,74.0,66.4,74.8,46.0,76.4,48.1,83.7,Critical
Suez Canal,Mediterranean / Red Sea,2019-01-31,5.1,2.2,0.3,63.3,49.3,69.9,48.9,60.2,11.7,Low
Suez Canal,Mediterranean / Red Sea,2019-02-05,27.9,8.0,33.6,79.6,64.9,71.5,46.5,74.1,26.3,Moderate
Suez Canal,Mediterranean / Red Sea,2019-02-08,26.9,2.4,9.6,85.0,48.6,66.5,54.7,62.7,9.8,Moderate
Suez Canal,Mediterranean / Red Sea,2019-02-20,53.4,13.1,45.0,63.4,52.7,70.4,46.4,65.2,51.3,High
Malacca Strait,Southeast Asia / Indo-Pacific,2019-02-25,45.4,10.1,21.0,69.4,71.9,54.4,30.0,85.1,31.6,Moderate
Suez Canal,Mediterranean / Red Sea,2019-03-02,73.5,16.1,62.6,82.3,55.5,61.8,57.4,57.2,51.8,High
Bab el-Mandeb / Red Sea,Gulf of Aden / Red Sea,2019-03-05,19.0,4.0,-5.4,87.2,52.7,65.6,52.8,71.9,25.5,Low
Suez Canal,Mediterranean / Red Sea,2019-03-07,35.9,8.5,29.5,74.6,59.6,81.9,52.2,73.7,51.2,Moderate
Black Sea & Bosporus,Eurasia / Turkish Straits,2019-03-09,42.5,4.7,21.7,59.4,45.7,24.2,34.6,70.6,51.1,Moderate
Persian Gulf Coastal,Middle East Terminals,2019-03-16,10.4,1.1,12.3,83.3,70.1,36.3,88.1,65.9,19.0,Moderate
Bab el-Mandeb / Red Sea,Gulf of Aden / Red Sea,2019-03-23,93.2,24.6,84.5,65.1,68.3,70.2,66.9,62.8,75.4,Critical
Suez Canal,Mediterranean / Red Sea,2019-03-23,81.9,17.4,95.3,80.7,46.9,81.8,51.2,50.8,81.9,Critical
Persian Gulf Coastal,Middle East Terminals,2019-03-27,50.0,11.5,34.3,74.8,79.7,46.8,79.0,45.9,36.2,High
Mozambique Channel,Western Indian Ocean,2019-03-30,12.3,1.4,8.4,28.7,25.9,36.5,30.4,54.1,13.4,Low
Suez Canal,Mediterranean / Red Sea,2019-03-31,47.7,8.6,19.7,81.6,62.3,75.5,42.9,50.8,42.9,Moderate
Cape of Good Hope,Southern Africa Route,2019-04-03,49.3,8.5,34.2,63.8,46.3,56.7,53.4,51.0,51.9,High
Suez Canal,Mediterranean / Red Sea,2019-04-08,26.5,4.1,14.3,70.8,63.0,72.4,56.4,52.4,40.0,Moderate
Strait of Hormuz,Persian Gulf / Arabian Sea,2019-04-09,73.1,11.7,34.5,83.4,91.8,36.7,83.5,56.7,52.6,Critical
Mozambique Channel,Western Indian Ocean,2019-04-11,33.7,4.8,22.2,30.1,36.4,34.6,34.7,38.8,45.7,Moderate
Malacca Strait,Southeast Asia / Indo-Pacific,2019-04-11,34.5,11.8,18.0,61.0,74.2,47.7,39.8,65.6,25.8,Moderate
Strait of Hormuz,Persian Gulf / Arabian Sea,2019-04-13,7.5,1.8,11.8,83.4,73.3,31.9,88.6,55.4,17.6,Moderate
Suez Canal,Mediterranean / Red Sea,2019-04-17,54.7,11.5,36.0,78.1,47.6,77.8,45.5,69.2,76.2,High
Cape of Good Hope,Southern Africa Route,2019-04-26,30.0,9.0,11.6,70.7,41.3,69.8,53.5,38.1,39.7,Moderate
Persian Gulf Coastal,Middle East Terminals,2019-04-30,17.1,2.3,5.0,79.0,68.5,48.5,91.9,67.3,13.2,Moderate
Strait of Hormuz,Persian Gulf / Arabian Sea,2019-05-02,44.1,4.5,20.2,83.3,74.6,38.4,96.3,54.6,41.3,High
Strait of Hormuz,Persian Gulf / Arabian Sea,2019-05-07,59.3,17.6,61.1,93.7,85.9,33.8,82.9,64.9,72.8,Critical
Mozambique Channel,Western Indian Ocean,2019-05-10,74.2,24.7,112.2,43.8,33.0,32.8,34.0,43.5,92.7,Critical
Strait of Hormuz,Persian Gulf / Arabian Sea,2019-05-12,89.1,17.4,52.2,87.6,84.9,43.9,91.6,46.5,93.7,Critical
Black Sea & Bosporus,Eurasia / Turkish Straits,2019-05-20,34.1,8.8,29.7,36.6,37.6,33.6,32.1,78.1,44.4,Moderate
Bab el-Mandeb / Red Sea,Gulf of Aden / Red Sea,2019-05-26,17.4,2.2,4.3,75.3,74.9,65.9,46.4,74.7,25.9,Low
Malacca Strait,Southeast Asia / Indo-Pacific,2019-06-02,49.2,11.9,39.9,67.9,56.6,45.3,38.1,67.4,70.9,High
Strait of Hormuz,Persian Gulf / Arabian Sea,2019-06-02,21.1,4.6,5.2,93.8,80.8,38.7,95.2,59.5,17.9,High
Strait of Hormuz,Iran/Oman,2019-06-13,89.2,17.0,66.2,89.0,77.5,33.1,97.2,48.4,90.4,Critical
Mozambique Channel,Western Indian Ocean,2019-06-18,12.3,3.4,13.7,34.0,28.4,35.4,28.1,43.6,27.7,Low
Malacca Strait,Southeast Asia / Indo-Pacific,2019-06-19,21.4,3.6,11.1,61.7,69.4,51.4,41.0,79.1,10.5,Moderate
Mozambique Channel,Western Indian Ocean,2019-06-21,73.1,17.0,73.2,35.1,32.3,27.0,30.1,36.5,79.0,High
Cape of Good Hope,Southern Africa Route,2019-06-27,84.4,24.9,74.7,54.7,46.5,57.8,42.4,37.5,87.3,Critical
Mozambique Channel,Western Indian Ocean,2019-06-27,75.2,22.3,104.0,42.4,31.9,32.3,37.7,53.3,80.6,Critical
Suez Canal,Mediterranean / Red Sea,2019-06-29,49.1,8.2,61.8,74.4,58.2,75.6,45.4,52.9,74.1,High
Black Sea & Bosporus,Eurasia / Turkish Straits,2019-06-29,25.2,12.0,34.2,49.0,51.0,25.7,42.1,72.0,50.2,Moderate
Persian Gulf Coastal,Middle East Terminals,2019-06-30,90.9,19.1,101.4,75.7,75.5,48.5,84.8,58.4,75.3,Critical
Persian Gulf Coastal,Middle East Terminals,2019-07-03,71.1,14.6,54.9,79.0,68.7,39.3,78.8,52.8,62.5,Critical
Suez Canal,Mediterranean / Red Sea,2019-07-12,27.8,2.5,-6.3,62.9,51.7,64.3,49.6,69.1,5.8,Low
Strait of Hormuz,Persian Gulf / Arabian Sea,2019-07-15,15.7,2.1,11.4,86.1,70.2,34.0,90.1,47.6,13.2,Moderate
Cape of Good Hope,Southern Africa Route,2019-07-25,24.6,4.5,-7.3,67.5,60.9,51.2,41.4,58.0,9.8,Low
Strait of Hormuz,Persian Gulf / Arabian Sea,2019-07-27,30.5,8.4,29.7,88.9,89.5,45.6,87.3,44.9,44.6,High
Cape of Good Hope,Southern Africa Route,2019-07-29,83.3,16.1,79.6,58.2,45.8,68.6,30.7,53.4,77.8,High
Malacca Strait,Southeast Asia / Indo-Pacific,2019-08-01,53.7,8.4,35.4,71.9,70.0,43.3,32.8,85.5,75.0,High
Bab el-Mandeb / Red Sea,Gulf of Aden / Red Sea,2019-08-02,40.2,4.1,28.0,71.5,52.1,75.3,69.8,76.7,44.9,Moderate
Persian Gulf Coastal,Middle East Terminals,2019-08-06,55.4,8.8,56.2,79.7,86.3,41.7,79.3,66.1,63.8,Critical
Cape of Good Hope,Southern Africa Route,2019-08-07,73.5,18.1,92.1,58.0,47.6,62.6,51.4,53.7,77.1,Critical
Strait of Hormuz,Persian Gulf / Arabian Sea,2019-08-10,26.6,11.7,14.5,81.0,72.2,32.8,96.1,46.4,46.4,High
Bab el-Mandeb / Red Sea,Gulf of Aden / Red Sea,2019-08-14,6.0,1.1,14.9,70.4,63.4,73.9,54.3,78.7,7.9,Low
Suez Canal,Mediterranean / Red Sea,2019-08-25,44.7,9.4,34.6,70.1,52.8,79.0,41.2,54.8,28.0,Moderate
Malacca Strait,Southeast Asia / Indo-Pacific,2019-08-29,9.0,3.8,5.7,73.5,57.0,58.2,31.0,74.6,22.9,Low
Bab el-Mandeb / Red Sea,Gulf of Aden / Red Sea,2019-08-31,11.6,1.6,7.8,70.5,53.7,65.6,64.9,62.8,10.9,Low
Cape of Good Hope,Southern Africa Route,2019-09-09,34.0,8.5,25.9,50.4,47.0,64.8,37.7,47.7,25.3,Moderate
Persian Gulf Coastal,Saudi Arabia,2019-09-15,80.4,15.7,55.4,81.1,81.8,45.7,91.4,53.7,88.2,Critical
Persian Gulf Coastal,Middle East Terminals,2019-09-18,51.9,9.3,53.4,79.1,84.9,37.4,74.7,55.9,53.6,High
Black Sea & Bosporus,Eurasia / Turkish Straits,2019-09-24,46.3,6.9,32.4,51.0,37.3,35.4,41.4,68.9,41.1,Moderate
Malacca Strait,Southeast Asia / Indo-Pacific,2019-10-01,42.4,6.3,11.6,65.1,76.8,54.2,33.2,72.9,51.2,Moderate
Suez Canal,Mediterranean / Red Sea,2019-10-09,15.6,4.5,-6.3,81.4,47.3,74.3,48.5,50.4,25.2,Low
Suez Canal,Mediterranean / Red Sea,2019-10-13,44.7,10.3,26.5,64.7,50.0,61.3,53.4,51.5,39.6,Moderate
Black Sea & Bosporus,Eurasia / Turkish Straits,2019-10-14,94.2,24.6,94.8,45.0,53.1,27.5,47.5,71.3,91.4,Critical
Black Sea & Bosporus,Eurasia / Turkish Straits,2019-10-18,53.6,16.3,60.1,45.9,57.1,21.4,42.2,60.6,70.8,High
Strait of Hormuz,Persian Gulf / Arabian Sea,2019-10-27,21.2,4.6,6.5,83.9,77.8,36.6,83.6,59.0,22.3,Moderate
Bab el-Mandeb / Red Sea,Gulf of Aden / Red Sea,2019-11-01,6.1,1.3,-7.0,74.8,52.4,80.2,59.2,61.3,7.7,Low
Suez Canal,Mediterranean / Red Sea,2019-11-02,20.8,1.5,6.9,83.3,51.3,74.4,41.3,59.3,9.0,Low
Strait of Hormuz,Persian Gulf / Arabian Sea,2019-11-03,54.7,11.3,48.2,86.8,73.3,41.5,80.1,64.5,75.0,Critical
Strait of Hormuz,Persian Gulf / Arabian Sea,2019-11-06,8.5,3.0,-2.3,92.3,91.9,34.9,94.8,45.0,24.2,Moderate
Bab el-Mandeb / Red Sea,Gulf of Aden / Red Sea,2019-11-11,26.3,1.4,7.5,73.0,58.0,78.7,45.6,62.6,15.6,Moderate
Suez Canal,Mediterranean / Red Sea,2019-11-13,71.2,17.7,30.4,83.7,49.6,66.9,59.1,74.2,59.0,High
Cape of Good Hope,Southern Africa Route,2019-11-15,59.8,15.9,46.8,62.9,41.9,68.3,44.4,47.2,56.6,High
Bab el-Mandeb / Red Sea,Gulf of Aden / Red Sea,2019-11-16,20.3,2.3,-0.8,81.6,57.5,72.1,55.2,65.1,26.2,Low
Strait of Hormuz,Persian Gulf / Arabian Sea,2019-11-22,61.0,13.1,61.8,86.6,86.1,32.6,87.0,55.0,55.0,Critical
Bab el-Mandeb / Red Sea,Gulf of Aden / Red Sea,2019-12-05,19.6,4.9,-6.3,69.9,56.6,71.8,59.3,75.1,26.3,Moderate
Persian Gulf Coastal,Middle East Terminals,2019-12-06,13.3,3.7,-0.4,73.9,82.8,44.7,72.4,59.8,17.0,Moderate
Malacca Strait,Southeast Asia / Indo-Pacific,2019-12-06,49.5,5.6,16.8,77.4,61.4,52.1,37.9,66.0,25.9,Moderate
Strait of Hormuz,Persian Gulf / Arabian Sea,2019-12-10,5.6,3.1,0.8,94.6,81.9,35.7,83.3,59.2,7.3,Moderate
Strait of Hormuz,Persian Gulf / Arabian Sea,2019-12-12,13.4,3.9,14.3,90.0,87.2,34.7,84.3,64.1,20.3,Moderate
Mozambique Channel,Western Indian Ocean,2019-12-20,48.3,4.4,23.3,27.8,37.6,28.5,25.4,41.4,46.0,Moderate
Bab el-Mandeb / Red Sea,Gulf of Aden / Red Sea,2019-12-26,32.4,5.3,12.9,77.9,52.6,77.5,58.7,61.8,53.7,Moderate
Strait of Hormuz,Persian Gulf / Arabian Sea,2019-12-29,19.8,2.4,-6.1,85.3,84.2,45.7,96.7,42.5,26.1,Moderate
Strait of Hormuz,Persian Gulf / Arabian Sea,2020-01-09,31.2,4.3,22.8,84.0,79.5,37.4,89.0,46.8,35.1,High
Malacca Strait,Southeast Asia / Indo-Pacific,2020-01-11,21.0,4.3,14.7,62.9,56.6,48.4,39.6,67.4,15.6,Moderate
Malacca Strait,Southeast Asia / Indo-Pacific,2020-01-15,19.6,1.8,14.3,81.7,73.0,51.8,33.5,86.0,14.3,Moderate
Malacca Strait,Southeast Asia / Indo-Pacific,2020-01-16,18.0,3.3,12.1,76.1,76.6,40.9,40.2,70.3,8.7,Moderate
Bab el-Mandeb / Red Sea,Gulf of Aden / Red Sea,2020-01-16,19.1,3.8,15.0,68.1,51.9,69.0,62.8,79.9,10.0,Moderate
Bab el-Mandeb / Red Sea,Gulf of Aden / Red Sea,2020-01-25,75.2,26.1,81.3,73.3,59.4,75.8,55.6,70.2,96.9,Critical
Suez Canal,Mediterranean / Red Sea,2020-01-27,14.0,2.3,12.2,84.8,50.2,75.2,58.9,72.9,25.2,Low
Strait of Hormuz,Persian Gulf / Arabian Sea,2020-02-01,13.7,2.8,-7.2,92.2,76.7,44.1,88.8,43.4,18.9,Moderate
Strait of Hormuz,Persian Gulf / Arabian Sea,2020-02-21,28.7,9.6,14.6,87.5,85.5,30.0,91.3,49.6,51.1,High
Strait of Hormuz,Persian Gulf / Arabian Sea,2020-02-22,26.5,10.9,14.2,90.5,89.7,43.5,82.1,58.5,29.7,High
Black Sea & Bosporus,Eurasia / Turkish Straits,2020-03-03,24.8,1.7,-6.1,59.7,43.5,21.2,36.3,65.2,13.3,Low
Bab el-Mandeb / Red Sea,Gulf of Aden / Red Sea,2020-03-04,44.2,4.3,33.1,76.3,68.6,65.4,62.1,63.9,34.1,High
Cape of Good Hope,Southern Africa Route,2020-03-13,5.2,3.7,0.7,54.8,61.5,49.7,36.6,41.7,7.5,Low
Strait of Hormuz,Persian Gulf / Arabian Sea,2020-03-14,8.2,2.5,5.4,91.2,72.0,38.0,96.5,58.4,10.8,Moderate
Malacca Strait,Southeast Asia / Indo-Pacific,2020-03-16,66.0,9.5,54.1,73.7,69.3,48.5,43.0,72.8,52.5,High
Black Sea & Bosporus,Eurasia / Turkish Straits,2020-03-19,86.8,16.2,110.6,52.6,46.2,29.6,36.8,71.4,81.7,Critical
Malacca Strait,Southeast Asia / Indo-Pacific,2020-03-21,14.3,1.7,6.7,60.6,69.1,44.3,36.8,73.9,15.8,Low
Malacca Strait,Southeast Asia / Indo-Pacific,2020-03-25,7.2,2.8,-0.9,73.2,70.8,53.1,41.4,72.5,15.1,Low
Bab el-Mandeb / Red Sea,Gulf of Aden / Red Sea,2020-03-28,11.5,3.2,3.1,81.4,54.9,86.1,45.1,76.5,13.3,Low
Cape of Good Hope,Southern Africa Route,2020-03-29,27.4,5.0,9.8,59.8,59.9,48.8,53.3,35.6,23.3,Moderate
Malacca Strait,Southeast Asia / Indo-Pacific,2020-03-30,21.4,3.1,3.1,70.4,68.4,54.0,40.8,79.9,28.9,Moderate
Bab el-Mandeb / Red Sea,Gulf of Aden / Red Sea,2020-03-30,23.7,4.5,11.6,80.6,60.6,67.7,66.3,77.3,14.0,Moderate
Suez Canal,Mediterranean / Red Sea,2020-04-15,12.3,3.1,-4.7,61.1,47.9,79.2,55.9,68.7,7.9,Low
Persian Gulf Coastal,Middle East Terminals,2020-04-19,25.1,4.6,16.4,76.0,81.7,45.6,72.4,51.6,50.0,Moderate
Mozambique Channel,Western Indian Ocean,2020-04-21,56.6,10.0,37.5,46.6,42.0,20.3,32.2,48.4,51.3,Moderate
Cape of Good Hope,Southern Africa Route,2020-04-25,5.2,1.4,-4.9,54.9,50.1,46.1,31.3,49.0,11.6,Low
Strait of Hormuz,Persian Gulf / Arabian Sea,2020-04-25,61.6,12.3,40.8,88.9,72.2,39.9,81.5,58.8,72.7,Critical
Cape of Good Hope,Southern Africa Route,2020-05-10,24.1,1.4,-5.8,66.9,53.9,59.7,44.0,43.2,23.5,Low
Bab el-Mandeb / Red Sea,Gulf of Aden / Red Sea,2020-05-16,51.5,8.8,18.3,87.2,65.4,74.6,49.1,66.4,42.4,High
Mozambique Channel,Western Indian Ocean,2020-05-18,92.3,26.7,97.7,29.9,28.3,29.4,32.6,54.7,81.8,Critical
Bab el-Mandeb / Red Sea,Gulf of Aden / Red Sea,2020-05-18,87.4,23.3,110.0,76.3,69.9,72.7,50.6,69.4,89.6,Critical
Bab el-Mandeb / Red Sea,Gulf of Aden / Red Sea,2020-05-18,38.3,10.3,12.3,80.9,57.7,78.4,56.8,68.3,31.6,Moderate
Persian Gulf Coastal,Middle East Terminals,2020-05-19,50.6,15.4,35.4,76.1,83.6,41.9,79.1,53.1,60.1,Critical
Strait of Hormuz,Persian Gulf / Arabian Sea,2020-05-29,59.5,9.1,53.5,93.0,77.1,33.0,82.3,55.6,62.4,Critical
Suez Canal,Mediterranean / Red Sea,2020-06-05,48.4,9.0,21.9,63.0,56.8,72.7,56.1,54.1,45.8,High
Strait of Hormuz,Persian Gulf / Arabian Sea,2020-06-16,28.1,7.9,27.3,89.6,91.6,49.7,94.0,51.6,29.3,High
Suez Canal,Mediterranean / Red Sea,2020-06-20,19.6,4.7,-7.6,74.7,47.3,76.8,51.3,53.1,18.9,Moderate
Bab el-Mandeb / Red Sea,Gulf of Aden / Red Sea,2020-06-27,8.3,4.1,1.7,72.0,57.1,69.2,63.5,55.1,28.4,Low
Bab el-Mandeb / Red Sea,Gulf of Aden / Red Sea,2020-06-27,34.1,7.4,19.3,88.0,70.4,86.6,61.6,64.5,51.7,High
Persian Gulf Coastal,Middle East Terminals,2020-07-03,63.4,12.9,47.2,74.4,77.9,38.1,71.2,51.1,65.1,High
Cape of Good Hope,Southern Africa Route,2020-07-08,9.6,4.6,0.9,52.9,53.1,56.4,39.2,35.3,10.1,Low
Cape of Good Hope,Southern Africa Route,2020-07-16,44.8,6.8,13.5,50.0,62.2,69.8,53.9,48.1,41.4,Moderate
Cape of Good Hope,Southern Africa Route,2020-07-24,71.9,10.3,36.6,48.2,51.6,64.9,48.4,40.2,55.4,High
Bab el-Mandeb / Red Sea,Gulf of Aden / Red Sea,2020-07-28,45.6,5.0,19.2,76.6,69.5,74.4,49.1,60.2,47.7,High
Strait of Hormuz,Persian Gulf / Arabian Sea,2020-08-04,42.5,4.7,21.7,91.0,76.6,49.7,92.3,47.5,27.4,High
Suez Canal,Mediterranean / Red Sea,2020-08-05,26.7,4.3,4.7,67.9,52.4,81.3,45.1,62.9,16.4,Moderate
Suez Canal,Mediterranean / Red Sea,2020-08-11,58.0,16.3,37.1,64.4,53.6,60.8,40.1,52.3,64.7,High
Black Sea & Bosporus,Eurasia / Turkish Straits,2020-08-16,51.2,7.1,27.0,50.5,37.6,21.5,43.8,79.2,29.6,Moderate
Bab el-Mandeb / Red Sea,Gulf of Aden / Red Sea,2020-08-29,6.4,2.0,0.9,87.8,73.6,86.8,50.6,63.5,30.0,Low
Black Sea & Bosporus,Eurasia / Turkish Straits,2020-09-02,11.2,1.1,5.7,55.3,42.6,36.2,36.8,68.9,5.7,Low
Strait of Hormuz,Persian Gulf / Arabian Sea,2020-09-06,29.5,10.6,17.5,89.6,83.1,36.8,96.0,64.9,33.7,High
Black Sea & Bosporus,Eurasia / Turkish Straits,2020-09-09,59.3,14.1,52.7,44.9,44.3,25.9,45.1,63.5,57.0,High
Malacca Strait,Southeast Asia / Indo-Pacific,2020-09-15,23.9,1.3,5.1,81.2,60.4,45.7,31.3,83.4,15.9,Low
Cape of Good Hope,Southern Africa Route,2020-10-09,25.7,1.8,-7.0,59.0,60.2,62.2,53.5,53.4,15.9,Moderate
Cape of Good Hope,Southern Africa Route,2020-10-09,36.3,5.2,34.8,45.7,55.1,46.9,33.1,37.7,38.0,Moderate
Persian Gulf Coastal,Middle East Terminals,2020-10-10,29.3,8.4,11.1,71.7,85.0,52.3,73.6,48.3,30.1,High
Malacca Strait,Southeast Asia / Indo-Pacific,2020-10-14,94.7,26.1,64.8,64.6,60.4,52.9,36.1,75.8,91.6,Critical
Malacca Strait,Southeast Asia / Indo-Pacific,2020-10-16,89.6,18.4,107.5,63.2,62.1,47.5,32.4,65.2,92.8,Critical
Suez Canal,Mediterranean / Red Sea,2020-10-17,15.1,4.8,-2.9,68.7,45.6,61.2,47.6,55.9,16.3,Low
Strait of Hormuz,Persian Gulf / Arabian Sea,2020-10-30,47.2,6.9,12.4,91.6,71.8,31.2,96.0,51.9,46.3,High
Bab el-Mandeb / Red Sea,Gulf of Aden / Red Sea,2020-11-11,21.7,3.1,-3.6,70.7,65.6,69.1,63.7,65.4,18.2,Moderate
Malacca Strait,Southeast Asia / Indo-Pacific,2020-11-12,20.1,3.8,-0.7,63.4,70.0,45.6,42.1,74.7,14.1,Moderate
Bab el-Mandeb / Red Sea,Gulf of Aden / Red Sea,2020-11-18,13.8,1.6,-1.1,66.5,60.9,74.7,57.1,56.9,17.3,Low
Bab el-Mandeb / Red Sea,Gulf of Aden / Red Sea,2020-11-26,79.3,19.7,60.4,85.9,67.2,76.1,50.9,55.3,87.6,Critical
Malacca Strait,Southeast Asia / Indo-Pacific,2020-12-17,48.3,11.6,37.7,78.5,64.7,52.0,28.5,75.8,60.8,High
Cape of Good Hope,Southern Africa Route,2020-12-28,14.8,2.1,13.8,66.5,59.7,47.0,52.0,53.4,18.6,Moderate
Strait of Hormuz,Persian Gulf / Arabian Sea,2021-01-11,14.1,1.1,7.1,83.1,84.5,44.9,93.1,47.6,16.5,Moderate
Suez Canal,Mediterranean / Red Sea,2021-01-16,53.1,10.7,51.9,81.8,49.3,76.8,53.1,64.0,66.9,High
Black Sea & Bosporus,Eurasia / Turkish Straits,2021-01-20,50.9,12.4,58.6,43.8,46.7,27.2,46.8,65.0,54.5,High
Suez Canal,Mediterranean / Red Sea,2021-01-27,56.5,16.2,36.9,77.0,48.4,66.2,53.7,71.2,56.1,High
Persian Gulf Coastal,Middle East Terminals,2021-02-01,94.0,26.9,88.9,67.2,73.3,54.7,87.7,50.5,86.2,Critical
Suez Canal,Mediterranean / Red Sea,2021-02-02,7.1,2.2,1.5,60.3,57.0,76.7,38.4,57.2,8.9,Low
Cape of Good Hope,Southern Africa Route,2021-02-04,45.0,5.2,20.4,58.2,50.2,68.8,30.8,44.3,28.0,Moderate
Persian Gulf Coastal,Middle East Terminals,2021-02-04,13.8,3.8,9.9,75.7,87.8,41.7,76.7,46.3,8.0,Moderate
Bab el-Mandeb / Red Sea,Gulf of Aden / Red Sea,2021-02-12,20.0,3.3,7.7,68.2,67.2,85.7,67.7,65.8,10.1,Moderate
Malacca Strait,Southeast Asia / Indo-Pacific,2021-02-15,30.1,5.5,18.7,66.1,74.1,60.1,36.1,66.6,47.0,Moderate
Bab el-Mandeb / Red Sea,Gulf of Aden / Red Sea,2021-02-21,27.5,3.6,-2.3,86.8,72.6,71.7,58.4,58.5,6.2,Moderate
Strait of Hormuz,Persian Gulf / Arabian Sea,2021-03-07,75.3,21.5,60.7,83.8,85.0,44.3,88.8,62.5,94.7,Critical
Strait of Hormuz,Persian Gulf / Arabian Sea,2021-03-12,73.2,10.4,28.1,81.2,85.9,34.9,83.2,46.2,70.3,Critical
Persian Gulf Coastal,Middle East Terminals,2021-03-15,31.8,9.1,15.0,82.3,70.0,37.3,83.9,52.5,51.6,High
Malacca Strait,Southeast Asia / Indo-Pacific,2021-03-17,15.6,4.2,-4.8,78.3,77.6,42.9,41.5,73.6,5.3,Low
Suez Canal,Mediterranean / Red Sea,2021-03-17,76.6,27.5,79.1,78.2,67.6,73.1,47.9,74.8,84.1,Critical
Suez Canal,Egypt,2021-03-24,96.3,26.2,79.4,74.4,61.2,61.0,40.7,57.2,33.3,Critical
Persian Gulf Coastal,Middle East Terminals,2021-04-02,91.0,14.1,111.6,83.6,68.1,45.0,85.1,60.6,90.6,Critical
Bab el-Mandeb / Red Sea,Gulf of Aden / Red Sea,2021-04-05,33.5,4.3,24.4,67.0,56.4,82.3,47.1,58.1,44.6,Moderate
Strait of Hormuz,Persian Gulf / Arabian Sea,2021-04-18,72.0,16.2,56.8,87.3,81.6,44.7,95.0,41.9,51.6,Critical
Persian Gulf Coastal,Middle East Terminals,2021-04-22,26.9,3.4,1.4,76.4,65.9,38.1,78.2,67.8,8.0,Moderate
Strait of Hormuz,Persian Gulf / Arabian Sea,2021-04-22,23.2,4.3,7.4,89.8,85.1,40.5,91.6,50.6,25.7,High
Cape of Good Hope,Southern Africa Route,2021-04-23,24.5,2.6,6.2,68.3,59.7,60.6,41.3,46.6,15.3,Low
Persian Gulf Coastal,Middle East Terminals,2021-04-23,79.1,27.5,68.0,68.9,86.4,46.5,75.7,54.4,88.9,Critical
Malacca Strait,Southeast Asia / Indo-Pacific,2021-05-02,74.5,8.1,51.8,79.9,69.1,53.7,44.2,80.7,62.5,High
Malacca Strait,Southeast Asia / Indo-Pacific,2021-05-21,69.3,16.9,55.5,73.8,74.2,40.4,43.6,68.6,51.3,Critical
Bab el-Mandeb / Red Sea,Gulf of Aden / Red Sea,2021-05-21,69.0,17.7,61.4,84.2,72.6,82.8,50.8,75.0,70.9,Critical
Bab el-Mandeb / Red Sea,Gulf of Aden / Red Sea,2021-05-26,72.2,20.8,54.5,82.6,53.2,75.9,58.7,61.6,92.5,Critical
Suez Canal,Mediterranean / Red Sea,2021-06-12,12.5,3.9,11.8,70.1,61.1,68.7,55.4,69.6,18.4,Moderate
Persian Gulf Coastal,Middle East Terminals,2021-06-28,31.0,6.3,19.9,66.7,78.1,36.0,78.8,47.0,29.0,High
Persian Gulf Coastal,Middle East Terminals,2021-07-02,61.2,15.6,28.5,77.7,74.3,54.3,78.4,45.9,67.2,Critical
Black Sea & Bosporus,Eurasia / Turkish Straits,2021-07-04,42.8,10.6,33.5,50.9,56.8,37.1,47.7,83.4,33.0,Moderate
Cape of Good Hope,Southern Africa Route,2021-07-06,21.0,2.2,-4.7,65.2,58.4,45.2,48.1,49.4,10.5,Low
Suez Canal,Mediterranean / Red Sea,2021-07-19,46.4,11.2,21.2,76.3,52.4,70.5,38.8,51.5,49.3,Moderate
Malacca Strait,Southeast Asia / Indo-Pacific,2021-08-03,53.6,8.8,43.8,61.4,66.7,56.5,37.9,76.7,68.6,High
Strait of Hormuz,Persian Gulf / Arabian Sea,2021-08-07,49.0,5.2,33.2,82.7,73.0,44.4,91.4,64.4,38.6,High
Bab el-Mandeb / Red Sea,Gulf of Aden / Red Sea,2021-08-27,47.9,11.8,18.0,80.6,69.9,77.0,60.0,60.6,36.0,High
Cape of Good Hope,Southern Africa Route,2021-08-28,13.4,3.4,-6.4,50.6,52.3,67.2,32.0,55.0,28.3,Low
Strait of Hormuz,Persian Gulf / Arabian Sea,2021-08-31,23.8,1.5,5.7,76.3,74.5,36.7,95.0,58.4,20.4,Moderate
Cape of Good Hope,Southern Africa Route,2021-09-10,29.0,9.8,16.1,55.7,47.6,59.9,34.3,53.6,28.6,Moderate
Strait of Hormuz,Persian Gulf / Arabian Sea,2021-09-13,46.4,6.6,22.0,80.2,85.1,46.5,94.4,45.0,47.1,High
Strait of Hormuz,Persian Gulf / Arabian Sea,2021-09-23,17.6,1.3,-3.2,89.5,74.7,48.1,95.3,43.6,23.5,Moderate
Strait of Hormuz,Persian Gulf / Arabian Sea,2021-10-06,23.6,2.3,5.4,90.0,75.2,38.5,82.6,44.4,14.7,Moderate
Persian Gulf Coastal,Middle East Terminals,2021-10-07,33.6,5.1,10.6,70.9,85.9,43.1,86.2,58.4,39.9,High
Suez Canal,Mediterranean / Red Sea,2021-10-16,67.3,12.7,60.3,69.8,54.6,80.7,51.3,59.0,70.2,High
Black Sea & Bosporus,Eurasia / Turkish Straits,2021-10-25,44.1,11.4,20.9,56.0,38.0,22.1,40.3,79.6,38.7,Moderate
Black Sea & Bosporus,Eurasia / Turkish Straits,2021-10-27,62.2,17.1,60.2,49.4,54.9,25.8,47.0,71.4,62.9,High
Strait of Hormuz,Persian Gulf / Arabian Sea,2021-10-28,73.8,12.0,55.9,80.5,91.8,39.8,86.4,63.5,50.8,Critical
Cape of Good Hope,Southern Africa Route,2021-10-30,18.2,3.6,-4.0,54.6,56.8,57.2,48.4,57.2,24.5,Moderate
Cape of Good Hope,Southern Africa Route,2021-11-03,22.6,2.8,1.1,57.8,53.3,48.4,39.8,54.9,21.5,Low
Persian Gulf Coastal,Middle East Terminals,2021-11-03,37.6,7.5,15.3,83.0,83.3,38.4,71.9,56.9,39.2,High
Bab el-Mandeb / Red Sea,Gulf of Aden / Red Sea,2021-11-10,56.2,17.7,50.7,73.7,58.7,70.8,56.7,71.9,61.9,High
Strait of Hormuz,Persian Gulf / Arabian Sea,2021-11-12,35.8,7.2,32.0,76.0,80.5,35.4,86.7,48.4,45.7,High
Bab el-Mandeb / Red Sea,Gulf of Aden / Red Sea,2021-11-12,37.4,7.5,18.9,71.6,73.8,77.0,63.0,78.1,39.1,Moderate
Suez Canal,Mediterranean / Red Sea,2021-11-13,13.8,4.9,6.1,77.8,58.7,80.8,55.5,66.0,18.0,Moderate
Persian Gulf Coastal,Middle East Terminals,2021-11-23,85.0,21.7,64.9,75.4,84.8,39.3,80.4,55.6,84.5,Critical
Mozambique Channel,Western Indian Ocean,2021-11-23,18.0,4.7,-4.8,30.9,47.6,23.0,39.5,37.0,23.6,Low
Malacca Strait,Southeast Asia / Indo-Pacific,2021-11-23,80.5,15.8,69.1,72.1,56.2,55.5,41.4,73.3,83.5,High
Strait of Hormuz,Persian Gulf / Arabian Sea,2021-11-25,41.4,8.9,24.9,75.5,71.7,45.6,82.4,61.2,31.9,High
Bab el-Mandeb / Red Sea,Gulf of Aden / Red Sea,2021-12-02,67.0,12.3,51.1,75.0,51.3,72.6,69.4,65.2,67.0,High
Mozambique Channel,Western Indian Ocean,2021-12-13,69.7,14.2,42.6,30.8,40.8,22.8,36.0,37.0,75.9,High
Persian Gulf Coastal,Middle East Terminals,2021-12-15,20.5,3.8,1.1,67.5,65.3,37.2,70.3,67.3,12.6,Moderate
Bab el-Mandeb / Red Sea,Gulf of Aden / Red Sea,2021-12-15,53.2,9.8,57.0,84.6,73.3,87.9,56.5,68.7,73.9,High
Suez Canal,Mediterranean / Red Sea,2021-12-18,17.9,2.9,14.9,79.2,62.7,72.3,57.4,71.3,24.6,Moderate
Cape of Good Hope,Southern Africa Route,2021-12-29,26.8,2.8,13.8,50.7,44.8,46.1,32.0,52.1,9.2,Low
Suez Canal,Mediterranean / Red Sea,2021-12-29,34.2,11.5,29.6,68.2,49.4,62.3,49.9,51.7,38.6,Moderate
Suez Canal,Mediterranean / Red Sea,2021-12-31,73.0,10.4,31.5,64.4,54.5,63.9,58.1,69.6,72.4,High
Bab el-Mandeb / Red Sea,Gulf of Aden / Red Sea,2022-01-01,27.1,1.4,9.5,71.1,52.0,70.5,58.8,58.9,20.6,Moderate
Strait of Hormuz,Persian Gulf / Arabian Sea,2022-01-08,79.0,23.8,51.4,78.8,77.6,34.6,84.0,62.7,81.6,Critical
Malacca Strait,Southeast Asia / Indo-Pacific,2022-01-08,28.7,10.6,12.6,62.6,57.6,42.3,29.0,69.6,46.6,Moderate
Mozambique Channel,Western Indian Ocean,2022-01-10,71.7,8.7,30.8,44.9,29.4,26.8,28.2,48.8,75.9,High
Bab el-Mandeb / Red Sea,Gulf of Aden / Red Sea,2022-01-24,17.1,1.7,-7.2,86.1,71.6,75.7,66.8,78.4,13.9,Moderate
Mozambique Channel,Western Indian Ocean,2022-01-25,45.5,11.0,10.9,40.8,46.2,38.0,36.4,45.0,27.1,Moderate
Persian Gulf Coastal,Middle East Terminals,2022-01-29,47.8,5.9,17.5,81.3,78.2,37.8,78.3,62.0,45.0,High
Strait of Hormuz,Persian Gulf / Arabian Sea,2022-02-09,59.7,12.2,44.8,89.6,92.0,30.7,87.2,52.8,66.2,Critical
Malacca Strait,Southeast Asia / Indo-Pacific,2022-02-21,10.8,1.6,1.7,69.9,68.8,52.8,35.7,86.2,14.4,Low
Strait of Hormuz,Persian Gulf / Arabian Sea,2022-02-22,27.7,5.3,17.5,81.5,71.2,37.2,87.8,46.1,25.9,High
Malacca Strait,Southeast Asia / Indo-Pacific,2022-02-24,20.6,4.7,10.3,68.2,76.8,52.2,36.1,67.8,23.2,Moderate
Black Sea & Bosporus,Ukraine/Russia,2022-02-26,90.9,23.2,84.1,50.9,44.9,27.4,30.2,66.7,97.7,Critical
Mozambique Channel,Western Indian Ocean,2022-02-27,34.7,4.5,23.4,35.7,29.9,24.8,38.2,42.8,31.5,Low
Bab el-Mandeb / Red Sea,Gulf of Aden / Red Sea,2022-03-02,73.6,12.1,37.5,66.8,68.2,86.7,49.1,56.4,52.5,High
Malacca Strait,Southeast Asia / Indo-Pacific,2022-03-03,71.7,17.5,25.1,78.7,71.7,42.3,35.6,70.5,68.4,High
Bab el-Mandeb / Red Sea,Gulf of Aden / Red Sea,2022-03-10,22.9,2.9,-2.5,81.4,55.9,72.7,67.3,57.0,16.0,Moderate
Strait of Hormuz,Persian Gulf / Arabian Sea,2022-03-14,43.2,9.6,20.7,90.8,82.1,40.1,91.8,53.3,28.1,High
Malacca Strait,Southeast Asia / Indo-Pacific,2022-03-16,13.9,2.6,-5.4,70.1,59.0,54.8,41.0,86.1,13.8,Low
Cape of Good Hope,Southern Africa Route,2022-03-16,57.1,8.1,33.4,54.5,59.7,63.0,31.2,46.0,69.4,High
Suez Canal,Mediterranean / Red Sea,2022-03-18,94.6,15.1,91.4,80.0,60.6,81.0,38.6,65.2,83.4,Critical
Suez Canal,Mediterranean / Red Sea,2022-03-31,62.2,14.3,57.1,84.7,63.0,67.9,48.6,62.1,72.3,High
Suez Canal,Mediterranean / Red Sea,2022-04-03,46.2,6.5,20.4,69.4,62.4,70.4,56.2,57.5,29.5,High
Malacca Strait,Southeast Asia / Indo-Pacific,2022-04-05,7.5,2.5,13.7,65.4,75.6,44.0,25.0,80.2,22.8,Low
Cape of Good Hope,Southern Africa Route,2022-04-08,18.5,4.7,-6.3,50.3,56.1,65.2,32.3,56.2,29.9,Moderate
Suez Canal,Mediterranean / Red Sea,2022-04-12,15.2,4.7,1.4,72.9,53.6,61.2,54.8,51.6,17.1,Moderate
Bab el-Mandeb / Red Sea,Gulf of Aden / Red Sea,2022-04-13,22.7,3.6,-2.7,84.6,50.9,86.2,55.4,75.9,23.5,Low
Strait of Hormuz,Persian Gulf / Arabian Sea,2022-04-17,13.2,4.1,11.9,77.5,78.1,47.8,93.4,62.4,13.3,Moderate
Mozambique Channel,Western Indian Ocean,2022-04-18,17.3,4.8,-6.1,44.2,39.9,23.2,20.9,43.8,16.5,Low
Malacca Strait,Southeast Asia / Indo-Pacific,2022-04-19,48.6,8.4,47.9,73.8,55.9,52.6,26.1,70.9,54.5,Moderate
Cape of Good Hope,Southern Africa Route,2022-04-20,18.5,4.0,-3.5,50.2,51.2,69.6,31.9,59.1,23.1,Low
Malacca Strait,Southeast Asia / Indo-Pacific,2022-04-28,24.6,3.0,-4.8,60.7,72.6,40.3,30.4,74.5,9.8,Moderate
Bab el-Mandeb / Red Sea,Gulf of Aden / Red Sea,2022-04-28,11.9,2.8,5.6,70.6,54.0,76.1,46.7,60.2,11.0,Low
Persian Gulf Coastal,Middle East Terminals,2022-04-29,26.8,9.6,28.2,66.2,67.0,43.7,80.0,59.0,50.4,High
Persian Gulf Coastal,Middle East Terminals,2022-04-30,26.2,11.1,20.3,75.0,87.8,49.3,87.4,66.2,48.0,High
Bab el-Mandeb / Red Sea,Gulf of Aden / Red Sea,2022-05-06,16.8,4.8,-4.1,77.4,50.2,66.5,61.8,74.3,28.9,Moderate
Persian Gulf Coastal,Middle East Terminals,2022-05-07,5.7,2.0,11.3,69.8,75.9,37.3,90.9,55.7,20.5,Moderate
Malacca Strait,Southeast Asia / Indo-Pacific,2022-05-16,32.8,5.4,32.7,60.6,72.6,50.8,44.4,78.8,44.3,Moderate
Suez Canal,Mediterranean / Red Sea,2022-05-19,71.9,24.9,67.2,69.9,46.8,67.2,51.9,63.3,89.3,Critical
Mozambique Channel,Western Indian Ocean,2022-05-31,60.5,8.5,45.7,37.5,35.2,20.9,25.9,38.0,67.4,Moderate
Strait of Hormuz,Persian Gulf / Arabian Sea,2022-06-11,36.2,6.2,23.9,89.7,73.9,43.6,90.0,41.2,42.8,High
Bab el-Mandeb / Red Sea,Gulf of Aden / Red Sea,2022-06-18,38.0,4.8,15.2,87.5,61.8,67.7,64.6,66.8,44.1,High
Suez Canal,Mediterranean / Red Sea,2022-06-21,19.7,4.9,-6.8,84.7,63.1,64.5,55.7,63.9,13.3,Moderate
Cape of Good Hope,Southern Africa Route,2022-07-06,52.4,9.2,64.8,56.9,49.2,50.1,47.7,51.6,66.1,High
Cape of Good Hope,Southern Africa Route,2022-07-08,93.7,23.2,51.0,56.1,40.4,63.1,43.4,42.2,87.2,Critical
Bab el-Mandeb / Red Sea,Gulf of Aden / Red Sea,2022-07-17,39.6,9.8,32.1,70.6,61.8,74.4,47.4,71.5,42.3,High
Strait of Hormuz,Persian Gulf / Arabian Sea,2022-07-18,27.6,2.9,13.5,82.7,79.8,35.3,85.9,54.6,5.2,High
Bab el-Mandeb / Red Sea,Gulf of Aden / Red Sea,2022-07-20,62.0,14.9,49.7,81.7,62.0,80.3,61.0,58.7,62.1,High
Suez Canal,Mediterranean / Red Sea,2022-07-20,69.9,10.7,56.5,81.8,64.7,64.9,55.4,61.5,53.0,High
Strait of Hormuz,Persian Gulf / Arabian Sea,2022-07-23,67.9,14.5,59.6,86.4,87.5,44.1,90.1,43.1,69.8,Critical
Bab el-Mandeb / Red Sea,Gulf of Aden / Red Sea,2022-07-27,34.2,10.6,30.4,72.6,69.2,78.8,62.9,64.1,50.3,High
Malacca Strait,Southeast Asia / Indo-Pacific,2022-07-29,7.7,2.2,-3.8,71.2,64.6,43.0,32.7,69.3,22.3,Low
Persian Gulf Coastal,Middle East Terminals,2022-07-30,40.3,4.5,13.2,70.2,78.1,39.6,81.5,63.0,27.0,High
Suez Canal,Mediterranean / Red Sea,2022-07-31,21.3,4.9,-3.9,75.9,61.3,76.7,49.1,64.6,18.6,Moderate
Strait of Hormuz,Persian Gulf / Arabian Sea,2022-08-03,5.1,3.9,-6.5,75.9,88.7,37.2,89.1,47.2,23.6,Moderate
Cape of Good Hope,Southern Africa Route,2022-08-12,71.4,15.4,47.5,66.2,60.0,52.2,46.6,58.2,56.7,High
Mozambique Channel,Western Indian Ocean,2022-08-17,75.3,14.5,75.2,27.9,32.2,20.8,38.7,55.1,94.9,High
Persian Gulf Coastal,Middle East Terminals,2022-08-18,12.6,2.1,14.6,72.5,86.4,37.1,77.1,45.7,8.0,Moderate
Cape of Good Hope,Southern Africa Route,2022-08-21,20.0,3.1,11.9,63.4,51.9,48.3,34.3,55.0,29.2,Low
Malacca Strait,Southeast Asia / Indo-Pacific,2022-08-21,29.9,8.4,26.8,60.3,57.2,42.3,33.9,70.0,50.0,Moderate
Bab el-Mandeb / Red Sea,Gulf of Aden / Red Sea,2022-08-23,27.3,3.7,6.1,85.3,50.0,74.8,61.8,71.3,22.0,Moderate
Malacca Strait,Southeast Asia / Indo-Pacific,2022-08-24,10.5,4.3,4.9,67.6,77.5,54.1,29.0,66.6,6.4,Low
Persian Gulf Coastal,Middle East Terminals,2022-08-25,92.6,17.2,53.9,76.5,77.7,40.4,84.3,65.5,75.4,Critical
Suez Canal,Mediterranean / Red Sea,2022-08-30,35.3,10.2,17.4,61.8,51.2,68.4,54.6,53.9,32.4,Moderate
Bab el-Mandeb / Red Sea,Gulf of Aden / Red Sea,2022-09-01,26.5,7.0,21.3,84.1,61.8,77.2,65.6,77.5,40.0,Moderate
Black Sea & Bosporus,Eurasia / Turkish Straits,2022-09-03,43.7,8.9,14.8,49.0,41.1,39.5,32.4,67.2,32.4,Moderate
Suez Canal,Mediterranean / Red Sea,2022-09-04,10.7,3.3,7.2,62.9,47.1,75.7,44.6,67.7,9.0,Low
Malacca Strait,Southeast Asia / Indo-Pacific,2022-09-04,84.7,22.9,90.6,73.8,58.5,41.5,33.8,72.0,94.9,Critical
Malacca Strait,Southeast Asia / Indo-Pacific,2022-09-05,48.1,13.5,62.2,80.6,75.2,50.5,29.0,87.2,61.4,High
Suez Canal,Mediterranean / Red Sea,2022-09-07,52.6,8.8,59.8,66.0,66.0,63.1,46.5,56.3,67.4,High
Malacca Strait,Southeast Asia / Indo-Pacific,2022-09-07,33.8,10.1,32.0,80.3,74.4,48.6,27.2,67.5,40.1,Moderate
Malacca Strait,Southeast Asia / Indo-Pacific,2022-09-24,50.1,12.0,25.6,74.2,71.1,57.4,27.5,70.4,26.8,Moderate
Mozambique Channel,Western Indian Ocean,2022-09-29,60.8,16.8,44.1,47.6,41.4,29.0,39.8,53.4,52.2,High
Malacca Strait,Southeast Asia / Indo-Pacific,2022-10-01,37.0,7.1,29.3,71.0,62.9,40.5,27.1,74.6,42.7,Moderate
Malacca Strait,Southeast Asia / Indo-Pacific,2022-10-02,94.6,20.7,50.6,66.4,60.3,40.2,32.5,74.5,84.9,Critical
Suez Canal,Mediterranean / Red Sea,2022-10-08,32.9,5.9,27.7,71.4,60.8,80.3,54.7,65.6,46.1,Moderate
Strait of Hormuz,Persian Gulf / Arabian Sea,2022-10-10,15.2,1.5,-2.2,79.1,85.1,30.2,87.6,42.5,22.5,Moderate
Cape of Good Hope,Southern Africa Route,2022-10-25,94.2,16.4,60.8,50.1,61.0,60.5,51.6,58.8,81.6,Critical
Bab el-Mandeb / Red Sea,Gulf of Aden / Red Sea,2022-10-31,51.1,10.3,18.1,83.1,59.1,86.4,50.0,79.9,33.4,High
Bab el-Mandeb / Red Sea,Gulf of Aden / Red Sea,2022-11-04,7.5,3.8,3.2,75.1,54.7,65.8,45.6,79.9,27.1,Low
Mozambique Channel,Western Indian Ocean,2022-11-05,7.5,4.0,-2.5,47.6,30.2,24.2,22.2,42.6,6.3,Low
Suez Canal,Mediterranean / Red Sea,2022-11-06,8.8,2.0,5.4,79.8,59.5,68.3,38.9,72.0,8.3,Low
Bab el-Mandeb / Red Sea,Gulf of Aden / Red Sea,2022-11-06,88.2,21.7,56.3,83.2,71.6,66.2,68.4,62.6,82.4,Critical
Malacca Strait,Southeast Asia / Indo-Pacific,2022-11-09,26.4,7.1,25.9,78.1,65.8,53.2,26.8,71.1,49.1,Moderate
Black Sea & Bosporus,Eurasia / Turkish Straits,2022-11-10,13.8,4.4,1.4,46.8,59.7,27.6,49.7,79.8,13.0,Moderate
Malacca Strait,Southeast Asia / Indo-Pacific,2022-11-12,46.8,11.3,12.7,63.3,59.4,51.6,41.3,71.1,27.9,Moderate
Malacca Strait,Southeast Asia / Indo-Pacific,2022-11-23,5.4,2.3,-4.5,69.0,72.8,60.3,42.5,81.9,22.3,Low
Bab el-Mandeb / Red Sea,Gulf of Aden / Red Sea,2022-12-11,38.0,8.5,33.4,71.6,64.3,77.5,67.4,64.9,46.6,High
Black Sea & Bosporus,Eurasia / Turkish Straits,2022-12-21,9.1,3.1,7.0,58.0,55.9,29.3,45.6,74.8,20.4,Low
Suez Canal,Mediterranean / Red Sea,2022-12-22,37.3,11.6,24.9,84.2,60.1,80.9,43.1,68.3,25.2,Moderate
Suez Canal,Mediterranean / Red Sea,2022-12-30,29.3,8.6,17.8,77.9,55.6,64.4,59.8,61.1,31.1,Moderate
Mozambique Channel,Western Indian Ocean,2023-01-01,45.2,10.7,17.1,45.2,37.0,20.5,23.2,50.4,50.4,Moderate
Cape of Good Hope,Southern Africa Route,2023-01-07,58.6,16.2,59.0,49.8,55.4,55.8,39.6,51.5,61.6,High
Malacca Strait,Southeast Asia / Indo-Pacific,2023-01-09,27.9,3.1,2.4,62.2,71.1,58.8,38.0,82.7,20.1,Low
Black Sea & Bosporus,Eurasia / Turkish Straits,2023-01-26,72.6,8.1,37.0,54.6,45.9,28.1,39.5,76.4,73.0,High
Strait of Hormuz,Persian Gulf / Arabian Sea,2023-01-29,59.0,10.5,32.8,92.0,74.7,46.5,83.4,48.4,53.4,High
Cape of Good Hope,Southern Africa Route,2023-02-05,21.9,4.2,5.1,49.7,61.4,67.4,50.7,47.9,23.9,Moderate
Suez Canal,Mediterranean / Red Sea,2023-02-19,55.1,13.0,32.1,81.8,51.9,74.1,50.2,53.8,75.6,High
Bab el-Mandeb / Red Sea,Gulf of Aden / Red Sea,2023-02-19,12.5,1.5,-1.5,72.2,74.4,75.2,58.8,62.3,20.0,Low
Mozambique Channel,Western Indian Ocean,2023-02-28,54.4,13.7,45.0,41.6,38.3,34.0,31.6,46.4,53.4,High
Bab el-Mandeb / Red Sea,Gulf of Aden / Red Sea,2023-03-03,40.0,4.1,24.4,86.1,69.9,66.5,48.7,76.0,35.0,Moderate
Persian Gulf Coastal,Middle East Terminals,2023-03-11,55.0,14.3,48.1,78.1,71.7,49.7,70.6,56.1,66.0,High
Black Sea & Bosporus,Eurasia / Turkish Straits,2023-03-18,51.8,13.9,28.4,46.9,58.4,39.7,26.7,84.0,55.8,Moderate
Cape of Good Hope,Southern Africa Route,2023-03-21,36.3,11.9,19.6,69.5,49.4,62.1,46.5,48.5,51.1,Moderate
Malacca Strait,Southeast Asia / Indo-Pacific,2023-04-02,25.9,2.3,1.6,77.3,75.2,48.0,35.0,71.3,10.0,Low
Suez Canal,Mediterranean / Red Sea,2023-04-09,28.4,9.8,33.7,69.8,67.9,81.2,35.8,65.1,53.5,Moderate
Persian Gulf Coastal,Middle East Terminals,2023-04-10,79.0,19.6,99.4,67.1,70.6,37.5,79.9,48.2,86.8,Critical
Strait of Hormuz,Persian Gulf / Arabian Sea,2023-04-14,67.4,11.9,62.6,85.7,84.1,44.1,80.7,42.7,66.0,Critical
Cape of Good Hope,Southern Africa Route,2023-04-15,15.4,1.9,13.7,65.8,42.7,47.6,41.2,42.9,8.4,Low
Strait of Hormuz,Persian Gulf / Arabian Sea,2023-04-25,23.6,4.3,-0.2,88.7,78.9,45.6,89.7,48.2,15.5,Moderate
Strait of Hormuz,Persian Gulf / Arabian Sea,2023-04-27,38.7,9.2,17.4,94.4,86.6,49.9,92.0,60.0,51.9,High
Bab el-Mandeb / Red Sea,Gulf of Aden / Red Sea,2023-04-28,44.6,11.8,23.1,67.3,54.9,70.2,49.5,55.4,33.5,Moderate
Malacca Strait,Southeast Asia / Indo-Pacific,2023-04-28,49.0,11.4,55.7,68.3,58.7,58.3,40.4,83.6,53.7,High
Bab el-Mandeb / Red Sea,Gulf of Aden / Red Sea,2023-05-09,44.1,8.5,12.8,80.9,53.7,65.8,54.2,68.8,53.4,Moderate
Bab el-Mandeb / Red Sea,Gulf of Aden / Red Sea,2023-05-10,29.7,4.1,13.4,76.4,58.7,76.9,65.6,61.5,25.3,Moderate
Bab el-Mandeb / Red Sea,Gulf of Aden / Red Sea,2023-05-22,54.0,16.6,30.7,67.9,53.3,66.8,62.3,74.6,56.3,High
Mozambique Channel,Western Indian Ocean,2023-05-25,27.8,7.3,23.9,27.3,38.9,31.1,26.7,46.7,25.0,Low
Black Sea & Bosporus,Eurasia / Turkish Straits,2023-05-27,12.7,1.7,3.7,47.7,59.5,27.0,43.2,80.5,7.9,Low
Suez Canal,Mediterranean / Red Sea,2023-05-28,34.5,7.6,17.7,78.0,52.3,76.3,58.8,67.3,31.9,Moderate
Bab el-Mandeb / Red Sea,Gulf of Aden / Red Sea,2023-06-08,37.5,4.7,26.4,75.1,61.8,71.4,49.0,76.0,46.4,Moderate
Suez Canal,Mediterranean / Red Sea,2023-06-13,55.3,16.9,55.9,80.2,51.3,61.4,52.8,64.4,50.8,High
Black Sea & Bosporus,Eurasia / Turkish Straits,2023-06-13,32.4,11.1,24.6,59.3,49.2,31.4,35.4,61.9,42.5,Moderate
Bab el-Mandeb / Red Sea,Gulf of Aden / Red Sea,2023-06-14,74.6,14.8,30.9,83.0,55.1,77.4,54.0,66.3,51.7,High
Suez Canal,Mediterranean / Red Sea,2023-06-14,26.5,10.4,22.0,72.6,54.1,75.1,39.4,74.4,41.2,Moderate
Persian Gulf Coastal,Middle East Terminals,2023-06-16,24.5,2.3,-2.4,83.1,80.3,40.0,85.1,61.5,18.5,Moderate
Mozambique Channel,Western Indian Ocean,2023-06-19,57.9,14.2,51.4,35.3,29.3,37.8,41.1,53.7,63.3,High
Strait of Hormuz,Persian Gulf / Arabian Sea,2023-06-23,27.6,9.3,30.2,90.1,75.0,31.2,87.0,53.1,37.4,High
Black Sea & Bosporus,Eurasia / Turkish Straits,2023-06-25,90.0,17.3,78.6,40.3,54.8,26.9,41.1,78.9,89.7,Critical
Strait of Hormuz,Persian Gulf / Arabian Sea,2023-06-28,52.5,12.9,33.5,76.2,78.3,49.7,84.8,59.6,61.2,Critical
Strait of Hormuz,Persian Gulf / Arabian Sea,2023-06-30,51.3,4.8,15.4,89.2,78.1,41.8,87.9,63.9,40.1,High
Bab el-Mandeb / Red Sea,Gulf of Aden / Red Sea,2023-07-05,64.5,15.2,45.2,77.6,72.4,82.1,56.9,61.5,73.3,High
Malacca Strait,Southeast Asia / Indo-Pacific,2023-07-11,6.0,3.2,10.7,77.1,65.7,55.3,37.6,83.7,9.4,Low
Persian Gulf Coastal,Middle East Terminals,2023-07-14,41.8,6.1,34.2,68.7,69.3,49.9,83.3,65.0,51.1,High
Persian Gulf Coastal,Middle East Terminals,2023-07-18,26.2,2.4,-5.9,71.1,81.5,39.7,80.9,53.3,20.3,Moderate
Strait of Hormuz,Persian Gulf / Arabian Sea,2023-07-20,56.3,15.4,55.3,76.2,78.2,35.9,82.7,45.1,67.4,Critical
Bab el-Mandeb / Red Sea,Gulf of Aden / Red Sea,2023-08-25,50.7,7.7,27.7,71.7,67.3,83.8,64.9,65.2,38.2,High
Black Sea & Bosporus,Eurasia / Turkish Straits,2023-09-04,26.5,4.7,-0.7,58.7,38.2,26.4,47.0,78.2,18.9,Moderate
Bab el-Mandeb / Red Sea,Gulf of Aden / Red Sea,2023-09-07,50.4,16.5,31.5,71.6,68.8,80.0,48.0,67.3,71.8,High
Bab el-Mandeb / Red Sea,Gulf of Aden / Red Sea,2023-09-13,6.4,4.0,7.2,85.8,51.4,79.5,62.8,71.5,21.0,Moderate
Suez Canal,Mediterranean / Red Sea,2023-09-16,55.8,10.9,53.6,71.1,50.9,70.5,40.1,63.5,59.7,High
Malacca Strait,Southeast Asia / Indo-Pacific,2023-09-19,45.6,7.8,15.0,72.6,67.9,61.9,35.5,70.6,36.9,Moderate
Strait of Hormuz,Persian Gulf / Arabian Sea,2023-09-23,36.6,5.6,10.8,86.9,80.3,48.2,80.8,47.5,44.8,High
Persian Gulf Coastal,Middle East Terminals,2023-09-28,16.6,2.2,10.8,71.4,78.8,48.5,77.1,51.9,23.3,Moderate
Strait of Hormuz,Persian Gulf / Arabian Sea,2023-09-29,71.0,16.8,101.4,81.3,76.8,38.0,94.7,51.8,95.4,Critical
Persian Gulf Coastal,Middle East Terminals,2023-09-29,31.1,4.4,22.0,79.4,82.8,42.6,88.1,50.6,40.7,High
Strait of Hormuz,Persian Gulf / Arabian Sea,2023-10-13,11.6,3.1,-0.1,82.7,80.7,42.2,80.7,46.9,15.3,Moderate
Persian Gulf Coastal,Middle East Terminals,2023-10-24,24.8,1.3,5.8,83.0,74.4,42.3,84.5,47.1,26.7,Moderate
Mozambique Channel,Western Indian Ocean,2023-10-26,74.6,24.2,69.9,37.2,37.2,32.6,39.0,47.7,93.9,Critical
Strait of Hormuz,Persian Gulf / Arabian Sea,2023-10-30,45.3,4.7,26.5,85.8,70.0,48.8,92.2,50.8,52.1,High
Strait of Hormuz,Persian Gulf / Arabian Sea,2023-11-05,8.2,4.9,14.9,91.0,90.1,41.5,87.0,49.5,19.2,Moderate
Malacca Strait,Southeast Asia / Indo-Pacific,2023-11-09,36.2,8.3,12.3,64.7,62.6,47.9,29.4,82.3,31.6,Moderate
Suez Canal,Mediterranean / Red Sea,2023-11-17,78.1,21.7,50.8,75.5,63.0,79.1,55.7,72.8,80.8,Critical
Cape of Good Hope,Southern Africa Route,2023-11-17,77.5,22.5,70.6,71.9,48.8,48.2,44.1,48.0,87.1,Critical
Mozambique Channel,Western Indian Ocean,2023-11-18,34.4,11.1,28.3,34.4,41.7,24.5,20.9,51.3,25.6,Moderate
Bab el-Mandeb / Red Sea,Yemen,2023-11-20,86.6,20.2,93.7,81.8,54.1,73.7,69.7,71.0,88.2,Critical
Cape of Good Hope,Southern Africa Route,2023-11-29,25.1,5.6,17.6,48.0,46.2,62.8,49.2,51.2,42.3,Moderate
Mozambique Channel,Western Indian Ocean,2023-12-02,38.2,6.5,27.7,47.2,39.1,26.4,34.6,53.7,41.9,Moderate
Persian Gulf Coastal,Middle East Terminals,2023-12-06,38.2,11.2,27.6,66.9,79.8,35.7,87.8,53.8,49.6,High
Bab el-Mandeb / Red Sea,Gulf of Aden / Red Sea,2023-12-16,54.0,14.6,40.9,66.6,69.3,73.1,57.7,72.0,57.8,High
Persian Gulf Coastal,Middle East Terminals,2023-12-16,27.4,7.7,30.5,77.6,75.2,35.2,72.6,47.8,36.5,High
Cape of Good Hope,South Africa,2023-12-18,58.7,14.7,63.1,51.2,40.8,52.9,36.7,40.3,31.8,High
Bab el-Mandeb / Red Sea,Gulf of Aden / Red Sea,2023-12-21,24.4,4.6,3.4,86.2,51.4,73.4,50.2,61.3,9.0,Moderate
Persian Gulf Coastal,Middle East Terminals,2023-12-23,30.7,4.4,26.1,66.1,66.6,54.0,78.4,54.2,34.7,Moderate
Bab el-Mandeb / Red Sea,Gulf of Aden / Red Sea,2023-12-26,11.4,3.4,12.2,76.9,54.8,70.6,55.2,68.9,18.9,Moderate
Malacca Strait,Southeast Asia / Indo-Pacific,2023-12-31,38.5,5.5,33.1,71.5,72.8,43.2,42.4,83.9,47.0,Moderate
Persian Gulf Coastal,Middle East Terminals,2024-01-12,30.9,6.0,28.9,66.6,75.3,49.1,71.7,58.0,51.2,High
Mozambique Channel,Western Indian Ocean,2024-01-21,10.6,1.3,6.1,36.1,28.0,28.5,34.9,37.4,13.5,Low
Cape of Good Hope,Southern Africa Route,2024-01-28,26.6,7.3,20.4,55.5,46.4,53.3,32.0,46.2,40.9,Moderate
Suez Canal,Mediterranean / Red Sea,2024-01-30,93.5,22.4,73.3,69.2,49.6,69.8,44.7,56.7,77.2,Critical
Suez Canal,Mediterranean / Red Sea,2024-02-05,23.0,1.9,-3.8,60.8,67.6,81.3,49.9,70.5,18.2,Moderate
Cape of Good Hope,Southern Africa Route,2024-02-14,21.8,3.4,-3.7,62.0,43.7,48.0,40.0,41.8,26.4,Low
Suez Canal,Mediterranean / Red Sea,2024-02-15,24.0,1.8,8.9,77.5,46.2,79.0,39.5,62.2,25.3,Low
Bab el-Mandeb / Red Sea,Gulf of Aden / Red Sea,2024-02-26,15.1,3.0,13.4,69.1,62.3,68.3,64.2,60.5,20.3,Moderate
Strait of Hormuz,Persian Gulf / Arabian Sea,2024-02-26,18.8,2.5,11.3,94.7,72.7,37.4,83.5,40.2,25.3,Moderate
Malacca Strait,Southeast Asia / Indo-Pacific,2024-02-27,56.9,9.5,61.0,78.9,58.3,42.9,30.0,69.0,50.1,High
Suez Canal,Mediterranean / Red Sea,2024-03-06,47.9,11.9,23.7,76.9,67.8,76.7,44.8,63.2,35.1,High
Mozambique Channel,Western Indian Ocean,2024-03-10,21.7,1.9,4.3,47.7,40.5,29.1,38.6,54.3,24.6,Low
Strait of Hormuz,Persian Gulf / Arabian Sea,2024-03-21,5.4,2.4,7.9,83.8,91.7,40.5,97.5,44.3,8.5,Moderate
Bab el-Mandeb / Red Sea,Gulf of Aden / Red Sea,2024-04-06,47.5,6.1,32.8,66.5,59.7,74.1,53.2,61.9,52.4,Moderate
Malacca Strait,Southeast Asia / Indo-Pacific,2024-04-07,70.5,11.0,47.4,60.6,55.1,45.8,44.1,84.2,63.0,High
Mozambique Channel,Western Indian Ocean,2024-04-10,38.7,5.3,13.0,34.0,41.8,32.7,36.8,46.5,31.2,Moderate
Strait of Hormuz,Iran,2024-04-13,91.5,21.6,72.6,82.9,90.1,39.2,84.8,46.2,95.2,Critical
Malacca Strait,Southeast Asia / Indo-Pacific,2024-05-05,22.1,3.3,5.1,68.3,68.5,59.8,26.6,70.8,14.4,Low
Strait of Hormuz,Persian Gulf / Arabian Sea,2024-05-08,28.9,8.7,29.2,85.2,73.7,43.7,96.6,54.9,43.7,High
Strait of Hormuz,Persian Gulf / Arabian Sea,2024-05-12,35.2,10.3,12.8,81.1,75.3,46.2,91.9,63.5,53.1,High
Malacca Strait,Southeast Asia / Indo-Pacific,2024-05-13,25.6,3.5,11.1,71.7,67.7,56.6,27.3,75.6,18.1,Low
Bab el-Mandeb / Red Sea,Yemen,2024-06-22,83.1,18.2,89.6,74.2,55.5,87.9,57.7,57.3,84.2,Critical
Mozambique Channel,Western Indian Ocean,2024-06-26,40.8,8.1,11.1,39.1,31.9,27.1,22.7,38.2,47.2,Moderate
Malacca Strait,Southeast Asia / Indo-Pacific,2024-06-30,91.8,16.2,114.8,63.0,56.7,40.3,39.4,76.2,90.4,Critical
Malacca Strait,Southeast Asia / Indo-Pacific,2024-07-05,9.8,3.8,-6.0,63.8,58.6,50.8,40.9,86.7,17.1,Low
Persian Gulf Coastal,Middle East Terminals,2024-07-09,87.4,23.9,85.7,71.0,68.6,49.2,85.4,49.0,81.7,Critical
Strait of Hormuz,Persian Gulf / Arabian Sea,2024-07-10,5.5,2.0,-5.6,92.8,73.5,31.5,97.0,64.5,13.5,Moderate
Malacca Strait,Southeast Asia / Indo-Pacific,2024-07-16,24.4,2.5,9.5,77.8,74.4,61.4,41.4,79.1,19.4,Moderate
Black Sea & Bosporus,Eurasia / Turkish Straits,2024-07-20,34.6,8.9,18.2,35.1,59.0,23.7,33.9,62.5,35.6,Moderate
Bab el-Mandeb / Red Sea,Gulf of Aden / Red Sea,2024-07-29,27.1,3.3,9.3,74.2,51.9,68.7,51.0,75.9,22.8,Moderate
Bab el-Mandeb / Red Sea,Gulf of Aden / Red Sea,2024-08-02,26.8,4.1,32.8,76.8,68.5,76.6,62.6,55.3,38.5,Moderate
Cape of Good Hope,Southern Africa Route,2024-08-08,16.2,4.6,11.5,56.4,46.9,45.1,49.3,50.9,7.3,Low
Suez Canal,Mediterranean / Red Sea,2024-08-18,46.8,8.9,22.3,76.5,55.4,69.7,50.0,50.2,31.5,Moderate
Cape of Good Hope,Southern Africa Route,2024-08-24,63.5,12.8,62.7,55.5,62.3,65.9,43.5,53.4,58.4,High
Malacca Strait,Southeast Asia / Indo-Pacific,2024-08-25,15.7,3.0,1.1,74.6,74.5,57.7,37.3,68.8,17.6,Low
Malacca Strait,Southeast Asia / Indo-Pacific,2024-08-29,49.3,10.5,13.4,69.1,56.4,46.1,38.1,81.1,47.5,Moderate
Black Sea & Bosporus,Eurasia / Turkish Straits,2024-08-30,11.2,4.2,-2.1,46.5,53.2,24.8,41.8,79.3,19.6,Low
Cape of Good Hope,Southern Africa Route,2024-08-31,26.9,2.7,11.4,47.6,64.4,49.5,31.3,59.5,28.1,Moderate
Strait of Hormuz,Persian Gulf / Arabian Sea,2024-09-01,54.6,12.7,40.3,93.6,88.9,41.1,96.5,58.5,54.2,Critical
Black Sea & Bosporus,Eurasia / Turkish Straits,2024-09-29,14.9,3.4,6.4,45.2,46.8,24.2,29.3,63.5,22.8,Low
Malacca Strait,Southeast Asia / Indo-Pacific,2024-10-15,77.9,26.7,63.8,76.3,72.2,56.6,43.3,81.0,79.4,Critical
Bab el-Mandeb / Red Sea,Gulf of Aden / Red Sea,2024-10-23,23.1,2.3,-2.0,84.6,61.8,84.9,59.6,78.6,12.4,Moderate
Suez Canal,Mediterranean / Red Sea,2024-10-31,21.1,3.4,10.0,63.7,58.0,72.8,59.1,52.5,7.8,Moderate
Suez Canal,Mediterranean / Red Sea,2024-11-06,17.2,1.9,10.5,69.5,58.5,76.3,54.0,67.4,24.7,Moderate
Suez Canal,Mediterranean / Red Sea,2024-11-12,92.6,15.5,87.2,80.4,51.2,64.6,53.7,67.5,93.3,Critical
Suez Canal,Mediterranean / Red Sea,2024-11-18,27.9,3.1,1.1,73.9,56.9,73.9,36.2,57.3,23.4,Moderate
Suez Canal,Mediterranean / Red Sea,2024-11-23,5.5,4.8,3.6,65.4,53.1,61.1,47.4,72.1,29.2,Low
Bab el-Mandeb / Red Sea,Gulf of Aden / Red Sea,2024-11-26,22.3,4.3,-2.2,65.4,63.5,88.0,53.7,71.3,7.0,Moderate
Black Sea & Bosporus,Eurasia / Turkish Straits,2024-11-28,87.8,14.6,79.2,58.3,55.6,38.1,29.4,69.2,78.9,Critical
Persian Gulf Coastal,Middle East Terminals,2024-11-28,95.0,18.2,98.5,77.7,82.0,38.0,74.1,48.0,93.9,Critical
Bab el-Mandeb / Red Sea,Gulf of Aden / Red Sea,2024-11-30,28.3,11.8,25.2,68.6,63.8,77.7,47.3,79.8,32.2,Moderate
Bab el-Mandeb / Red Sea,Gulf of Aden / Red Sea,2024-12-01,13.8,4.3,12.1,80.6,51.7,78.0,60.3,59.1,21.0,Moderate
Bab el-Mandeb / Red Sea,Gulf of Aden / Red Sea,2024-12-06,24.2,3.7,8.7,76.8,70.4,72.4,60.7,70.6,6.1,Moderate
Suez Canal,Mediterranean / Red Sea,2024-12-22,30.2,9.6,22.4,76.4,45.1,76.5,54.3,52.7,32.3,Moderate
Cape of Good Hope,Southern Africa Route,2024-12-23,56.1,15.0,59.4,70.3,55.8,50.0,45.6,42.3,69.9,High
Bab el-Mandeb / Red Sea,Gulf of Aden / Red Sea,2025-01-04,17.0,3.6,-0.8,72.2,72.3,72.4,49.8,61.9,19.4,Moderate
Strait of Hormuz,Persian Gulf / Arabian Sea,2025-01-05,7.8,3.7,4.2,92.4,73.3,49.8,86.2,64.7,15.3,Moderate
Cape of Good Hope,Southern Africa Route,2025-01-07,49.2,15.4,62.0,66.2,52.1,47.9,52.4,53.0,54.9,High
Strait of Hormuz,Persian Gulf / Arabian Sea,2025-01-07,31.6,9.0,26.6,88.7,81.9,41.6,91.0,62.6,45.1,High
Strait of Hormuz,Persian Gulf / Arabian Sea,2025-01-08,40.6,4.3,12.0,86.3,77.0,35.2,92.1,47.9,44.7,High
Black Sea & Bosporus,Eurasia / Turkish Straits,2025-01-15,71.4,23.0,60.2,56.3,58.5,21.5,37.3,66.0,94.5,Critical
Strait of Hormuz,Persian Gulf / Arabian Sea,2025-01-20,62.0,15.2,56.4,86.2,82.5,38.0,92.4,41.5,58.4,Critical
Bab el-Mandeb / Red Sea,Gulf of Aden / Red Sea,2025-01-27,24.9,2.6,-1.0,78.1,73.4,73.6,58.8,58.4,27.2,Moderate
Suez Canal,Mediterranean / Red Sea,2025-01-29,38.2,7.1,12.0,76.3,57.4,79.6,55.4,61.1,51.3,Moderate
Suez Canal,Mediterranean / Red Sea,2025-02-03,35.4,9.9,29.8,62.0,62.1,67.6,37.4,55.8,45.7,Moderate
Cape of Good Hope,Southern Africa Route,2025-02-03,12.3,4.0,-3.8,63.3,59.7,58.8,52.1,45.1,25.2,Low
Persian Gulf Coastal,Middle East Terminals,2025-02-08,10.0,2.7,-7.3,78.6,74.3,38.3,80.3,47.9,13.4,Moderate
Black Sea & Bosporus,Eurasia / Turkish Straits,2025-02-09,48.0,10.4,19.0,38.6,35.3,36.1,48.6,62.1,25.9,Moderate
Strait of Hormuz,Persian Gulf / Arabian Sea,2025-02-13,74.5,8.8,50.8,89.2,91.8,40.5,91.0,49.1,51.1,Critical
Bab el-Mandeb / Red Sea,Red Sea Corridor,2025-02-15,74.4,16.3,69.2,74.7,51.6,73.8,69.9,68.2,83.9,Critical
Mozambique Channel,Western Indian Ocean,2025-02-15,9.7,4.0,5.5,43.8,33.9,22.1,21.3,45.7,17.3,Low
Suez Canal,Mediterranean / Red Sea,2025-02-23,45.3,5.3,32.7,60.5,50.2,81.7,40.3,50.5,49.4,Moderate
Strait of Hormuz,Persian Gulf / Arabian Sea,2025-02-27,21.2,4.9,2.8,86.7,74.4,41.4,95.0,41.3,26.5,Moderate
Persian Gulf Coastal,Middle East Terminals,2025-03-05,57.9,17.5,64.4,70.6,73.8,45.5,91.3,63.8,62.9,Critical
Bab el-Mandeb / Red Sea,Gulf of Aden / Red Sea,2025-03-07,41.4,4.1,34.6,67.6,56.9,76.5,49.3,59.8,44.2,Moderate
Cape of Good Hope,Southern Africa Route,2025-03-15,29.1,4.7,26.6,53.4,56.4,61.6,33.2,52.7,52.5,Moderate
Cape of Good Hope,Southern Africa Route,2025-03-24,25.6,8.6,24.3,65.1,59.9,49.5,42.1,51.1,33.2,Moderate
Bab el-Mandeb / Red Sea,Gulf of Aden / Red Sea,2025-03-29,29.2,4.9,23.4,66.6,73.9,84.9,48.2,60.1,39.3,Moderate
Strait of Hormuz,Persian Gulf / Arabian Sea,2025-03-30,49.0,4.9,19.1,82.3,73.9,41.2,81.2,57.7,43.6,High
Strait of Hormuz,Persian Gulf / Arabian Sea,2025-04-04,46.7,9.4,14.5,82.2,70.6,43.7,95.1,64.3,36.4,High
Cape of Good Hope,Southern Africa Route,2025-04-10,32.0,4.3,11.8,66.0,40.5,57.4,46.3,35.0,46.8,Moderate
Suez Canal,Mediterranean / Red Sea,2025-04-11,48.4,5.3,17.3,66.9,52.9,72.9,46.9,66.8,36.3,Moderate
Strait of Hormuz,Persian Gulf / Arabian Sea,2025-04-15,61.0,16.1,54.9,77.3,91.2,32.8,97.4,61.5,59.5,Critical
Bab el-Mandeb / Red Sea,Gulf of Aden / Red Sea,2025-04-23,51.1,10.6,54.0,76.9,69.3,76.8,57.7,67.2,50.7,High
Cape of Good Hope,Southern Africa Route,2025-04-24,27.9,2.7,10.7,57.7,50.2,53.0,32.6,39.0,29.2,Low
Strait of Hormuz,Persian Gulf / Arabian Sea,2025-04-24,79.6,17.1,112.2,84.1,91.8,37.5,92.6,62.8,86.0,Critical
Mozambique Channel,Western Indian Ocean,2025-04-26,12.2,4.4,-6.5,48.0,35.2,25.4,33.8,36.5,8.2,Low
Malacca Strait,Indo-Pacific,2025-05-10,39.4,5.0,12.9,75.0,67.4,45.9,37.8,67.6,49.7,Moderate
Suez Canal,Mediterranean / Red Sea,2025-05-10,91.5,20.9,64.6,83.7,63.7,65.9,53.7,59.6,79.7,Critical
Strait of Hormuz,Persian Gulf / Arabian Sea,2025-05-11,49.0,7.5,11.6,75.2,89.1,40.5,93.4,58.1,44.6,High
Bab el-Mandeb / Red Sea,Gulf of Aden / Red Sea,2025-05-11,7.5,5.0,-4.3,80.2,67.5,78.2,59.1,79.2,12.1,Moderate
Persian Gulf Coastal,Middle East Terminals,2025-05-17,57.4,16.2,41.7,82.4,70.2,48.1,83.3,45.3,74.3,Critical
Persian Gulf Coastal,Middle East Terminals,2025-05-19,43.6,9.9,32.5,76.0,72.1,43.0,88.5,55.3,29.2,High
Malacca Strait,Southeast Asia / Indo-Pacific,2025-05-22,46.6,4.4,13.7,60.8,61.0,55.5,33.7,87.9,31.9,Moderate
Strait of Hormuz,Persian Gulf / Arabian Sea,2025-05-24,74.7,12.4,60.1,81.4,87.3,30.8,94.3,50.4,53.8,Critical
Malacca Strait,Southeast Asia / Indo-Pacific,2025-06-02,55.2,10.8,34.5,72.6,74.3,43.4,32.2,74.8,51.4,High
Mozambique Channel,Western Indian Ocean,2025-06-10,76.6,15.3,103.5,30.3,45.5,36.5,33.9,55.2,80.4,High
