country,event_date,event_description,oil_price_change,commodity_price_change,trade_disruption,shipping_disruption,india_trade_exposure,india_energy_exposure,market_volatility,india_economic_impact
Sudan,2015-01-12,Gold Export Route Disruption,6.75,1.43,37.3,10.22,0.39,1.1,6.88,15.28
Vietnam,2015-01-13,Vietnam-China Fishing Conflict,4.28,-0.6,46.95,34.52,2.75,2.19,3.98,14.85
Canada,2015-01-16,Agri Trade Route Disruption,8.04,3.57,20.31,5.0,3.97,1.0,4.04,7.73
Egypt,2015-01-19,Gaza Conflict Rafah Closure,15.34,10.1,34.64,61.39,2.64,1.24,4.62,19.74
Poland,2015-01-21,NATO Eastern Flank Escalation,7.35,4.41,41.88,36.94,1.06,1.93,3.34,14.57
Ethiopia,2015-01-25,Somali Instability Cascade,-2.0,2.4,35.84,49.84,0.58,0.63,4.41,12.76
Bangladesh,2015-02-08,Brahmaputra Flood Disruption,-1.1,1.05,55.32,63.51,2.47,1.48,3.45,19.4
Egypt,2015-02-14,Gaza Conflict Rafah Closure,8.58,10.05,37.5,58.49,1.44,1.27,3.75,15.95
Malaysia,2015-02-16,MH370 Insurance Litigation,1.63,6.51,16.46,5.0,3.23,2.75,8.92,10.82
Libya,2015-02-26,Oil Port Blockade,4.0,12.0,53.56,28.29,0.9,5.13,3.69,17.2
South Africa,2015-03-01,Eskom Power Grid Failure Export,5.74,9.76,38.94,68.42,2.27,1.81,7.76,20.73
South Korea,2015-03-03,Chip Act Supply Shift,11.28,3.62,60.55,30.48,3.02,1.91,4.15,18.63
Bangladesh,2015-03-08,Garment Sector Trade Shock,2.53,6.0,68.13,47.45,3.67,1.59,0.58,18.92
USA,2015-03-09,Semiconductor Export Curbs,0.01,-5.46,62.3,39.95,12.28,5.72,6.88,20.46
Kuwait,2015-03-19,Gulf Geopolitical Realignment,5.7,9.44,29.72,41.34,3.69,6.96,7.22,16.99
UAE,2015-03-24,Dubai Port Disruption,8.63,8.19,28.88,16.8,8.19,9.89,6.35,17.3
Kuwait,2015-03-24,KPC Upstream Dispute,14.45,8.62,33.06,45.15,3.02,13.82,3.1,17.89
Australia,2015-04-16,Iron Ore Price Collapse,8.05,9.35,41.07,27.0,4.13,6.48,6.97,19.48
Saudi Arabia,2015-05-03,Oil Embargo Risk,19.11,12.61,33.73,41.75,5.11,22.04,2.86,21.35
Maldives,2015-05-04,India Out Campaign Diplomatic Row,3.05,1.08,61.12,44.28,0.98,0.29,4.76,18.78
Sri Lanka,2015-05-06,Sovereign Debt Default,8.36,5.36,32.94,43.41,1.9,2.66,4.32,12.67
Taiwan,2015-05-10,Semiconductor War Risk,8.21,6.84,27.0,82.7,2.94,2.21,3.86,19.5
Australia,2015-05-11,Iron Ore Price Collapse,0.11,11.21,35.3,40.29,2.95,5.16,3.57,16.05
Yemen,2015-05-13,Houthi Red Sea Shipping Attack,20.49,10.02,46.89,49.71,0.71,3.01,2.58,20.92
USA,2015-05-20,Inflation Reduction Act,-1.94,2.14,42.43,24.8,10.79,5.8,6.4,14.45
Venezuela,2015-05-26,Maduro Sanctions Escalation,11.57,6.08,25.21,35.11,0.44,1.69,7.14,15.1
Afghanistan,2015-06-10,Terror Financing Risk,2.62,1.9,34.01,46.36,1.11,0.04,2.28,13.98
Ethiopia,2015-06-11,Tigray Conflict Humanitarian Impact,7.02,5.23,22.14,44.56,0.7,0.75,5.18,15.88
Malaysia,2015-06-20,Palm Oil Sanction Risk,9.79,1.88,9.47,32.41,1.66,2.39,5.51,13.21
South Africa,2015-06-21,Eskom Power Grid Failure Export,3.93,1.7,35.78,51.73,1.43,1.44,5.72,17.93
USA,2015-07-06,Federal Reserve Rate Hike,4.43,4.66,44.72,16.66,14.63,5.96,2.29,15.23
North Korea,2015-07-09,ICBM Test Korean Peninsula,1.56,7.1,44.49,45.17,0.19,0.61,9.28,17.14
Poland,2015-07-11,Refugee Economic Burden,1.37,3.05,28.93,10.1,1.29,1.33,7.66,14.87
Pakistan,2015-07-20,LOC Escalation,-2.54,6.62,36.8,31.02,1.65,1.46,6.84,16.07
Poland,2015-07-22,Polish Border Belarus Crisis,3.87,4.43,31.51,41.69,1.17,1.22,3.03,15.05
Qatar,2015-07-27,FIFA World Cup Supply Chain,16.9,14.0,25.29,45.41,3.79,11.72,8.88,21.52
Iran,2015-07-29,US-Iran Sanctions Escalation,26.17,7.45,15.89,37.49,3.2,10.02,3.22,16.7
Iran,2015-08-02,US-Iran Sanctions Escalation,25.09,6.73,31.55,58.98,2.25,8.36,4.09,18.46
Russia,2015-08-04,SWIFT Disconnection,-3.31,-0.35,42.3,34.21,10.56,15.58,5.62,18.26
Germany,2015-08-12,Nordstream Sabotage Impact,0.88,6.03,23.75,54.1,4.92,2.68,5.71,14.73
Germany,2015-08-16,German Recession Export Fall,6.51,15.06,28.28,27.22,3.89,3.82,8.71,18.51
Canada,2015-08-17,Khalistan Extremism Row,0.45,8.17,46.41,59.45,1.63,1.47,7.41,20.58
Poland,2015-09-16,Refugee Economic Burden,12.0,4.09,38.31,32.52,1.73,1.82,7.21,17.09
Saudi Arabia,2015-09-22,OPEC+ Production Cut,26.85,18.0,54.9,28.46,8.01,25.33,5.82,29.01
Indonesia,2015-09-30,Palm Oil Export Ban,5.66,4.85,25.4,75.71,3.19,3.37,8.48,19.24
Russia,2015-10-17,Ukraine-Russia Conflict Escalation,24.17,1.85,62.78,29.86,8.53,13.8,4.65,25.23
Myanmar,2015-10-22,Ethnic Conflict Refugee Pressure,4.62,0.43,54.7,37.79,1.02,1.46,1.89,14.37
Malaysia,2015-10-23,South China Sea Claim Overlap,5.12,3.99,15.01,48.82,3.07,3.79,5.97,13.92
North Korea,2015-11-09,Hwasong Missile Escalation,2.6,6.23,47.59,60.27,0.89,0.41,8.6,23.04
Maldives,2015-11-10,Muizzu Anti-India Pivot,1.66,0.44,43.15,88.75,0.19,0.86,7.03,21.51
France,2015-11-26,Niger Coup Export Impact,4.87,13.73,52.45,59.86,4.28,2.45,5.09,21.29
Japan,2015-12-03,Semiconductor Supply Chain Shift,2.68,-5.88,27.14,33.55,4.94,4.76,3.56,11.49
Oman,2015-12-06,India Chabahar Alternative,6.64,4.25,51.32,31.92,2.19,6.04,8.68,19.21
Kuwait,2015-12-11,Iraqi Border Conflict Spillover,7.03,7.03,5.0,9.51,2.75,8.85,5.03,7.59
Nigeria,2015-12-26,Niger Delta Oil Bunkering,10.34,5.33,50.38,5.0,1.02,2.5,4.11,14.98
Qatar,2016-01-14,FIFA World Cup Supply Chain,7.54,11.27,38.89,37.28,2.58,18.21,7.41,23.13
Yemen,2016-01-24,Marib Oil Field Capture,5.87,9.38,48.18,50.65,0.59,3.11,4.46,17.23
Libya,2016-02-02,Field Marshal Haftar Advance,18.21,4.95,57.34,45.02,0.66,4.27,4.46,20.52
Germany,2016-02-11,German Recession Export Fall,1.67,16.0,35.5,23.0,3.72,2.03,3.43,13.12
Saudi Arabia,2016-02-17,OPEC+ Production Cut,35.0,8.32,14.0,62.32,5.2,24.27,6.37,25.02
Yemen,2016-02-17,Suez Canal Diversion,24.0,3.17,33.36,41.63,0.67,3.64,3.6,17.85
Nepal,2016-03-04,Nepal-India Open Border Tension,2.81,1.7,34.41,27.78,1.18,2.34,5.39,10.14
China,2016-03-05,Tech Export Controls,11.3,6.3,47.28,22.49,19.27,6.15,3.23,16.58
USA,2016-03-08,Dollar Surge Impact,11.48,-7.65,42.15,36.86,11.05,7.19,8.66,22.37
Iraq,2016-03-09,Oil Field Disruption,11.65,8.61,40.55,5.0,2.45,11.13,4.11,11.48
Myanmar,2016-03-11,NE India Border Infiltration,4.7,4.32,31.87,30.59,1.1,1.32,3.28,13.48
Libya,2016-03-11,Oil Port Blockade,22.0,9.85,38.17,29.8,0.65,4.79,1.9,18.51
Argentina,2016-04-01,IMF Default Sovereign Risk,5.69,-4.76,35.94,36.54,0.54,0.01,8.32,16.21
UAE,2016-04-03,Dubai Port Disruption,11.4,11.11,36.44,60.39,9.22,7.63,4.19,20.76
Libya,2016-05-13,UN Arms Embargo Violation,12.14,6.91,35.75,29.02,0.02,2.07,5.53,17.0
Turkey,2016-05-14,TRY Lira Hyperinflation,9.12,7.36,8.03,44.95,1.92,3.06,1.65,11.93
Malaysia,2016-05-16,MH370 Insurance Litigation,2.64,2.14,60.69,43.04,1.05,2.15,7.79,21.0
South Korea,2016-05-18,KRW Depreciation Cascade,11.2,7.87,44.83,25.87,3.94,1.8,8.78,22.53
Iran,2016-06-18,US-Iran Sanctions Escalation,17.15,9.77,32.22,25.64,2.55,13.98,6.12,20.45
Qatar,2016-07-14,LNG Supply Contract Renegotiation,14.5,5.18,34.04,38.05,3.09,16.01,8.88,21.68
Libya,2016-07-19,UN Arms Embargo Violation,18.41,8.94,54.7,30.75,0.13,4.82,6.86,24.11
Nigeria,2016-07-28,Boko Haram Supply Chain,4.78,5.54,35.69,51.99,1.09,4.72,3.05,15.61
Bhutan,2016-07-28,China-Bhutan Border Deal Impact,3.58,1.19,38.82,51.73,1.48,2.84,4.02,15.44
Germany,2016-08-07,Nordstream Sabotage Impact,7.5,1.95,53.31,52.69,5.39,2.54,7.05,18.69
Egypt,2016-08-18,Suez Canal Disruption,11.95,6.85,49.74,52.89,1.92,1.11,2.67,14.73
Nepal,2016-08-19,China BRI Influence Shift,5.44,3.84,17.58,38.93,1.17,1.04,3.44,9.03
Turkey,2016-08-19,Bosphorus Strait Closure Risk,9.37,7.2,15.91,52.67,2.35,3.04,5.92,13.86
Nigeria,2016-09-07,Naira Currency Collapse,7.21,3.11,50.51,5.62,0.3,2.28,7.93,17.05
Pakistan,2016-09-07,Terrorist Incident Cross-Border,-0.45,-0.44,33.33,14.11,2.82,1.01,3.0,11.63
Poland,2016-09-10,Refugee Economic Burden,11.47,7.27,50.34,5.0,1.79,1.82,2.19,14.2
Canada,2016-09-14,India-Canada Diplomatic Rupture,4.56,10.09,40.74,61.97,1.19,1.77,2.54,16.43
Yemen,2016-09-19,Houthi Red Sea Shipping Attack,18.91,13.68,43.15,17.31,0.69,4.61,6.62,18.54
South Korea,2016-09-23,North Korea Missile Crisis,7.03,1.93,35.24,5.0,3.68,2.28,5.13,12.75
Vietnam,2016-09-24,Vietnam-China Fishing Conflict,-3.0,2.0,26.44,51.42,3.01,1.19,6.79,14.43
Turkey,2016-10-02,TRY Lira Hyperinflation,14.88,9.18,43.7,13.46,3.09,2.69,1.24,14.28
Japan,2016-10-10,QUAD Security Realignment,14.68,1.85,23.67,24.1,3.67,2.66,0.5,12.34
Kazakhstan,2016-10-14,January Uprising Economic Shock,15.91,1.19,55.34,51.06,2.65,4.98,2.57,20.89
Nigeria,2016-10-19,Dangote Refinery Impact,11.15,6.72,69.35,79.14,1.27,4.24,5.35,23.83
Israel,2016-10-20,Red Sea Disruption Chain,11.9,8.78,62.27,30.23,2.8,1.41,6.87,18.57
Oman,2016-10-22,Arabian Sea Piracy Surge,8.5,6.3,40.8,59.37,2.05,5.81,4.0,17.8
Australia,2016-11-03,LNG Contract Dispute,2.9,3.82,40.79,35.5,3.82,5.19,3.77,12.67
Kuwait,2016-11-04,KPC Upstream Dispute,25.0,8.47,15.2,28.4,1.66,13.68,7.25,22.21
Germany,2016-11-12,Euro Weakness Impact,2.59,2.81,33.62,82.73,4.57,3.33,5.92,18.92
Turkey,2016-11-15,TRY Lira Hyperinflation,12.02,3.05,64.82,16.84,1.72,2.57,1.64,16.39
Pakistan,2016-11-21,CPEC Economic Spillover,3.03,8.01,50.76,28.04,1.67,1.73,7.2,17.76
Ethiopia,2016-11-30,Horn of Africa Drought,1.87,3.86,58.82,32.18,0.32,0.17,6.56,18.2
Myanmar,2016-12-03,NE India Border Infiltration,-1.36,1.99,32.99,47.42,1.65,1.62,7.23,16.46
Kuwait,2016-12-07,KPC Upstream Dispute,12.43,8.05,38.91,57.17,1.21,10.4,7.18,21.75
Canada,2016-12-14,Pulses Export Ban India,4.25,0.79,31.52,56.28,1.97,2.95,6.39,15.13
Poland,2016-12-24,Coal Import Shift India,1.18,-3.0,41.08,54.14,1.71,1.25,2.72,14.22
Argentina,2016-12-26,Peso Hyperinflation Cascade,2.72,11.25,34.41,21.53,1.24,0.45,4.61,11.13
Afghanistan,2016-12-28,Taliban Takeover Trade Impact,7.42,5.0,5.0,22.29,0.86,0.57,8.94,12.39
UK,2017-01-01,GBP Sterling Crisis,3.92,-5.22,30.26,42.78,3.95,2.94,3.07,11.7
Germany,2017-01-01,EU Gas Crisis Spillover,5.8,4.2,54.16,5.0,5.97,2.46,3.35,14.07
South Korea,2017-01-21,Chip Act Supply Shift,-3.68,0.41,5.0,50.77,5.8,2.85,0.5,7.77
Ethiopia,2017-01-27,Horn of Africa Drought,2.88,0.54,45.36,8.77,0.16,0.84,5.82,11.52
Australia,2017-02-01,Australia-China Trade War Fallout,-2.12,3.29,9.36,30.13,4.39,4.31,2.77,7.19
Australia,2017-02-01,Australia-China Trade War Fallout,5.59,-1.35,53.27,57.4,3.31,5.2,4.6,16.53
UK,2017-02-05,Financial Services Shift,2.92,11.56,39.18,41.69,5.45,2.6,5.06,15.17
Sudan,2017-02-08,RSF Conflict Oil Infrastructure,8.33,0.79,28.88,70.24,0.45,1.45,5.86,19.38
Nepal,2017-02-09,China BRI Influence Shift,2.72,-0.6,44.19,25.14,2.1,1.81,7.11,15.81
UK,2017-03-12,UK Recession Portfolio Outflow,3.05,0.89,29.67,56.59,4.33,2.35,7.5,17.19
Nigeria,2017-03-26,Naira Currency Collapse,6.95,6.59,35.98,50.14,0.03,4.78,6.04,17.74
South Africa,2017-03-31,Rand Currency Slide,5.25,10.84,47.54,52.69,1.82,1.89,6.6,18.93
Libya,2017-04-01,UN Arms Embargo Violation,6.13,10.16,30.07,81.49,0.64,2.26,8.39,24.71
Saudi Arabia,2017-04-05,Yemen Conflict Spillover,27.79,13.17,31.7,50.86,7.56,21.14,2.37,23.27
North Korea,2017-04-06,Kim Jong-un Nuclear Doctrine,10.0,6.25,29.92,44.5,0.51,0.19,4.6,14.1
Nepal,2017-04-07,China BRI Influence Shift,0.81,2.41,29.15,60.13,1.14,1.15,3.62,12.87
Iran,2017-04-14,Hormuz Strait Blockade Threat,23.53,6.11,52.47,56.8,2.84,15.14,4.49,24.13
Kuwait,2017-04-20,Iraqi Border Conflict Spillover,12.65,4.29,53.7,18.52,3.48,11.38,4.17,20.17
Bhutan,2017-04-20,China-Bhutan Border Deal Impact,2.67,0.06,27.13,20.51,1.55,1.83,4.28,9.85
Iran,2017-05-15,US-Iran Sanctions Escalation,12.01,8.7,19.15,9.41,1.17,12.67,8.71,17.59
Russia,2017-05-18,SWIFT Disconnection,14.27,21.01,57.11,28.19,10.42,14.79,2.1,24.87
Myanmar,2017-05-21,Ethnic Conflict Refugee Pressure,7.16,2.61,50.57,62.04,1.17,1.59,4.01,19.2
Venezuela,2017-05-21,Maduro Sanctions Escalation,13.25,6.15,10.21,21.68,0.01,3.48,4.73,11.51
Brazil,2017-06-03,Lula G20 Alignment Shift,3.27,1.85,46.18,43.24,2.88,1.09,3.53,14.98
Egypt,2017-06-04,Egyptian Pound Collapse,15.04,10.28,64.5,21.09,1.79,2.91,4.8,21.41
Japan,2017-06-06,Semiconductor Supply Chain Shift,3.47,5.78,47.02,48.35,5.0,3.72,3.38,13.88
South Korea,2017-06-07,Chip Act Supply Shift,1.93,0.99,30.81,37.3,3.37,1.83,4.67,12.0
Bhutan,2017-06-13,Doklam-Style Border Standoff,2.8,2.61,34.23,68.52,1.92,2.39,6.47,18.69
UAE,2017-06-29,Yemen Houthi Missile Strike,9.6,10.74,30.15,26.52,8.09,6.26,3.21,14.26
USA,2017-07-01,Dollar Surge Impact,16.88,8.18,26.15,33.56,10.93,5.02,5.6,15.32
Poland,2017-07-01,Coal Import Shift India,2.74,2.11,35.57,48.13,1.37,1.76,5.84,15.47
Bhutan,2017-07-02,China-Bhutan Border Deal Impact,4.96,2.02,58.61,62.94,1.27,1.08,7.14,21.79
Japan,2017-07-12,Semiconductor Supply Chain Shift,7.37,12.02,26.49,37.24,3.19,2.89,5.09,16.56
Oman,2017-07-17,Oman Strategic Neutral Pivot,8.03,5.21,47.16,40.68,1.54,5.38,4.99,16.73
Indonesia,2017-07-24,South China Sea Natuna Standoff,4.01,5.38,35.95,26.95,4.83,4.01,2.6,14.83
Iraq,2017-07-30,Kurdish Region Instability,26.22,9.72,20.13,40.31,2.79,10.75,7.22,22.22
Australia,2017-07-30,LNG Contract Dispute,6.63,-1.42,77.97,51.34,3.73,5.79,5.86,25.24
Nigeria,2017-08-01,Niger Delta Oil Bunkering,8.1,4.94,23.61,73.82,1.56,2.66,4.29,14.96
Mexico,2017-08-05,US-Mexico Border Crisis Spillover,7.41,9.49,7.5,61.35,0.71,1.09,2.99,12.54
Israel,2017-08-11,Benjamin Netanyahu Ceasefire Collapse,11.85,12.35,49.31,34.23,1.11,1.97,5.45,20.73
Sri Lanka,2017-08-11,Port Sovereignty Dispute,9.75,5.11,12.2,40.25,2.33,1.16,2.32,10.29
Myanmar,2017-09-04,Gas Pipeline Dispute,-1.16,1.42,36.1,42.59,1.95,0.41,2.08,12.63
Ethiopia,2017-09-08,Blue Nile Dam Dispute Egypt,1.76,2.73,33.86,37.8,0.92,0.98,3.52,11.43
Argentina,2017-10-05,Soy Oil Price Shock,5.77,7.65,31.34,5.0,1.3,0.05,5.0,12.72
Indonesia,2017-10-06,Jakarta Flood Supply Chain,-1.55,9.66,33.98,41.51,2.87,2.33,7.69,18.32
Canada,2017-10-09,Pulses Export Ban India,6.01,7.27,20.73,22.87,2.08,1.18,5.19,13.05
Brazil,2017-10-11,Amazon Deforestation Carbon Sanction,4.93,-8.0,34.82,21.99,2.29,1.78,3.99,12.59
Iraq,2017-10-13,ISIS Resurgence Activity,18.02,11.1,48.29,39.46,2.21,12.76,3.14,20.06
Indonesia,2017-10-20,Palm Oil Export Ban,-0.91,-5.0,30.09,17.25,3.11,2.16,4.0,13.01
Poland,2017-10-25,Refugee Economic Burden,4.22,2.58,45.32,19.35,1.38,1.97,5.61,15.17
Israel,2017-10-25,Iran Missile Strike Response,9.14,4.44,40.92,29.69,2.07,1.71,2.32,12.13
Kuwait,2017-10-26,Iraqi Border Conflict Spillover,17.75,11.55,16.57,6.5,2.69,6.05,5.48,13.22
Afghanistan,2017-10-27,Taliban Takeover Trade Impact,7.41,1.31,37.97,17.18,1.89,0.1,5.2,15.18
Venezuela,2017-11-11,Maduro Sanctions Escalation,13.8,4.96,61.77,47.15,0.5,2.73,1.91,19.34
Argentina,2017-11-15,Peso Hyperinflation Cascade,-0.36,4.24,21.17,46.05,1.74,0.61,3.26,11.01
Nepal,2017-12-01,Nepal-India Open Border Tension,7.53,2.81,41.62,39.41,2.68,1.85,3.89,13.56
Kazakhstan,2017-12-09,CSTO Military Intervention,9.42,3.74,71.23,23.43,2.32,2.28,2.36,17.45
Australia,2017-12-10,Australia-China Trade War Fallout,2.45,4.08,33.11,54.37,3.89,5.86,1.1,12.31
Australia,2017-12-12,LNG Contract Dispute,4.19,3.99,30.19,44.79,4.61,4.95,5.25,15.68
Brazil,2017-12-15,Lula G20 Alignment Shift,1.61,-6.32,27.24,52.53,1.36,1.69,8.35,19.08
Vietnam,2017-12-17,Vietnam-China Fishing Conflict,3.12,7.33,34.25,34.52,1.55,2.87,5.6,18.37
France,2017-12-22,Rafale Deal Geopolitics,1.17,0.44,38.01,22.76,3.01,2.74,0.5,8.79
Myanmar,2017-12-23,Military Coup Economic Fallout,2.31,1.95,36.89,26.3,1.48,1.2,7.25,13.13
Nepal,2017-12-30,Nepal-India Open Border Tension,8.0,4.79,48.24,31.51,1.17,1.71,2.45,16.35
Nigeria,2017-12-30,Boko Haram Supply Chain,9.71,4.55,38.72,52.47,0.13,3.79,3.57,17.01
Nigeria,2018-01-03,Dangote Refinery Impact,11.51,2.63,60.03,56.32,1.3,2.83,5.89,20.79
Malaysia,2018-01-03,MH370 Insurance Litigation,8.71,10.73,36.0,18.5,3.83,3.26,2.3,15.73
Libya,2018-01-10,Field Marshal Haftar Advance,22.0,6.02,73.17,47.98,0.66,2.47,4.33,25.35
Kuwait,2018-01-12,Gulf Geopolitical Realignment,21.99,7.33,29.58,39.08,2.9,13.61,7.65,22.49
Venezuela,2018-01-17,Guyana Border Annexation Claim,17.37,7.33,48.68,44.27,0.31,2.61,4.39,21.35
Maldives,2018-01-29,China Infrastructure Loan,2.39,1.47,37.15,29.72,0.48,0.5,7.5,13.7
Russia,2018-01-29,Sanctions Regime Expansion,18.24,-0.43,45.53,33.79,8.76,20.95,6.38,22.35
Argentina,2018-02-03,Lithium Export Control,5.98,2.12,11.66,20.99,1.87,0.36,3.1,7.6
Bangladesh,2018-02-13,Hasina Government Collapse,1.37,3.04,39.15,11.1,2.93,1.18,0.52,8.73
Maldives,2018-03-01,India Out Campaign Diplomatic Row,3.99,0.31,5.0,32.02,0.71,0.25,3.41,4.55
Maldives,2018-03-09,China Infrastructure Loan,0.18,2.07,69.0,54.42,0.53,0.72,6.33,21.15
Nigeria,2018-03-18,Dangote Refinery Impact,9.81,8.3,37.79,48.0,1.54,3.45,6.08,19.63
Yemen,2018-03-23,Houthi Red Sea Shipping Attack,24.76,7.62,13.97,39.61,0.88,5.52,4.21,17.02
Oman,2018-04-06,Muscat Gas Route Disruption,7.17,8.72,31.41,10.19,1.18,6.73,3.77,11.45
China,2018-04-18,Galwan Valley Standoff,2.97,4.04,46.58,61.84,17.67,4.56,0.5,17.13
Taiwan,2018-04-19,Semiconductor War Risk,6.12,7.35,35.43,32.59,2.65,2.38,8.58,20.12
Yemen,2018-04-20,Saudi Coalition Airstrike,15.14,11.04,40.91,63.33,0.3,2.61,3.16,17.56
Libya,2018-04-27,Field Marshal Haftar Advance,11.35,10.74,78.06,21.79,0.67,4.0,4.73,22.25
Ukraine,2018-04-29,Kherson Dam Destruction Cascade,18.07,17.77,5.0,57.43,2.6,2.96,0.83,14.65
Yemen,2018-04-30,Marib Oil Field Capture,9.72,16.74,40.19,34.19,0.92,5.25,6.07,20.01
South Africa,2018-05-13,Rand Currency Slide,5.5,5.32,52.02,23.83,2.73,1.52,7.24,19.03
Nigeria,2018-05-26,Niger Delta Oil Bunkering,12.14,5.56,43.38,10.91,1.3,3.93,8.23,18.55
Germany,2018-06-06,German Recession Export Fall,11.45,9.27,32.19,32.18,3.04,2.7,1.19,15.46
Bangladesh,2018-06-10,River Water Dispute,3.19,3.42,50.94,41.17,2.31,1.94,4.02,16.7
Egypt,2018-06-23,Egyptian Pound Collapse,10.54,10.43,42.49,29.43,1.13,1.65,2.4,17.04
Ethiopia,2018-06-28,Horn of Africa Drought,5.29,3.11,57.96,5.0,0.49,0.67,7.44,15.25
Canada,2018-07-01,Agri Trade Route Disruption,6.63,0.18,69.56,37.34,1.31,2.07,3.29,15.26
Japan,2018-07-13,Rare Earth Cooperation,-3.06,3.05,48.13,19.73,5.96,3.59,6.23,17.63
Sudan,2018-07-15,Refugee Crisis Red Sea Region,7.68,3.86,44.89,16.3,0.92,0.07,2.62,14.31
Yemen,2018-07-31,Suez Canal Diversion,15.49,18.0,46.87,45.31,0.59,5.47,4.43,21.12
France,2018-08-04,Sahel Military Withdrawal,2.95,-3.98,26.7,49.09,4.13,1.04,8.14,16.07
South Korea,2018-08-08,Korean Peninsula Escalation,11.15,7.72,35.46,49.42,4.86,1.08,5.97,18.16
Nepal,2018-08-17,Nepal-India Open Border Tension,8.0,0.94,31.19,55.75,2.36,2.13,6.28,16.64
Israel,2018-08-20,Gaza Conflict Escalation,16.86,10.76,37.35,41.07,1.56,2.4,5.24,19.34
Australia,2018-08-24,LNG Contract Dispute,-3.0,14.8,35.26,47.09,3.57,5.79,4.57,19.28
South Korea,2018-08-29,KRW Depreciation Cascade,5.24,2.97,48.03,26.04,3.57,1.68,5.68,16.13
Russia,2018-09-01,Grain Export Ban,7.43,1.42,32.63,65.35,11.09,19.04,4.83,19.2
Sudan,2018-09-08,Refugee Crisis Red Sea Region,4.07,3.77,41.05,18.57,0.88,1.48,7.38,16.98
Libya,2018-09-10,Tripoli Militia Conflict,9.36,5.21,70.99,36.57,0.53,2.13,3.86,20.71
Canada,2018-09-10,India-Canada Diplomatic Rupture,7.89,11.84,46.19,53.75,3.4,2.35,2.72,18.51
Afghanistan,2018-09-16,Opium Economy Sanctions,1.68,1.46,53.03,33.65,0.54,0.65,3.09,13.59
Bangladesh,2018-09-23,Hasina Government Collapse,5.12,3.71,41.37,50.63,2.6,1.62,6.91,19.81
Kuwait,2018-10-05,Iraqi Border Conflict Spillover,11.42,3.3,38.51,35.93,2.79,11.89,2.75,18.93
France,2018-10-12,Sahel Military Withdrawal,7.98,12.52,10.52,7.63,4.36,1.39,6.09,12.75
Saudi Arabia,2018-10-14,Aramco Attack,18.17,9.36,29.67,47.12,5.27,27.99,7.27,23.38
Maldives,2018-10-18,Muizzu Anti-India Pivot,1.13,2.57,42.38,60.62,0.88,0.57,4.86,15.74
Israel,2018-10-20,Iran Missile Strike Response,13.11,11.45,40.45,11.77,1.52,1.02,5.36,19.45
Egypt,2018-10-24,Gaza Conflict Rafah Closure,16.27,12.4,52.4,29.18,1.93,1.97,5.4,21.48
Kuwait,2018-10-26,KPC Upstream Dispute,11.94,4.34,23.38,15.02,3.16,8.38,2.91,15.8
Japan,2018-10-31,Rare Earth Cooperation,-2.21,10.01,54.39,53.91,3.03,3.53,4.51,21.01
Kuwait,2018-11-02,OPEC Oil Cut Extension,15.32,3.75,41.13,39.53,2.46,13.56,5.15,18.86
Iran,2018-11-11,Drone Attack on Saudi Facilities,12.86,5.49,56.96,52.62,1.6,14.94,6.11,26.57
Mexico,2018-11-16,USMCA Pharmaceutical Impact,1.21,-4.0,45.63,68.3,1.02,1.49,3.44,17.88
Iran,2018-11-19,Hormuz Strait Blockade Threat,18.03,6.61,15.17,25.57,3.17,11.97,3.86,14.73
Poland,2018-12-22,Coal Import Shift India,12.0,2.92,52.18,62.56,1.02,1.19,3.67,21.13
Turkey,2018-12-23,Bosphorus Strait Closure Risk,13.95,6.27,44.81,43.47,3.37,2.91,4.62,17.97
Qatar,2018-12-26,LNG Supply Contract Renegotiation,9.7,6.66,36.31,38.12,2.02,12.19,7.39,18.76
Egypt,2019-01-05,Gaza Conflict Rafah Closure,4.24,4.84,53.54,44.1,2.03,2.08,6.84,18.51
Brazil,2019-01-10,BRL Depreciation Trade,10.62,1.99,41.56,27.92,1.32,1.12,3.5,14.13
Myanmar,2019-01-13,Gas Pipeline Dispute,2.59,4.61,38.36,5.0,1.83,0.67,6.2,11.37
Brazil,2019-01-26,Soya Export Shock,8.95,5.14,45.56,66.94,2.18,1.51,6.24,18.44
Venezuela,2019-02-08,Guyana Border Annexation Claim,18.0,3.22,33.49,45.08,0.13,3.89,4.88,16.44
Nepal,2019-02-15,Hydropower Trade Disruption,6.22,1.15,44.69,14.19,2.47,2.23,3.87,11.57
South Korea,2019-03-01,KRW Depreciation Cascade,-0.1,-1.52,59.56,55.08,3.44,3.0,4.03,18.24
Pakistan,2019-03-02,Balochistan Pipeline Attack,11.78,1.15,64.42,5.0,2.29,1.3,6.98,15.86
Qatar,2019-03-14,JLNG Price Escalation,10.63,5.49,29.41,62.11,3.82,14.45,3.15,19.19
Australia,2019-03-16,Iron Ore Price Collapse,8.41,13.11,50.8,57.27,4.98,4.14,2.19,17.2
South Africa,2019-03-16,Eskom Power Grid Failure Export,5.93,11.86,26.77,9.84,1.44,1.97,4.28,10.26
Bangladesh,2019-03-26,Garment Sector Trade Shock,0.34,4.47,38.24,19.16,3.82,1.43,4.65,13.95
Afghanistan,2019-03-31,Taliban Takeover Trade Impact,3.35,3.55,51.0,42.93,1.7,0.41,9.11,21.79
France,2019-04-04,Niger Coup Export Impact,6.92,0.75,5.0,35.11,2.32,1.48,4.75,10.11
Japan,2019-04-08,Semiconductor Supply Chain Shift,7.04,1.35,46.36,33.29,3.12,2.27,5.8,18.52
Turkey,2019-04-14,NATO-Russia Mediation Pivot,8.98,7.66,64.49,38.45,3.81,3.54,5.11,22.25
Taiwan,2019-04-17,US Pelosi Visit Escalation,4.08,11.63,26.13,30.51,2.45,1.87,3.34,12.68
Oman,2019-05-16,Muscat Gas Route Disruption,10.35,2.49,42.15,23.76,2.01,3.72,0.75,11.54
Sudan,2019-05-21,Gold Export Route Disruption,5.05,1.65,62.02,33.6,0.12,1.47,0.99,15.33
Sudan,2019-05-29,Refugee Crisis Red Sea Region,4.19,3.11,19.61,43.85,0.23,0.05,4.18,10.88
Ukraine,2019-05-30,Russo-Ukrainian War Grain Block,21.19,12.47,23.82,31.91,2.34,2.02,3.06,17.77
Sudan,2019-05-31,RSF Conflict Oil Infrastructure,2.36,3.72,40.54,41.35,0.14,1.38,5.6,16.25
Afghanistan,2019-06-14,Opium Economy Sanctions,6.03,3.19,11.79,44.43,0.85,0.79,3.74,10.1
Vietnam,2019-06-19,Manufacturing FDI Shift,4.07,7.63,39.84,45.67,3.17,2.64,5.63,19.99
France,2019-06-22,French Africa Retreat,3.67,-0.15,17.21,37.01,4.84,2.7,4.01,13.89
Russia,2019-07-01,Ruble Currency Collapse,19.11,2.09,58.49,26.72,11.46,17.77,4.5,24.11
Ukraine,2019-07-04,Sunflower Oil Export Collapse,29.31,11.3,59.92,35.63,2.83,2.99,6.32,23.64
Malaysia,2019-07-08,South China Sea Claim Overlap,2.23,-0.19,67.17,60.36,3.1,2.34,5.24,22.89
Sudan,2019-07-13,Refugee Crisis Red Sea Region,5.99,3.42,20.9,26.88,0.33,0.24,5.48,13.11
China,2019-07-19,BRI Debt Pressure,-0.41,15.99,75.28,45.66,19.03,6.82,0.5,22.69
Iran,2019-07-22,Drone Attack on Saudi Facilities,11.39,3.0,53.01,46.44,2.63,8.69,3.62,18.79
Russia,2019-08-06,Sanctions Regime Expansion,-6.51,22.0,36.78,16.44,9.27,20.54,5.54,20.71
Kuwait,2019-08-09,Gulf Geopolitical Realignment,17.05,6.98,65.08,52.27,1.77,11.76,4.83,24.48
Iran,2019-08-11,Nuclear Deal Collapse,9.22,13.49,51.78,37.06,1.46,12.69,10.0,24.95
Saudi Arabia,2019-08-13,Oil Embargo Risk,23.0,10.98,40.4,30.73,6.6,18.47,5.49,21.77
Nigeria,2019-08-16,Boko Haram Supply Chain,5.76,2.52,48.67,47.3,0.62,4.74,4.72,18.26
Japan,2019-08-23,Rare Earth Cooperation,-0.35,-0.01,36.1,41.91,6.42,3.47,6.86,15.68
France,2019-09-11,French Africa Retreat,3.57,8.78,77.99,18.13,3.77,2.61,5.36,20.54
USA,2019-09-11,Semiconductor Export Curbs,18.1,14.36,42.82,55.4,17.68,4.19,5.39,22.31
Indonesia,2019-09-12,Nickel Ore Export Restriction,-2.97,7.13,30.26,51.21,4.9,3.37,4.14,15.85
Sri Lanka,2019-09-14,Economic Crisis Contagion,1.58,5.39,32.29,5.0,2.55,2.83,6.94,14.85
Myanmar,2019-09-19,NE India Border Infiltration,4.76,2.72,13.59,53.17,1.11,0.91,4.09,9.7
Mexico,2019-09-19,Cartel Supply Chain Risk,10.97,4.42,74.14,25.71,0.19,2.5,6.3,23.29
Kuwait,2019-09-23,Gulf Geopolitical Realignment,20.14,8.63,44.47,39.33,3.14,13.4,2.73,20.29
Sudan,2019-09-26,RSF Conflict Oil Infrastructure,7.97,3.66,24.67,38.11,0.62,0.68,4.55,14.87
Vietnam,2019-10-15,South China Sea Block Dispute,6.53,7.49,6.44,22.67,2.11,2.98,1.56,10.37
Canada,2019-10-22,India-Canada Diplomatic Rupture,-4.0,5.17,64.28,63.46,1.36,2.95,4.49,19.33
Qatar,2019-11-09,JLNG Price Escalation,13.04,6.3,25.24,16.73,4.5,19.35,3.97,13.48
Yemen,2019-11-11,Suez Canal Diversion,20.91,6.96,45.47,14.6,0.98,2.66,6.58,21.85
Germany,2019-12-02,German Recession Export Fall,-3.16,0.64,21.89,8.94,3.72,3.26,7.16,11.92
Brazil,2019-12-14,BRL Depreciation Trade,0.88,2.25,12.05,53.26,1.65,1.07,7.0,12.42
Vietnam,2019-12-16,Manufacturing FDI Shift,1.57,8.43,29.77,56.28,1.17,2.11,6.5,16.89
Israel,2019-12-26,Red Sea Disruption Chain,16.98,3.68,44.74,30.93,2.81,2.49,7.49,20.47
Kazakhstan,2019-12-26,CSTO Military Intervention,6.84,8.43,51.96,28.6,1.67,5.31,3.28,15.55
Kuwait,2019-12-29,OPEC Oil Cut Extension,9.07,9.88,29.4,22.09,1.28,7.15,4.61,13.14
Sri Lanka,2019-12-30,Sovereign Debt Default,5.04,4.56,73.44,54.5,1.06,2.24,10.0,27.09
Vietnam,2020-01-05,Vietnam-China Fishing Conflict,6.76,4.82,18.52,34.04,2.67,2.62,6.19,14.04
Bangladesh,2020-01-08,Garment Sector Trade Shock,8.13,4.96,30.49,55.24,4.2,1.53,4.73,16.02
Qatar,2020-01-09,JLNG Price Escalation,22.0,12.99,11.15,24.67,4.05,12.08,6.26,18.23
Kuwait,2020-02-20,KPC Upstream Dispute,8.82,6.29,45.66,40.36,3.99,9.6,4.18,16.05
Turkey,2020-02-22,Syria Intervention Spillover,13.29,3.95,28.9,20.94,1.67,2.21,3.82,14.28
China,2020-03-07,Tech Export Controls,3.95,5.01,34.77,27.9,18.38,4.4,9.85,21.54
Iran,2020-03-28,Hormuz Strait Blockade Threat,13.03,11.13,70.3,29.04,2.69,11.42,7.04,24.35
Qatar,2020-03-29,FIFA World Cup Supply Chain,11.3,12.38,81.38,31.83,4.62,19.84,4.02,28.01
Saudi Arabia,2020-04-04,OPEC+ Production Cut,19.23,14.91,27.32,14.06,7.36,20.68,2.18,19.57
USA,2020-04-04,Dollar Surge Impact,3.95,1.12,25.08,53.67,17.18,6.11,7.69,15.25
Sudan,2020-05-07,Khartoum Civil War,6.43,2.6,19.35,32.69,0.66,1.94,8.79,15.58
Kuwait,2020-05-13,Gulf Geopolitical Realignment,18.76,4.83,43.27,58.65,1.46,11.82,8.34,25.9
Qatar,2020-05-17,LNG Supply Contract Renegotiation,13.09,3.62,38.55,23.84,2.92,18.22,4.74,16.87
Egypt,2020-06-01,Egyptian Pound Collapse,17.24,7.14,53.67,33.04,2.93,1.89,5.64,17.94
Australia,2020-06-07,Australia-China Trade War Fallout,0.07,-1.06,23.43,29.63,4.35,3.49,3.04,10.28
Venezuela,2020-06-08,Oil Production Collapse,4.64,8.88,34.06,34.4,0.31,1.29,8.12,13.37
Bhutan,2020-06-09,Doklam-Style Border Standoff,3.89,1.39,38.1,65.73,1.11,1.23,5.3,19.44
Libya,2020-06-14,Tripoli Militia Conflict,10.31,7.57,72.44,44.51,0.17,5.12,6.25,24.18
Indonesia,2020-06-17,Palm Oil Export Ban,1.46,-1.29,35.79,45.93,3.41,4.67,4.3,14.77
Kazakhstan,2020-06-27,January Uprising Economic Shock,5.93,6.97,33.21,72.44,2.55,2.49,1.86,17.31
Ethiopia,2020-06-29,Somali Instability Cascade,3.25,2.27,49.01,20.09,0.24,0.1,6.79,14.26
Pakistan,2020-07-26,Terrorist Incident Cross-Border,8.0,-0.54,31.75,27.9,2.93,0.51,4.77,13.29
Mexico,2020-07-30,Nearshoring Manufacturing Shift,3.94,6.95,11.07,22.7,0.29,1.98,5.1,9.75
Poland,2020-08-02,NATO Eastern Flank Escalation,12.0,2.8,34.18,57.43,1.77,1.42,5.82,18.22
Egypt,2020-08-03,Suez Canal Disruption,22.0,7.84,46.89,29.85,1.84,2.0,6.02,22.92
Israel,2020-08-08,Red Sea Disruption Chain,18.03,15.19,33.49,42.76,2.59,1.55,4.73,17.46
Ukraine,2020-08-10,Russo-Ukrainian War Grain Block,30.38,9.33,5.0,5.0,2.87,2.97,6.42,15.84
Brazil,2020-08-19,Soya Export Shock,1.22,-4.94,36.39,47.1,2.83,1.98,7.29,17.88
Nepal,2020-08-30,Madhesh Political Crisis,1.44,2.79,48.89,42.43,1.36,1.48,4.94,18.05
Kuwait,2020-09-09,Iraqi Border Conflict Spillover,10.84,10.69,47.06,48.7,2.94,12.37,6.48,22.25
South Korea,2020-10-01,KRW Depreciation Cascade,1.3,10.29,54.89,40.69,4.66,1.35,7.34,19.7
Oman,2020-10-04,India Chabahar Alternative,11.15,4.33,45.8,34.21,2.57,6.5,7.18,20.35
Libya,2020-10-05,Tripoli Militia Conflict,12.55,3.01,26.31,35.85,0.11,5.35,3.43,12.91
Israel,2020-10-05,Hezbollah Northern Front,7.4,4.94,19.38,51.63,1.03,1.33,8.41,17.97
Nepal,2020-10-06,Nepal-India Open Border Tension,3.92,5.18,24.02,39.95,1.69,1.56,7.78,14.63
Nepal,2020-10-07,China BRI Influence Shift,0.79,4.91,31.85,35.79,1.7,2.86,7.44,14.74
Argentina,2020-10-12,Peso Hyperinflation Cascade,0.06,-0.32,45.27,37.05,1.3,0.74,6.74,16.26
Canada,2020-10-22,Agri Trade Route Disruption,4.29,5.52,52.99,39.82,2.76,2.05,6.76,20.77
Oman,2020-10-22,India Chabahar Alternative,8.44,8.54,64.61,41.96,1.09,7.04,5.13,19.82
Afghanistan,2020-11-04,Terror Financing Risk,3.11,5.0,11.96,55.92,0.94,0.74,4.59,13.67
Brazil,2020-11-06,BRL Depreciation Trade,2.22,-0.87,38.65,46.25,2.26,1.73,2.81,12.9
USA,2020-11-07,Silicon Valley Bank Contagion,6.66,1.5,22.55,47.37,14.2,6.84,5.35,14.73
France,2020-11-18,Sahel Military Withdrawal,-2.14,8.56,48.99,76.91,3.28,1.26,4.72,21.94
Nigeria,2020-11-22,Naira Currency Collapse,3.01,8.72,25.4,31.86,0.21,4.07,3.07,10.34
South Africa,2020-12-06,Cape of Good Hope Rerouting,0.33,-1.23,35.27,22.59,1.07,1.92,4.84,13.39
Libya,2020-12-09,UN Arms Embargo Violation,14.37,7.66,55.08,24.17,0.46,5.37,6.95,22.07
Turkey,2020-12-15,NATO-Russia Mediation Pivot,11.23,4.55,47.35,9.06,2.95,4.49,5.56,17.85
Canada,2020-12-18,India-Canada Diplomatic Rupture,7.37,10.23,43.41,21.12,1.77,2.61,5.26,15.97
Sudan,2020-12-18,Refugee Crisis Red Sea Region,11.43,3.89,25.5,48.14,0.86,1.64,8.98,19.11
UAE,2020-12-20,Regional Alliance Shift,9.7,6.21,27.59,46.41,10.09,9.16,4.5,17.31
Bangladesh,2021-01-05,Hasina Government Collapse,3.26,1.4,39.34,20.74,4.76,1.52,2.64,12.19
South Africa,2021-01-10,BRICS Expansion Geopolitics,-3.0,3.23,30.68,53.18,2.63,1.97,3.76,17.98
Sri Lanka,2021-01-16,Port Sovereignty Dispute,5.15,4.49,35.98,63.33,1.8,1.61,4.77,14.74
Bhutan,2021-01-17,Hydropower Export Halt,1.36,0.82,51.39,30.36,1.56,2.05,4.35,15.14
Kuwait,2021-01-21,KPC Upstream Dispute,25.0,8.1,62.96,35.42,3.49,11.68,7.68,28.88
Afghanistan,2021-01-30,Terror Financing Risk,5.53,4.06,37.53,54.2,1.21,0.63,8.61,20.49
Qatar,2021-02-08,Qatar Blockade Spillover,15.21,5.99,36.58,38.96,4.36,19.03,6.76,20.63
Israel,2021-02-09,Hezbollah Northern Front,21.5,7.41,23.99,54.24,1.56,2.93,6.93,22.45
Afghanistan,2021-02-12,Taliban Takeover Trade Impact,3.5,0.76,81.58,26.71,0.33,0.99,7.57,24.3
Mexico,2021-02-12,Nearshoring Manufacturing Shift,2.53,5.97,63.33,19.18,0.05,2.38,4.2,16.2
Iraq,2021-02-26,Kurdish Region Instability,21.49,6.05,29.29,17.39,1.14,17.63,8.21,19.55
Argentina,2021-02-28,Peso Hyperinflation Cascade,7.16,0.3,45.3,8.8,1.46,0.11,3.68,12.78
Venezuela,2021-03-03,Maduro Sanctions Escalation,4.53,7.47,46.73,56.73,0.58,1.76,4.48,18.4
Iraq,2021-03-08,Iran-Iraq Militia Conflict,9.23,2.52,33.11,35.9,1.36,13.92,4.12,16.29
Maldives,2021-03-09,Muizzu Anti-India Pivot,2.88,0.09,22.48,6.08,0.22,0.6,1.22,7.61
Egypt,2021-03-14,Gaza Conflict Rafah Closure,9.52,3.97,34.13,93.32,1.78,1.6,5.86,21.2
Qatar,2021-04-01,Qatar Blockade Spillover,22.0,7.16,5.0,50.46,4.19,16.52,6.04,19.71
Venezuela,2021-04-05,Oil Production Collapse,5.9,5.59,43.21,38.61,0.54,3.77,6.69,16.79
France,2021-04-09,Niger Coup Export Impact,1.64,1.71,55.42,66.52,4.26,1.62,0.5,14.55
Libya,2021-04-24,Oil Port Blockade,10.66,3.05,38.9,28.62,0.58,4.28,2.28,12.04
Bhutan,2021-05-08,China-Bhutan Border Deal Impact,1.96,4.0,49.84,36.09,1.52,1.44,6.81,17.46
Argentina,2021-05-09,Soy Oil Price Shock,-1.65,5.1,68.32,47.49,0.64,0.03,0.5,15.78
Germany,2021-05-09,EU Gas Crisis Spillover,-1.22,-7.8,77.01,19.25,5.83,2.48,4.51,19.02
Saudi Arabia,2021-05-11,Oil Embargo Risk,20.5,11.58,33.89,10.08,7.77,25.33,9.37,27.0
Iraq,2021-05-21,Kurdish Region Instability,14.23,6.62,19.49,50.21,1.49,13.06,4.97,17.12
Argentina,2021-05-23,IMF Default Sovereign Risk,-0.56,-1.32,14.77,60.44,0.3,0.6,4.03,13.14
Maldives,2021-05-24,China Infrastructure Loan,1.43,1.25,29.53,20.75,0.23,0.35,5.07,9.76
Yemen,2021-05-27,Saudi Coalition Airstrike,9.78,16.21,54.04,57.62,0.53,2.4,5.66,23.09
Sri Lanka,2021-06-13,Sovereign Debt Default,12.0,4.27,43.2,48.83,2.61,1.17,1.61,13.93
France,2021-06-27,Sahel Military Withdrawal,10.05,0.93,28.43,66.93,3.04,1.8,3.18,14.88
Oman,2021-07-04,Muscat Gas Route Disruption,12.49,8.88,5.0,24.45,1.7,7.65,5.82,11.71
Poland,2021-07-12,Refugee Economic Burden,6.73,-3.0,51.81,41.31,1.02,1.48,7.47,21.13
Nepal,2021-07-14,Nepal-India Open Border Tension,-1.45,0.69,21.33,37.18,2.92,2.43,5.41,12.28
Yemen,2021-07-22,Houthi Red Sea Shipping Attack,23.0,6.46,64.78,43.32,0.74,4.44,2.55,22.39
Sri Lanka,2021-07-23,USAID Supply Chain Impact,1.64,4.5,10.11,68.93,2.1,2.04,7.94,13.82
Bangladesh,2021-07-23,River Water Dispute,5.3,0.83,58.54,32.33,4.86,1.88,3.18,15.57
UAE,2021-07-23,Yemen Houthi Missile Strike,10.14,6.18,79.08,35.01,10.75,8.0,5.1,27.19
Qatar,2021-08-10,FIFA World Cup Supply Chain,12.22,7.77,66.9,45.42,4.34,12.76,3.83,23.64
Argentina,2021-08-12,Peso Hyperinflation Cascade,5.47,11.38,17.45,29.46,0.24,0.62,6.41,15.04
Russia,2021-08-27,Ukraine-Russia Conflict Escalation,16.99,-0.51,38.18,29.62,9.58,19.39,5.41,20.85
UAE,2021-08-28,Yemen Houthi Missile Strike,11.27,4.07,58.57,60.88,7.16,8.41,3.6,19.53
China,2021-09-04,BRI Debt Pressure,6.58,15.9,70.7,37.45,17.73,6.99,6.82,27.68
Nepal,2021-09-04,Madhesh Political Crisis,5.49,1.67,59.93,22.58,2.28,1.83,6.3,20.16
UK,2021-09-09,Brexit Trade Realignment,5.22,7.62,44.09,32.49,5.42,2.54,5.68,16.05
Oman,2021-09-14,Muscat Gas Route Disruption,10.25,9.96,68.24,15.42,2.41,3.02,6.15,19.69
Japan,2021-09-24,Rare Earth Cooperation,-2.69,-0.6,56.37,63.95,4.93,3.17,5.67,20.88
UK,2021-09-27,Brexit Trade Realignment,12.0,-3.0,48.53,22.25,3.54,2.39,4.08,15.94
Maldives,2021-10-02,China Infrastructure Loan,3.19,2.81,46.19,31.6,0.22,0.22,10.0,20.25
USA,2021-10-11,Dollar Surge Impact,11.83,0.05,59.08,48.49,12.0,6.5,7.67,24.64
Iran,2021-10-11,Nuclear Deal Collapse,20.29,4.33,45.96,52.17,2.6,10.59,7.7,22.65
Sudan,2021-10-12,Khartoum Civil War,3.6,3.47,9.25,51.91,0.63,1.62,1.62,10.26
Vietnam,2021-10-17,South China Sea Block Dispute,3.13,7.95,5.0,58.98,2.38,1.03,3.89,8.82
China,2021-11-02,Trade War Spillover,2.53,13.25,29.15,8.25,15.12,5.9,6.11,15.52
Nepal,2021-11-13,Hydropower Trade Disruption,2.27,1.28,32.67,63.01,2.13,1.04,4.87,14.88
Bangladesh,2021-11-15,Hasina Government Collapse,4.44,3.07,54.02,19.12,4.15,1.61,5.58,15.52
Pakistan,2021-11-30,LOC Escalation,0.19,5.62,65.06,57.98,1.33,1.13,4.99,22.66
Sri Lanka,2021-12-01,USAID Supply Chain Impact,8.59,6.4,20.36,51.5,2.6,1.21,5.28,15.27
China,2021-12-12,South China Sea Escalation,5.42,4.45,60.89,16.43,18.52,4.0,2.44,18.12
Mexico,2021-12-13,Cartel Supply Chain Risk,3.47,-0.23,29.14,33.63,1.27,2.47,5.73,14.54
Qatar,2021-12-21,Qatar Blockade Spillover,6.94,11.57,19.2,64.69,4.04,13.41,4.94,15.47
Sri Lanka,2021-12-22,USAID Supply Chain Impact,8.99,4.17,45.62,43.43,1.02,2.5,6.7,20.82
Venezuela,2021-12-27,Maduro Sanctions Escalation,12.28,5.17,23.36,43.61,0.56,3.34,3.14,14.7
Taiwan,2022-01-03,PLA Military Exercises Blockade,2.5,5.11,11.91,72.01,4.02,1.66,5.33,14.72
Qatar,2022-01-10,Qatar Blockade Spillover,5.24,14.0,32.69,18.24,4.89,12.49,4.49,13.86
UAE,2022-01-12,Yemen Houthi Missile Strike,8.63,10.18,58.56,53.83,9.86,5.37,3.15,21.05
France,2022-01-15,Sahel Military Withdrawal,4.53,0.5,61.51,12.11,2.14,2.74,3.77,15.7
France,2022-01-17,Niger Coup Export Impact,7.48,9.29,15.55,30.02,3.94,1.84,7.43,16.19
Ethiopia,2022-01-22,Somali Instability Cascade,4.09,4.06,50.56,49.58,0.15,0.42,4.02,16.08
Egypt,2022-01-24,Egyptian Pound Collapse,15.92,3.95,84.36,43.55,2.26,2.05,8.83,29.47
Iran,2022-01-25,Hormuz Strait Blockade Threat,15.41,9.18,34.82,40.21,3.74,13.62,0.5,16.8
Oman,2022-01-28,Arabian Sea Piracy Surge,7.3,4.15,33.55,23.99,3.0,5.03,6.55,14.44
Nepal,2022-01-29,Nepal-India Open Border Tension,6.92,2.14,28.49,22.85,1.58,1.75,7.05,10.77
UK,2022-01-31,UK Recession Portfolio Outflow,-0.6,12.87,29.53,18.04,5.01,1.97,0.97,8.12
Israel,2022-02-04,Benjamin Netanyahu Ceasefire Collapse,18.46,7.1,20.96,37.3,2.45,1.65,3.1,15.06
Maldives,2022-02-04,India Out Campaign Diplomatic Row,1.96,1.97,32.04,60.45,0.42,0.38,5.84,18.42
Mexico,2022-02-10,Cartel Supply Chain Risk,2.35,-1.28,35.71,20.77,1.6,1.96,4.89,11.85
Kazakhstan,2022-02-11,Tengiz Field Output Cut,13.93,7.19,50.98,66.2,1.03,3.44,1.5,21.9
Libya,2022-02-14,Tripoli Militia Conflict,9.99,9.6,29.1,69.04,0.25,5.36,9.75,21.65
Russia,2022-02-19,Sanctions Regime Expansion,26.38,17.17,29.88,34.44,9.05,16.42,7.12,26.93
Japan,2022-02-20,Semiconductor Supply Chain Shift,-1.82,4.92,23.88,31.06,5.77,2.62,6.89,13.57
Nepal,2022-02-21,Hydropower Trade Disruption,0.35,-0.24,15.47,5.51,2.6,1.7,9.96,10.32
Bangladesh,2022-02-25,Brahmaputra Flood Disruption,5.91,2.23,35.89,21.1,3.48,1.4,10.0,18.5
Pakistan,2022-03-15,CPEC Economic Spillover,11.85,7.86,66.36,28.45,2.06,1.35,8.58,22.74
Australia,2022-03-20,QUAD Strategic Realignment,5.67,3.51,50.43,46.45,4.25,6.2,4.03,18.84
Nigeria,2022-04-02,Niger Delta Oil Bunkering,8.04,5.04,15.57,33.53,0.37,2.28,7.8,13.2
Australia,2022-04-06,QUAD Strategic Realignment,3.31,8.35,34.54,37.42,2.74,6.47,4.34,13.38
Kuwait,2022-04-12,OPEC Oil Cut Extension,15.41,5.69,44.72,55.87,1.68,9.07,9.82,23.01
UK,2022-04-12,Financial Services Shift,3.12,9.12,35.3,5.0,3.95,1.98,5.6,14.43
Egypt,2022-04-12,Egyptian Pound Collapse,6.39,3.81,29.5,55.65,1.42,1.17,1.66,8.92
North Korea,2022-04-15,Kim Jong-un Nuclear Doctrine,5.81,1.91,49.24,33.59,0.75,0.8,2.94,16.27
Myanmar,2022-04-16,Military Coup Economic Fallout,3.81,1.11,53.57,18.99,1.57,1.86,3.59,13.91
Iran,2022-04-21,Nuclear Deal Collapse,21.22,8.93,23.73,43.51,3.03,10.6,3.98,18.57
Sri Lanka,2022-04-22,USAID Supply Chain Impact,4.1,6.0,74.26,50.82,2.36,2.86,6.43,22.87
Bhutan,2022-05-05,Doklam-Style Border Standoff,2.07,0.03,48.02,13.15,1.86,2.76,5.64,13.68
Nigeria,2022-05-09,Naira Currency Collapse,7.95,5.66,39.01,30.08,1.01,2.35,3.98,13.21
UAE,2022-05-10,Regional Alliance Shift,12.92,8.58,43.44,38.72,10.21,5.18,2.19,19.19
Saudi Arabia,2022-05-10,Diplomatic Realignment,25.38,12.13,21.65,41.51,7.33,25.66,7.12,23.63
Poland,2022-05-20,Refugee Economic Burden,4.78,3.05,13.31,39.91,1.78,1.2,4.1,10.34
Argentina,2022-05-30,Peso Hyperinflation Cascade,0.46,7.72,62.58,34.59,1.31,0.41,3.26,17.21
Germany,2022-06-01,German Recession Export Fall,1.27,6.35,13.38,41.12,3.04,2.48,4.97,12.37
USA,2022-06-01,Inflation Reduction Act,15.08,13.34,60.97,16.82,14.45,5.37,3.33,21.39
Poland,2022-06-03,Coal Import Shift India,5.07,7.58,35.82,57.8,1.38,1.92,6.44,17.64
Sudan,2022-06-08,Khartoum Civil War,9.39,4.94,59.15,36.31,0.2,0.25,5.59,16.8
Iraq,2022-06-12,Iran-Iraq Militia Conflict,19.61,3.79,22.6,45.09,1.12,17.81,3.48,17.43
Israel,2022-06-23,Hezbollah Northern Front,11.68,10.43,69.73,69.86,2.74,1.76,8.06,25.62
Australia,2022-07-01,LNG Contract Dispute,4.95,10.47,49.03,56.03,2.62,4.1,3.8,17.09
Iraq,2022-07-02,Iran-Iraq Militia Conflict,21.83,11.77,14.83,47.57,1.2,11.53,3.57,16.66
Bhutan,2022-07-10,Hydropower Export Halt,0.35,2.39,68.8,52.05,1.09,2.0,6.98,20.13
Iraq,2022-07-18,ISIS Resurgence Activity,17.09,7.37,14.6,51.65,2.82,16.34,0.84,15.29
Poland,2022-07-20,NATO Eastern Flank Escalation,-2.61,4.05,58.59,34.69,1.84,1.19,4.58,19.31
Egypt,2022-07-22,Suez Canal Disruption,3.0,10.8,27.53,51.61,2.88,2.79,7.72,16.46
Israel,2022-07-22,Hezbollah Northern Front,17.12,7.79,52.38,27.58,2.7,1.97,5.75,20.27
Sri Lanka,2022-07-23,Port Sovereignty Dispute,0.58,0.44,53.82,65.22,1.92,1.15,4.32,17.2
Afghanistan,2022-07-27,Terror Financing Risk,5.75,1.44,47.05,26.77,0.2,0.62,7.61,16.22
Mexico,2022-08-05,US-Mexico Border Crisis Spillover,-2.91,8.34,44.13,37.19,1.07,2.01,6.91,16.14
Pakistan,2022-08-05,Balochistan Pipeline Attack,11.51,8.36,40.58,25.19,1.3,1.47,9.43,20.0
Vietnam,2022-08-24,Rice Export Embargo,2.35,1.71,41.83,64.33,2.04,1.74,5.36,17.78
Yemen,2022-09-02,Marib Oil Field Capture,15.71,3.0,36.24,47.07,0.47,2.05,4.59,17.09
Vietnam,2022-09-10,South China Sea Block Dispute,1.72,4.17,29.47,55.1,2.69,1.56,5.74,15.86
Mexico,2022-09-16,USMCA Pharmaceutical Impact,3.46,5.8,31.47,31.78,1.72,2.0,2.51,12.85
Ukraine,2022-09-18,Black Sea Shipping Halt,10.34,14.86,25.15,40.74,2.92,2.27,3.51,16.04
Bhutan,2022-09-18,Hydropower Export Halt,1.97,1.37,61.97,19.7,1.77,1.61,3.69,16.57
USA,2022-09-25,Afghanistan Withdrawal,12.37,-4.38,60.34,44.34,11.39,5.56,6.25,22.44
Russia,2022-09-28,Grain Export Ban,22.91,14.09,43.32,53.12,7.62,14.34,3.16,24.52
Bangladesh,2022-10-03,Garment Sector Trade Shock,2.59,0.5,39.89,44.85,2.99,1.63,4.73,14.99
Taiwan,2022-10-08,Semiconductor War Risk,3.03,5.54,77.79,33.8,2.36,1.58,6.64,21.82
Maldives,2022-10-30,Muizzu Anti-India Pivot,2.25,1.55,63.38,25.85,0.5,0.13,1.28,14.93
Ukraine,2022-11-07,Russo-Ukrainian War Grain Block,25.79,23.23,13.93,23.67,1.41,2.52,5.53,14.22
Kazakhstan,2022-11-09,CPC Pipeline Disruption,13.18,10.0,79.33,26.33,2.11,4.97,6.1,21.91
Australia,2022-11-12,Iron Ore Price Collapse,1.45,-4.73,18.05,36.23,2.09,6.79,3.27,9.56
Nigeria,2022-11-12,Boko Haram Supply Chain,6.25,3.03,49.68,14.9,0.76,4.23,6.36,15.37
Mexico,2022-11-21,Cartel Supply Chain Risk,7.69,5.67,41.93,44.59,0.37,1.21,5.71,19.53
Taiwan,2022-11-23,US Pelosi Visit Escalation,8.05,3.44,23.74,36.48,4.48,1.1,6.98,16.38
Saudi Arabia,2022-12-01,Aramco Attack,20.07,6.99,27.56,55.77,5.99,24.98,7.11,21.15
Kuwait,2022-12-02,OPEC Oil Cut Extension,11.74,7.61,24.51,31.46,1.19,13.92,7.21,16.9
Indonesia,2022-12-03,Jakarta Flood Supply Chain,-0.87,7.99,27.87,34.03,3.0,4.03,5.36,13.66
Turkey,2022-12-13,Bosphorus Strait Closure Risk,14.23,10.43,24.66,46.08,1.73,4.53,3.3,18.3
Argentina,2022-12-21,IMF Default Sovereign Risk,1.18,12.08,38.91,45.73,0.47,0.7,5.43,18.44
Kuwait,2023-01-15,OPEC Oil Cut Extension,15.79,6.67,57.46,17.52,1.51,6.44,7.52,20.5
Bangladesh,2023-01-18,Brahmaputra Flood Disruption,-1.11,4.56,56.26,38.32,2.75,1.41,3.26,17.19
Ethiopia,2023-01-19,Blue Nile Dam Dispute Egypt,4.47,2.35,46.0,40.89,0.53,0.26,4.19,14.4
Brazil,2023-01-25,Lula G20 Alignment Shift,9.88,2.67,42.47,57.76,2.52,1.31,8.61,20.46
Bhutan,2023-01-28,China-Bhutan Border Deal Impact,1.44,0.26,49.14,38.92,1.43,1.62,0.5,12.7
Russia,2023-02-06,Ukraine-Russia Conflict Escalation,15.27,1.25,52.55,58.1,10.83,22.31,3.31,23.94
Canada,2023-02-10,Khalistan Extremism Row,0.96,4.68,45.51,51.33,2.38,2.35,7.51,21.91
Kuwait,2023-02-13,KPC Upstream Dispute,14.61,7.3,45.65,58.58,2.01,12.42,2.15,18.25
Poland,2023-02-14,NATO Eastern Flank Escalation,-1.33,2.61,5.0,42.32,1.83,1.43,6.43,8.58
Libya,2023-03-09,Oil Port Blockade,7.98,8.87,43.07,59.42,0.17,4.33,3.85,19.46
Israel,2023-03-10,Gaza Conflict Escalation,8.04,8.08,9.4,46.98,2.65,1.15,6.64,12.87
UK,2023-03-11,Brexit Trade Realignment,4.26,-5.16,47.16,55.28,3.12,1.41,4.55,19.01
Canada,2023-03-25,India-Canada Diplomatic Rupture,5.52,8.26,66.82,29.2,1.61,1.66,9.92,25.42
Qatar,2023-04-04,Qatar Blockade Spillover,18.13,12.72,5.0,26.39,4.59,15.19,4.0,14.43
Mexico,2023-04-07,USMCA Pharmaceutical Impact,4.08,7.91,13.85,51.33,0.38,1.93,7.27,12.02
Pakistan,2023-04-13,Balochistan Pipeline Attack,9.06,7.67,36.82,19.08,2.12,1.7,6.79,15.96
Nepal,2023-04-28,Nepal-India Open Border Tension,3.28,3.01,23.51,57.28,1.79,1.47,6.37,16.88
Argentina,2023-05-14,Peso Hyperinflation Cascade,10.0,-4.98,30.71,26.5,1.68,0.36,6.19,16.29
USA,2023-05-14,Semiconductor Export Curbs,20.0,4.24,41.04,51.08,14.65,4.36,3.42,23.15
Turkey,2023-05-15,Bosphorus Strait Closure Risk,10.21,4.01,66.12,68.72,2.2,3.01,4.38,21.84
Qatar,2023-06-01,Qatar Blockade Spillover,17.78,9.92,40.47,32.84,3.38,14.99,5.46,20.28
Turkey,2023-06-02,TRY Lira Hyperinflation,14.53,3.58,67.86,25.06,1.6,4.67,3.07,17.41
Maldives,2023-06-03,China Infrastructure Loan,-0.67,1.9,30.92,36.61,0.13,0.77,3.51,11.41
Indonesia,2023-06-25,Nickel Ore Export Restriction,6.37,-1.48,60.69,32.88,4.7,3.06,6.64,18.95
Mexico,2023-06-26,USMCA Pharmaceutical Impact,8.15,9.21,33.52,46.91,0.9,2.85,2.56,17.36
Egypt,2023-07-07,Egyptian Pound Collapse,12.7,4.99,55.41,54.28,2.65,1.89,4.77,22.35
Mexico,2023-07-08,Nearshoring Manufacturing Shift,-0.87,4.05,58.5,26.91,1.83,1.72,2.88,13.96
North Korea,2023-07-08,ICBM Test Korean Peninsula,6.44,1.49,45.48,42.37,0.91,0.51,8.16,18.96
Russia,2023-07-11,Ukraine-Russia Conflict Escalation,2.85,-0.32,28.67,25.26,8.53,19.11,1.58,14.89
Japan,2023-07-15,Semiconductor Supply Chain Shift,7.25,-11.19,34.9,23.01,3.04,4.46,4.14,13.72
Bhutan,2023-07-31,Hydropower Export Halt,2.65,1.12,26.59,32.38,1.87,2.27,4.45,9.93
Libya,2023-08-10,Field Marshal Haftar Advance,10.99,10.2,41.22,52.5,0.16,4.78,3.58,19.91
South Korea,2023-08-13,Chip Act Supply Shift,3.02,4.22,62.23,20.46,5.3,2.86,6.31,17.65
Russia,2023-08-14,Gas Supply Disruption,24.64,22.0,55.75,5.0,9.98,19.0,4.33,24.31
France,2023-08-23,French Africa Retreat,-0.27,3.29,42.17,46.75,2.69,2.34,1.62,15.1
South Africa,2023-08-24,Eskom Power Grid Failure Export,6.57,1.23,34.56,24.15,2.96,1.79,0.5,10.04
Kazakhstan,2023-08-26,Tengiz Field Output Cut,11.33,8.38,22.86,26.49,2.53,3.01,6.98,16.3
Egypt,2023-09-03,Gaza Conflict Rafah Closure,21.46,7.6,41.2,24.48,2.71,1.01,4.86,20.3
Bhutan,2023-09-06,China-Bhutan Border Deal Impact,2.33,0.89,69.5,41.83,1.91,2.17,7.03,22.31
France,2023-09-06,French Africa Retreat,5.17,8.5,75.29,57.17,2.6,1.79,4.93,22.63
Russia,2023-09-10,Gas Supply Disruption,3.12,10.12,48.53,61.26,9.23,14.1,0.58,17.81
Australia,2023-09-21,LNG Contract Dispute,5.08,2.04,25.51,39.45,4.87,3.99,4.55,13.86
Malaysia,2023-09-21,MH370 Insurance Litigation,3.28,8.02,42.33,5.0,3.82,2.14,7.07,14.36
Sri Lanka,2023-09-22,Sovereign Debt Default,9.91,2.98,41.01,32.74,1.91,2.04,4.96,16.02
Kazakhstan,2023-09-24,CPC Pipeline Disruption,7.79,5.06,31.86,24.58,1.18,5.64,4.98,13.93
UAE,2023-09-25,Yemen Houthi Missile Strike,6.13,13.19,37.93,32.12,7.33,8.43,3.31,16.54
Libya,2023-10-04,Oil Port Blockade,14.58,7.74,40.97,60.89,0.44,5.99,5.58,18.98
Yemen,2023-10-20,Marib Oil Field Capture,26.97,11.93,33.28,29.5,0.88,2.08,4.63,21.69
Vietnam,2023-10-21,Rice Export Embargo,1.18,4.43,35.41,63.57,2.57,1.88,7.74,15.57
Germany,2023-10-30,Euro Weakness Impact,-3.13,7.64,13.24,43.38,3.48,3.3,6.96,11.38
Germany,2023-11-03,German Recession Export Fall,-1.09,16.0,65.46,29.95,3.04,3.2,8.75,23.56
Pakistan,2023-11-03,LOC Escalation,15.0,-0.04,77.84,33.64,1.44,0.23,4.12,25.47
UK,2023-11-14,Financial Services Shift,0.79,0.77,31.64,21.84,3.72,2.86,5.7,11.4
South Korea,2023-11-24,Korean Peninsula Escalation,7.08,6.08,44.26,61.29,4.56,1.29,3.37,19.46
Nigeria,2023-11-29,Dangote Refinery Impact,4.0,8.87,23.66,47.54,1.39,3.23,5.1,16.23
South Africa,2023-12-27,Eskom Power Grid Failure Export,8.05,6.24,40.64,32.15,2.72,1.47,2.5,13.83
Bangladesh,2023-12-27,Garment Sector Trade Shock,0.42,5.62,56.78,33.98,4.69,1.91,7.5,17.64
Afghanistan,2023-12-29,Opium Economy Sanctions,6.39,4.09,19.09,8.6,1.94,0.11,4.87,7.03
USA,2023-12-30,Federal Reserve Rate Hike,3.19,2.53,54.28,37.72,10.84,7.06,8.85,20.32
Germany,2024-01-10,Nordstream Sabotage Impact,11.17,10.39,5.0,63.17,4.66,3.19,4.53,13.85
Japan,2024-01-14,Yen Depreciation Impact,12.65,1.46,39.19,17.36,4.72,3.79,7.58,16.88
Bangladesh,2024-01-14,Hasina Government Collapse,5.22,4.92,55.14,31.95,2.04,1.23,0.75,15.52
Ukraine,2024-01-16,Black Sea Shipping Halt,28.89,11.92,69.32,10.67,1.21,1.03,4.46,23.88
Nigeria,2024-01-31,Boko Haram Supply Chain,8.74,5.69,40.23,46.16,0.58,3.41,4.05,17.94
Sri Lanka,2024-02-03,Port Sovereignty Dispute,-1.32,5.32,61.39,69.44,2.48,2.35,3.72,18.6
Indonesia,2024-02-04,South China Sea Natuna Standoff,7.08,7.1,33.21,47.79,4.0,4.4,3.53,16.18
USA,2024-02-07,Dollar Surge Impact,1.37,-2.69,64.2,59.99,16.6,5.67,4.62,21.8
Egypt,2024-02-16,Egyptian Pound Collapse,13.0,6.59,36.48,43.18,1.94,1.9,10.0,20.72
Kazakhstan,2024-02-27,CPC Pipeline Disruption,11.26,6.72,24.89,56.66,2.69,3.04,3.25,19.59
Kazakhstan,2024-03-01,January Uprising Economic Shock,16.94,9.12,57.37,52.66,2.03,3.32,3.91,23.59
Taiwan,2024-03-01,Semiconductor War Risk,7.71,13.29,39.76,34.76,3.71,1.61,5.38,17.5
Brazil,2024-03-04,Amazon Deforestation Carbon Sanction,2.78,2.2,47.43,27.76,1.1,1.95,5.19,17.53
Brazil,2024-03-15,BRL Depreciation Trade,5.34,-1.16,28.73,38.26,1.55,1.71,3.11,13.75
Poland,2024-03-25,Polish Border Belarus Crisis,1.09,5.58,43.89,67.05,1.71,1.77,5.03,16.93
South Africa,2024-03-26,Eskom Power Grid Failure Export,6.01,10.7,57.92,12.33,1.44,1.44,7.57,18.39
UAE,2024-03-28,Dubai Port Disruption,15.97,7.03,14.46,41.63,7.28,6.48,4.05,15.42
Israel,2024-04-07,Iran Missile Strike Response,12.47,11.04,52.2,44.9,1.91,2.64,9.51,25.5
Sudan,2024-04-07,Gold Export Route Disruption,4.61,2.02,44.0,39.32,0.92,1.01,4.13,15.57
Nepal,2024-04-17,Hydropower Trade Disruption,0.94,4.67,72.82,33.96,1.79,1.52,7.5,20.48
Mexico,2024-04-24,Nearshoring Manufacturing Shift,4.02,2.0,48.43,46.64,1.26,1.43,10.0,21.63
Myanmar,2024-04-24,Ethnic Conflict Refugee Pressure,0.56,3.87,55.77,30.07,1.48,1.34,1.45,12.31
Australia,2024-04-25,Australia-China Trade War Fallout,-0.1,14.8,53.74,11.55,2.15,3.38,5.0,15.16
Indonesia,2024-05-04,Jakarta Flood Supply Chain,4.55,15.0,9.97,56.0,4.75,3.22,5.97,14.22
Poland,2024-05-10,Polish Border Belarus Crisis,0.78,6.49,26.29,31.63,1.66,1.04,7.2,14.3
Myanmar,2024-05-12,NE India Border Infiltration,3.55,0.04,38.42,43.75,1.06,0.68,2.25,12.69
France,2024-05-13,French Africa Retreat,2.33,8.29,52.93,21.82,4.43,1.7,5.94,13.41
France,2024-05-19,Rafale Deal Geopolitics,8.3,11.63,27.03,46.99,2.58,2.78,5.78,17.33
Poland,2024-06-03,Refugee Economic Burden,8.68,1.34,76.19,21.16,1.65,1.84,7.63,20.35
Indonesia,2024-06-11,Jakarta Flood Supply Chain,7.87,-1.43,51.05,46.98,3.38,4.95,6.46,21.14
Vietnam,2024-06-15,Rice Export Embargo,7.05,1.81,15.95,50.31,2.67,2.06,2.36,12.31
Vietnam,2024-06-16,Vietnam-China Fishing Conflict,5.66,-0.06,33.3,49.4,1.25,1.6,2.37,14.89
South Africa,2024-06-17,Eskom Power Grid Failure Export,-0.86,-5.0,60.22,74.43,1.43,1.95,4.25,21.07
Ethiopia,2024-06-19,Blue Nile Dam Dispute Egypt,5.13,0.77,40.52,54.47,0.53,0.11,8.35,15.29
Iran,2024-06-23,Drone Attack on Saudi Facilities,20.78,4.82,5.0,20.25,3.78,13.82,6.64,12.38
Taiwan,2024-06-26,US Pelosi Visit Escalation,9.91,3.96,28.32,52.14,2.73,1.45,4.95,12.97
Bangladesh,2024-07-03,Garment Sector Trade Shock,2.51,5.35,30.53,37.76,2.19,1.91,5.22,12.29
Libya,2024-07-03,Field Marshal Haftar Advance,12.19,6.72,63.26,25.26,0.55,5.27,4.65,23.7
Indonesia,2024-07-04,Nickel Ore Export Restriction,1.02,7.84,25.41,8.49,4.72,2.73,4.4,9.37
Afghanistan,2024-07-04,Terror Financing Risk,6.17,3.0,18.18,52.18,1.81,0.67,2.87,12.09
South Korea,2024-07-13,North Korea Missile Crisis,2.34,6.34,70.77,52.02,4.36,2.43,5.55,23.37
Maldives,2024-07-19,Indian Military Pullout,4.43,2.02,18.1,61.18,0.81,0.29,8.46,16.99
Egypt,2024-07-28,IMF Loan Crisis,12.39,6.29,35.26,31.14,2.97,1.28,10.0,20.01
Myanmar,2024-08-19,Military Coup Economic Fallout,-0.97,0.67,47.47,26.74,1.81,0.51,3.78,15.25
Myanmar,2024-09-11,Military Coup Economic Fallout,5.17,0.46,39.45,51.5,1.32,1.58,6.56,17.9
Pakistan,2024-09-16,IMF Default Risk,5.76,-4.03,34.71,38.68,2.56,0.72,7.78,16.51
South Africa,2024-09-17,Rand Currency Slide,1.49,4.15,5.0,57.73,2.51,1.31,7.09,16.44
Vietnam,2024-09-20,Manufacturing FDI Shift,-0.06,3.73,47.77,50.57,2.45,2.04,6.34,17.14
Yemen,2024-09-24,Marib Oil Field Capture,9.38,13.61,54.61,18.48,0.71,4.44,2.53,15.24
Afghanistan,2024-09-27,Opium Economy Sanctions,9.67,1.31,39.17,18.51,0.06,0.51,4.78,14.36
Egypt,2024-10-03,IMF Loan Crisis,10.14,6.08,21.69,54.0,1.68,1.9,5.58,17.17
North Korea,2024-10-03,Kim Jong-un Nuclear Doctrine,6.21,3.63,31.71,52.7,0.28,0.98,6.99,17.21
Kuwait,2024-10-12,KPC Upstream Dispute,17.65,7.09,38.38,29.4,3.9,10.38,8.69,19.08
Pakistan,2024-10-16,IMF Default Risk,8.97,7.1,37.79,39.6,1.07,1.02,3.31,11.78
Bhutan,2024-10-21,Doklam-Style Border Standoff,1.49,0.56,39.98,56.83,1.06,2.43,5.7,16.75
Indonesia,2024-10-28,Palm Oil Export Ban,5.41,-0.45,22.26,21.51,3.21,5.0,5.24,10.76
Taiwan,2024-10-30,US Pelosi Visit Escalation,4.32,4.34,46.32,66.73,2.38,2.76,7.55,20.7
France,2024-11-18,Niger Coup Export Impact,4.8,9.25,59.9,58.18,2.65,2.32,8.59,22.4
UK,2024-11-19,GBP Sterling Crisis,4.96,6.13,50.26,45.61,5.28,2.25,5.43,20.0
Mexico,2024-12-07,US-Mexico Border Crisis Spillover,-0.67,-3.43,54.96,34.91,1.43,2.22,7.03,17.34
Iran,2024-12-13,Drone Attack on Saudi Facilities,17.34,3.0,37.82,57.12,3.82,12.03,7.06,22.16
Kazakhstan,2024-12-13,CPC Pipeline Disruption,9.1,5.15,53.79,55.18,1.66,4.7,8.14,22.24
China,2024-12-17,Taiwan Strait Crisis,1.88,8.56,47.51,52.15,16.5,3.05,5.21,21.02
Pakistan,2024-12-19,CPEC Economic Spillover,3.75,0.53,20.61,55.61,2.34,1.4,4.81,13.31
Canada,2024-12-20,Pulses Export Ban India,1.78,4.6,54.17,40.2,3.91,2.08,6.47,18.67
Kuwait,2025-01-01,Gulf Geopolitical Realignment,12.57,7.82,35.06,21.01,3.77,9.78,2.9,13.64
USA,2025-01-08,Federal Reserve Rate Hike,14.28,3.81,43.57,37.84,15.43,4.3,6.05,18.17
Turkey,2025-01-09,Bosphorus Strait Closure Risk,3.0,10.83,14.37,33.47,1.15,4.53,4.06,12.17
UAE,2025-01-10,Dubai Port Disruption,11.92,7.51,48.52,60.71,10.95,6.63,4.94,22.21
Pakistan,2025-01-10,IMF Default Risk,9.98,-0.24,21.59,32.85,1.02,1.09,4.87,12.87
Indonesia,2025-01-11,South China Sea Natuna Standoff,5.47,6.06,54.09,30.67,4.57,4.29,5.98,17.62
Ukraine,2025-01-13,Missile Strike Infrastructure,27.54,8.01,24.82,37.77,1.81,1.44,2.04,15.76
Iran,2025-01-15,US-Iran Sanctions Escalation,14.41,15.0,11.06,41.14,2.5,13.44,4.58,15.71
Oman,2025-01-29,Muscat Gas Route Disruption,3.0,4.24,36.74,8.05,1.09,7.26,4.85,12.15
Kazakhstan,2025-01-29,CPC Pipeline Disruption,10.1,8.09,50.0,5.0,2.43,3.77,4.67,16.3
Kazakhstan,2025-02-08,January Uprising Economic Shock,4.75,5.06,45.43,40.98,1.85,3.37,4.86,17.69
Kuwait,2025-02-18,Gulf Geopolitical Realignment,21.97,9.1,47.73,44.45,2.19,6.41,8.67,23.78
Egypt,2025-02-19,Egyptian Pound Collapse,3.0,2.0,51.23,60.11,2.27,1.9,8.66,21.84
South Korea,2025-03-02,KRW Depreciation Cascade,2.13,0.52,42.69,29.88,3.67,1.36,8.77,18.37
Ethiopia,2025-03-09,Horn of Africa Drought,1.05,1.95,73.76,65.52,0.71,0.24,1.19,18.25
Russia,2025-04-01,Ukraine-Russia Conflict Escalation,-15.0,22.0,26.84,42.11,7.16,13.63,1.25,17.23
Pakistan,2025-04-06,Terrorist Incident Cross-Border,1.1,5.8,28.98,50.86,2.65,0.17,4.99,16.04
Vietnam,2025-04-13,Manufacturing FDI Shift,1.86,-1.65,52.73,84.73,1.85,2.03,6.01,22.95
Oman,2025-04-18,Oman Strategic Neutral Pivot,8.19,6.77,48.86,12.03,2.73,5.81,6.68,15.88
Argentina,2025-04-24,Lithium Export Control,4.76,10.23,76.22,55.4,1.73,0.59,5.32,23.68
Iran,2025-05-01,Drone Attack on Saudi Facilities,19.74,3.99,85.53,48.62,3.26,12.99,3.72,27.59
Sri Lanka,2025-06-07,Economic Crisis Contagion,5.86,2.71,46.51,64.15,2.54,1.99,0.5,16.88
Australia,2025-06-14,QUAD Strategic Realignment,3.06,-3.99,48.05,25.16,4.0,3.84,4.39,16.81
