country,event_date,oil_import_dependency,oil_price_change,energy_supply_disruption,shipping_disruption,india_energy_exposure,strategic_route_exposure,commodity_price_change,energy_risk
Mozambique,2015-01-21,78.74,6.15,43.46,36.22,1.49,43.56,1.5,Moderate
Mozambique,2015-02-01,79.56,20.82,70.25,69.49,1.34,45.22,10.35,High
Nigeria,2015-02-03,79.02,2.45,28.68,15.94,4.4,50.28,4.52,Low
Kazakhstan,2015-02-05,80.43,8.51,39.27,56.42,2.01,50.9,4.49,Moderate
Iraq,2015-02-23,79.85,9.87,41.14,52.87,20.07,89.74,4.26,High
Libya,2015-02-23,79.47,6.92,37.27,49.59,0.83,46.61,3.87,Moderate
Mexico,2015-03-01,79.61,5.05,18.43,24.11,1.62,33.48,-2.65,Low
Singapore,2015-03-05,80.47,17.24,65.96,72.05,1.66,57.58,13.36,High
Libya,2015-03-06,79.08,15.58,84.35,82.16,0.88,43.02,7.3,High
Russia,2015-03-12,78.88,-9.39,17.03,8.72,3.04,67.35,-3.34,Low
Norway,2015-03-20,80.42,3.62,27.31,41.95,0.82,38.03,2.44,Low
Kazakhstan,2015-03-24,79.67,17.16,65.92,96.56,1.59,51.59,14.7,High
Yemen,2015-03-26,80.14,7.55,66.65,72.34,0.74,89.71,6.7,High
Russia,2015-04-01,80.2,2.37,31.38,53.08,2.58,68.75,2.14,Moderate
Iraq,2015-04-01,79.42,-6.79,21.0,18.92,18.42,82.76,-1.54,Moderate
Colombia,2015-04-22,78.97,16.86,55.04,83.53,0.67,36.07,12.94,High
Qatar,2015-05-01,79.14,14.94,84.75,56.76,11.19,89.75,11.99,Critical
USA,2015-05-10,79.14,4.51,5.96,11.94,6.15,42.58,-0.8,Low
Nigeria,2015-05-15,79.27,9.23,68.38,63.25,4.42,53.25,6.53,Moderate
USA,2015-05-16,79.39,6.02,35.15,32.09,7.24,42.61,3.47,Moderate
Kuwait,2015-05-24,79.04,-2.55,12.57,30.4,4.95,88.52,-4.07,Moderate
Saudi Arabia,2015-05-25,79.64,5.66,32.68,51.04,17.83,89.9,1.78,High
Yemen,2015-05-30,79.19,34.84,69.84,74.32,0.45,84.74,26.0,High
Russia,2015-06-01,79.39,-2.28,15.97,9.19,2.68,69.47,2.3,Low
Qatar,2015-06-08,79.89,15.67,73.88,62.81,12.28,82.65,10.38,High
Nigeria,2015-06-15,79.82,-0.11,22.83,25.05,4.65,59.83,-0.28,Moderate
USA,2015-06-17,80.06,-8.58,17.5,21.03,7.47,39.33,4.16,Low
Malaysia,2015-06-27,79.87,17.07,71.61,80.8,1.91,69.99,16.09,High
Oman,2015-06-29,79.53,7.27,52.92,51.41,4.23,77.12,2.82,Moderate
Venezuela,2015-07-05,79.51,0.75,23.21,17.76,2.3,37.42,2.38,Low
Iraq,2015-07-06,79.66,-3.0,11.22,28.81,21.44,87.26,1.55,High
Iran,2015-07-14,79.59,-4.36,19.18,23.31,2.01,92.11,-3.63,Low
Kuwait,2015-07-15,79.2,14.18,84.42,75.54,5.29,85.71,5.98,High
Oman,2015-07-15,78.58,2.36,16.98,22.34,3.77,78.22,3.03,Moderate
Indonesia,2015-07-20,78.94,1.75,24.18,33.52,3.35,54.66,-2.82,Moderate
South Africa,2015-08-03,78.72,-1.7,22.5,25.84,2.46,40.94,0.18,Low
Russia,2015-08-09,80.35,16.16,58.18,58.33,2.09,64.49,12.73,High
Saudi Arabia,2015-08-13,79.0,0.36,19.43,21.28,17.93,83.37,-4.33,Moderate
Egypt,2015-08-19,80.41,7.32,44.75,30.56,1.21,75.01,4.34,Moderate
Qatar,2015-08-26,79.61,15.61,81.18,69.73,12.57,80.52,9.13,Critical
USA,2015-09-02,79.53,10.79,50.54,34.07,6.24,37.73,2.44,Moderate
Azerbaijan,2015-09-10,80.15,5.29,28.62,16.21,0.94,44.49,-4.93,Low
Indonesia,2015-09-12,79.55,9.06,55.19,56.46,3.24,54.89,4.83,Moderate
Qatar,2015-09-14,80.32,11.13,53.1,51.69,10.82,85.89,5.27,High
Russia,2015-09-17,80.18,-3.92,28.53,28.43,1.65,65.09,0.3,Low
Qatar,2015-09-18,79.07,-5.0,5.21,25.68,12.83,86.42,-3.02,Moderate
UAE,2015-10-22,79.18,24.46,63.25,86.79,9.57,84.34,21.56,Critical
Iraq,2015-10-22,78.97,1.69,29.46,10.44,21.41,82.45,1.74,Moderate
Yemen,2015-10-24,79.56,7.06,48.28,43.62,0.49,92.83,5.34,Moderate
Venezuela,2015-10-25,80.14,8.59,32.26,49.0,2.68,40.91,5.9,Moderate
Qatar,2015-10-30,79.65,-11.7,15.83,25.02,11.22,82.1,1.41,Moderate
Iran,2015-11-01,80.29,-6.14,21.92,13.37,2.11,95.11,2.57,Low
Norway,2015-11-09,79.41,3.48,36.99,41.52,0.87,35.91,3.18,Low
Saudi Arabia,2015-11-12,80.1,3.98,13.55,10.83,14.65,82.24,-4.23,Moderate
UAE,2015-11-22,79.18,-7.08,5.74,28.89,9.79,87.46,4.92,Moderate
Iraq,2015-11-24,80.33,2.63,23.01,20.55,20.57,85.13,-2.09,High
Qatar,2015-11-28,79.93,12.75,59.52,57.42,11.24,83.03,5.42,High
Angola,2015-12-01,79.55,8.84,45.06,49.91,2.57,44.94,4.8,Moderate
Venezuela,2015-12-03,79.42,14.46,58.56,68.41,2.68,41.38,8.4,Moderate
Angola,2015-12-05,80.31,-2.58,26.04,32.38,2.49,43.78,-2.75,Low
Nigeria,2015-12-09,80.2,1.67,22.97,16.55,4.88,59.31,3.6,Moderate
Turkey,2015-12-26,79.51,-9.14,18.07,19.86,0.55,51.97,-1.9,Low
Australia,2015-12-28,79.12,18.08,79.87,75.1,4.37,53.5,12.15,High
USA,2015-12-28,80.27,-7.71,29.91,8.68,6.7,36.27,-1.72,Low
Malaysia,2015-12-30,79.55,5.81,36.36,58.49,1.94,68.49,4.76,Moderate
Indonesia,2015-12-31,79.55,2.2,40.23,53.59,2.9,65.44,0.06,Moderate
Mexico,2015-12-31,78.98,-3.93,22.8,20.85,1.56,38.66,-5.81,Low
Qatar,2016-01-01,79.73,3.43,37.32,36.58,12.31,84.66,2.63,High
Nigeria,2016-01-02,80.15,8.16,45.98,55.09,4.15,56.15,4.42,Moderate
Mozambique,2016-01-05,81.29,1.26,17.94,23.82,1.6,38.24,-5.25,Low
Angola,2016-01-17,79.93,3.69,8.2,9.19,2.52,43.7,3.18,Low
Azerbaijan,2016-01-26,81.11,-1.67,9.2,20.45,1.08,47.98,3.04,Low
Norway,2016-01-28,80.57,-9.09,29.49,11.53,0.86,29.53,-1.14,Low
Canada,2016-01-31,80.26,16.74,78.25,81.91,1.09,31.24,9.86,High
Oman,2016-02-10,80.55,3.26,12.83,8.9,3.87,70.03,-5.28,Moderate
Saudi Arabia,2016-02-16,81.11,-10.38,23.31,23.65,17.08,85.71,-2.75,Moderate
Kuwait,2016-02-20,79.77,7.82,72.55,57.21,5.38,80.4,3.97,High
Iraq,2016-02-24,80.68,5.35,38.5,48.9,18.34,88.77,2.56,High
Yemen,2016-02-28,79.45,19.24,85.17,94.66,0.47,86.18,12.85,Critical
Azerbaijan,2016-02-28,80.68,11.49,60.0,75.02,0.93,49.96,8.1,Moderate
Mozambique,2016-02-29,79.8,21.22,77.92,77.11,1.41,40.4,14.71,High
Russia,2016-03-01,79.58,-7.54,24.78,19.59,1.31,67.76,1.09,Low
Brazil,2016-03-04,81.11,30.33,52.0,77.4,1.55,34.48,26.71,High
Brazil,2016-03-09,79.51,-0.45,26.86,29.96,1.45,32.59,1.45,Low
Algeria,2016-03-29,79.66,5.72,7.82,14.14,1.06,43.56,-4.64,Low
Australia,2016-03-31,80.81,6.57,51.75,33.7,4.01,51.6,3.53,Moderate
Qatar,2016-04-01,80.26,5.14,21.4,15.48,11.53,82.32,1.17,Moderate
Qatar,2016-04-03,80.49,4.19,7.89,34.57,11.56,88.44,-3.91,Moderate
Azerbaijan,2016-04-09,80.62,9.61,64.71,62.14,0.89,44.18,5.25,Moderate
Yemen,2016-04-14,80.85,-10.87,20.57,25.25,0.47,84.46,3.2,Moderate
Iraq,2016-04-15,80.51,9.83,30.26,41.09,22.52,87.87,2.92,High
Iraq,2016-04-17,80.9,5.89,43.32,40.54,20.81,83.03,4.69,Moderate
Iraq,2016-04-20,80.89,2.43,45.1,35.29,21.41,90.62,0.71,High
Saudi Arabia,2016-04-20,79.96,4.95,35.11,30.42,17.42,89.78,1.9,High
Canada,2016-04-28,80.86,11.08,42.27,57.87,1.1,27.73,6.31,Moderate
Iraq,2016-04-30,79.58,9.99,84.26,65.8,20.21,86.58,4.64,Critical
Iran,2016-04-30,79.84,4.45,20.84,8.78,1.91,94.64,-5.8,Moderate
Colombia,2016-05-04,80.21,9.08,28.58,52.22,0.72,29.71,4.26,Moderate
Mexico,2016-05-09,79.33,15.61,69.77,93.16,1.61,41.28,11.65,High
Oman,2016-05-09,80.85,8.33,46.32,40.52,3.56,78.73,1.97,Moderate
UAE,2016-05-10,81.27,13.96,70.23,84.6,10.25,83.43,8.27,Critical
Yemen,2016-05-11,80.04,7.9,29.26,53.74,0.56,86.64,3.71,Moderate
Nigeria,2016-05-12,80.95,6.88,59.93,37.74,4.34,53.37,3.47,Moderate
Iraq,2016-05-13,79.72,28.53,71.46,94.37,21.26,85.28,14.95,Critical
UAE,2016-05-17,80.83,6.36,39.41,40.85,9.18,87.65,3.12,High
Turkey,2016-06-09,80.23,4.59,12.03,8.53,0.66,54.33,-2.06,Low
Egypt,2016-06-11,81.24,9.8,51.34,40.34,1.24,71.4,4.5,Moderate
UAE,2016-06-11,79.72,6.84,25.56,33.35,10.26,81.1,2.32,Moderate
Azerbaijan,2016-06-14,79.39,-1.29,8.7,30.21,0.9,52.2,-2.48,Low
Angola,2016-06-20,81.26,6.29,27.52,49.89,2.52,52.88,3.11,Moderate
Brazil,2016-06-23,79.51,-1.04,15.47,31.8,1.56,36.27,1.62,Low
Indonesia,2016-06-26,79.65,10.52,69.81,83.29,2.75,59.91,8.26,High
Yemen,2016-06-30,79.62,11.29,26.2,58.12,0.54,83.07,6.9,Moderate
Oman,2016-07-03,79.77,11.77,77.06,76.02,3.58,72.78,5.05,High
Qatar,2016-07-10,79.47,7.54,27.69,33.1,11.8,85.68,4.92,High
Singapore,2016-07-23,80.08,9.27,42.62,46.21,1.45,67.39,6.53,Moderate
Russia,2016-07-24,80.29,5.85,39.81,32.47,1.9,62.46,3.53,Moderate
Iraq,2016-07-24,80.26,6.14,48.52,40.05,21.13,89.7,4.67,High
Kazakhstan,2016-08-03,81.26,11.59,42.4,58.17,1.69,50.36,5.19,Moderate
Kazakhstan,2016-08-10,80.31,8.73,42.94,39.57,1.71,58.79,3.14,Moderate
Saudi Arabia,2016-08-23,80.43,4.15,47.38,30.92,16.11,83.7,1.47,High
Turkey,2016-08-23,79.93,8.34,30.3,48.93,0.63,58.35,1.84,Moderate
Oman,2016-09-03,80.18,2.86,46.85,34.68,4.19,71.8,0.93,Moderate
Nigeria,2016-09-03,79.36,8.47,42.49,37.45,5.01,51.83,2.74,Moderate
Canada,2016-09-04,79.41,10.17,50.25,35.77,1.28,24.86,5.29,Moderate
Libya,2016-09-04,80.77,-5.35,6.57,21.17,0.9,46.31,-5.53,Low
Singapore,2016-09-07,79.41,10.47,72.54,86.78,1.41,58.16,9.18,High
Malaysia,2016-09-10,81.04,2.23,38.5,33.34,2.15,59.16,0.97,Moderate
Norway,2016-09-11,80.94,6.19,38.23,35.72,0.75,35.87,1.99,Moderate
Mozambique,2016-09-11,80.05,-3.01,15.11,32.85,1.51,35.95,-4.4,Low
Iraq,2016-09-11,80.47,12.6,83.82,80.82,22.55,88.29,9.38,Critical
Norway,2016-09-13,80.01,34.33,61.41,89.93,0.79,31.0,28.71,High
UAE,2016-09-23,79.33,17.45,66.14,69.95,8.58,81.04,6.42,High
Iran,2016-09-25,80.41,-8.7,6.36,13.1,2.2,95.64,-0.83,Low
Oman,2016-09-30,79.69,-5.92,28.59,22.87,3.55,75.84,2.4,Moderate
Indonesia,2016-10-04,79.62,4.05,36.09,43.23,2.72,65.93,2.86,Moderate
Kazakhstan,2016-10-06,79.83,6.17,51.78,49.61,2.0,59.01,3.63,Moderate
Mexico,2016-10-07,79.64,3.55,6.03,32.95,1.65,42.82,-5.11,Low
Kazakhstan,2016-10-07,79.91,2.59,25.82,39.76,1.76,51.03,0.64,Moderate
Indonesia,2016-10-19,79.78,-11.41,16.75,26.61,3.04,55.88,-2.83,Low
Nigeria,2016-10-19,79.34,-7.03,29.46,34.89,4.7,53.26,-5.32,Low
Angola,2016-10-27,80.79,-2.62,24.15,25.22,2.48,45.11,0.89,Low
Oman,2016-11-09,79.51,8.93,44.16,57.6,4.14,79.93,3.49,High
Russia,2016-11-23,80.71,7.59,28.71,46.83,2.43,68.55,3.22,Moderate
Russia,2016-11-26,80.69,9.18,66.25,63.8,3.26,59.55,6.08,High
Oman,2016-11-26,81.07,10.64,39.38,33.04,3.79,73.54,6.52,Moderate
Saudi Arabia,2016-11-30,81.1,9.61,49.84,43.38,16.54,89.89,5.75,Moderate
Canada,2016-12-05,80.45,13.44,68.01,58.88,1.1,33.42,7.83,Moderate
Colombia,2016-12-06,79.43,10.38,28.68,59.72,0.78,30.06,5.46,Moderate
Azerbaijan,2016-12-11,79.65,4.32,42.49,44.93,1.03,48.59,2.28,Moderate
Mozambique,2016-12-18,80.9,10.65,80.33,57.64,1.54,43.98,7.03,Moderate
Qatar,2016-12-28,79.98,-11.62,27.77,30.76,12.16,81.14,1.45,Moderate
UAE,2016-12-29,80.52,9.83,43.82,58.51,8.18,78.16,2.83,High
Canada,2017-01-03,80.5,-9.04,11.81,21.55,1.28,34.52,4.05,Low
Azerbaijan,2017-01-07,80.94,6.87,34.47,46.02,0.91,54.72,3.82,Moderate
Egypt,2017-01-13,80.87,3.27,31.07,59.27,1.1,74.64,0.57,Moderate
Iran,2017-01-20,81.66,-8.78,16.27,19.17,2.21,96.35,0.49,Moderate
Nigeria,2017-01-29,80.89,7.59,25.69,30.62,4.37,59.02,3.32,Moderate
Yemen,2017-02-10,80.84,3.07,11.59,19.87,0.49,85.24,0.21,Low
USA,2017-02-14,80.95,11.27,33.08,51.36,6.0,39.98,4.58,Moderate
Saudi Arabia,2017-02-22,80.31,4.31,42.01,38.01,15.25,91.15,2.26,High
Saudi Arabia,2017-02-25,81.97,20.26,77.98,67.58,17.39,83.35,7.83,Critical
Australia,2017-03-02,81.63,11.45,25.7,39.26,4.5,50.18,7.15,Moderate
UAE,2017-03-03,82.02,4.05,43.13,37.28,8.36,87.99,2.85,High
Brazil,2017-03-17,80.69,-5.21,17.85,12.69,1.38,37.19,-1.29,Low
South Africa,2017-03-31,80.43,-1.33,25.2,20.96,2.1,46.51,0.89,Low
USA,2017-04-12,81.08,10.11,47.69,42.69,7.43,39.72,5.32,Moderate
Saudi Arabia,2017-04-12,81.66,-2.13,9.01,19.06,17.81,93.68,4.01,Moderate
Australia,2017-04-21,81.87,9.33,29.92,51.34,4.06,47.89,3.76,Moderate
Iraq,2017-04-24,80.95,7.76,54.28,39.73,22.03,90.79,3.76,High
South Africa,2017-05-05,81.28,-7.01,23.65,11.93,2.04,47.05,0.38,Low
UAE,2017-05-10,80.64,20.67,55.27,78.03,9.0,76.24,13.76,High
Yemen,2017-05-10,81.4,4.18,22.21,11.73,0.51,91.21,4.01,Moderate
UAE,2017-05-11,81.71,4.93,54.37,35.05,9.35,82.39,3.96,High
Colombia,2017-05-18,81.41,9.43,35.83,49.17,0.77,35.98,7.16,Moderate
Iran,2017-05-27,81.28,-9.57,19.81,11.45,2.07,92.93,-0.36,Moderate
Azerbaijan,2017-06-02,80.12,11.86,70.2,64.23,0.93,47.38,5.83,High
Indonesia,2017-06-02,81.27,9.68,27.31,42.49,3.34,60.31,6.69,Moderate
Qatar,2017-06-05,81.55,3.86,52.71,70.17,12.08,85.82,0.72,Moderate
Singapore,2017-06-16,80.47,6.81,26.34,32.03,1.59,56.03,2.74,Moderate
UAE,2017-06-17,81.73,21.76,63.32,72.88,8.61,85.29,16.85,High
Saudi Arabia,2017-06-28,81.11,6.88,39.5,48.5,16.0,89.41,2.24,High
UAE,2017-06-29,80.14,3.77,35.22,54.19,9.15,79.98,3.45,High
Canada,2017-07-11,80.1,8.59,66.22,71.43,1.16,31.6,6.61,Moderate
Russia,2017-07-15,81.77,5.79,37.72,51.57,2.89,70.74,2.15,Moderate
Turkey,2017-07-28,80.7,20.13,51.27,88.2,0.65,49.97,13.1,High
USA,2017-08-22,81.12,21.71,78.61,93.9,6.94,42.22,19.18,High
Egypt,2017-08-26,80.61,5.25,27.32,36.52,1.14,72.85,2.55,Moderate
Singapore,2017-09-15,80.53,3.88,5.16,24.23,1.56,61.44,-2.94,Low
Angola,2017-09-26,80.27,-7.7,13.96,13.89,2.65,50.32,4.99,Low
Yemen,2017-09-28,80.48,-4.69,14.33,18.72,0.5,92.78,0.22,Moderate
UAE,2017-10-02,81.85,-10.08,8.9,24.7,8.55,78.43,4.12,Moderate
Mozambique,2017-10-12,81.94,10.71,59.46,63.83,1.59,41.05,6.48,Moderate
Singapore,2017-10-17,81.14,2.49,43.92,45.48,1.46,64.82,0.73,Moderate
Angola,2017-10-18,81.42,13.34,86.56,79.2,2.39,44.53,12.02,High
Iran,2017-10-20,80.66,27.26,78.2,91.59,1.9,98.0,18.69,Critical
Indonesia,2017-10-25,80.57,3.7,28.43,56.07,2.86,55.02,0.52,Moderate
Qatar,2017-10-26,80.38,20.53,83.88,67.54,10.71,90.34,15.86,Critical
Russia,2017-10-27,82.04,5.14,9.35,30.14,1.99,59.59,3.4,Moderate
Kazakhstan,2017-10-30,80.87,12.35,79.41,75.58,2.01,51.97,8.1,High
Oman,2017-11-04,81.01,12.38,66.44,58.2,3.62,80.99,7.33,High
Kuwait,2017-11-05,80.59,10.55,70.59,79.65,5.47,89.51,5.29,High
Qatar,2017-11-09,80.56,3.92,45.7,58.53,12.64,82.79,1.66,High
Iraq,2017-11-13,81.32,10.52,51.86,38.26,22.68,87.55,4.24,High
Algeria,2017-11-16,81.21,3.61,8.05,29.93,1.05,50.5,3.43,Low
Oman,2017-11-22,81.05,-8.6,15.22,31.67,3.56,79.31,1.8,Moderate
Russia,2017-11-25,80.46,2.03,9.07,31.01,3.41,69.39,-2.87,Moderate
Colombia,2017-12-05,80.79,8.5,42.31,48.17,0.69,30.21,5.82,Moderate
UAE,2017-12-06,82.09,19.8,81.89,71.71,9.83,85.23,14.79,Critical
Oman,2017-12-10,80.31,-9.32,27.41,20.04,3.41,75.86,1.04,Moderate
Turkey,2017-12-12,81.91,5.43,49.48,59.84,0.59,57.84,3.74,Moderate
Turkey,2017-12-12,81.84,-3.41,9.29,11.15,0.54,55.41,1.61,Low
UAE,2017-12-18,80.87,-7.29,19.32,23.73,9.08,79.2,-2.04,Moderate
USA,2017-12-18,80.81,13.46,56.91,55.96,6.24,43.94,7.65,Moderate
Egypt,2017-12-20,81.81,-4.56,23.87,26.38,1.18,70.39,2.62,Low
Egypt,2018-01-06,82.83,3.71,42.51,51.64,1.28,75.31,2.4,Moderate
Venezuela,2018-01-09,81.48,11.24,84.86,73.0,2.5,37.56,7.42,High
Iraq,2018-01-12,82.4,-6.69,22.26,30.66,18.83,82.44,2.29,Moderate
Iraq,2018-01-12,82.0,8.09,54.19,33.64,22.6,84.26,2.18,High
Brazil,2018-01-18,81.54,-1.74,23.76,20.17,1.41,40.22,1.35,Low
Venezuela,2018-01-22,82.36,-3.28,15.18,32.66,2.56,37.07,-0.32,Low
Algeria,2018-02-04,81.2,5.5,31.2,45.42,1.04,39.18,1.28,Moderate
Saudi Arabia,2018-02-04,81.62,-10.62,20.97,15.87,17.04,93.46,-3.87,Moderate
Egypt,2018-02-13,81.88,-11.03,19.42,14.0,1.34,76.99,2.79,Low
Kuwait,2018-03-01,81.4,4.62,41.85,41.61,4.99,86.83,1.7,Moderate
Iran,2018-03-10,81.32,10.11,31.91,33.55,1.85,92.35,5.89,Moderate
Angola,2018-03-14,82.46,3.71,20.12,13.39,2.5,47.02,-5.43,Low
Australia,2018-03-20,82.05,7.43,56.52,71.22,4.14,47.74,4.48,High
UAE,2018-03-23,81.79,4.47,13.92,8.95,8.38,82.32,3.51,Moderate
Iran,2018-03-23,82.59,7.33,34.08,33.76,1.88,95.62,2.68,Moderate
Russia,2018-03-25,82.35,5.34,10.66,30.02,2.4,66.0,-1.0,Moderate
Turkey,2018-03-29,82.29,0.84,9.32,10.0,0.67,51.4,4.97,Low
Canada,2018-04-16,82.2,4.14,22.4,13.16,1.11,24.47,0.94,Low
Yemen,2018-04-28,81.84,-8.24,10.25,19.17,0.45,93.31,-5.36,Moderate
Oman,2018-04-28,82.09,-7.5,15.93,31.82,4.07,75.58,1.86,Moderate
Iran,2018-05-08,81.98,11.08,69.48,73.4,1.6,93.11,7.88,High
Canada,2018-05-09,82.19,-0.51,11.03,18.42,1.28,33.53,-5.22,Low
South Africa,2018-05-16,82.62,11.48,47.2,48.29,2.46,42.66,3.53,Moderate
Kuwait,2018-05-28,80.99,4.74,25.0,10.95,5.78,78.27,2.15,Moderate
Saudi Arabia,2018-06-01,81.44,-5.5,24.57,16.09,15.1,84.01,4.39,Moderate
Saudi Arabia,2018-06-03,81.07,7.41,40.61,56.4,16.65,86.68,2.89,High
Indonesia,2018-06-03,81.82,6.9,45.58,42.05,3.33,54.73,3.3,Moderate
Indonesia,2018-06-04,81.91,-2.72,11.28,19.19,2.86,61.96,1.39,Low
Russia,2018-06-04,81.55,-6.29,17.18,25.26,3.44,67.79,1.78,Moderate
Azerbaijan,2018-06-12,81.07,1.96,20.46,24.1,0.94,50.7,-1.82,Low
Yemen,2018-06-29,80.95,-8.49,20.2,16.81,0.51,85.64,-0.21,Low
USA,2018-06-29,82.86,10.04,54.78,43.33,7.41,35.05,5.09,Moderate
Nigeria,2018-07-08,82.39,-8.51,18.27,25.1,4.2,58.35,2.54,Low
Nigeria,2018-07-16,82.77,6.81,28.66,46.49,4.13,57.74,2.44,Moderate
Oman,2018-07-17,82.33,7.72,45.56,49.8,3.79,70.31,4.85,Moderate
Algeria,2018-07-20,81.14,3.38,37.55,45.32,1.05,41.2,0.59,Moderate
Yemen,2018-07-23,82.81,8.81,51.03,50.28,0.5,89.4,4.77,Moderate
Kuwait,2018-07-23,82.23,8.97,34.79,50.01,5.0,88.8,3.76,Moderate
Yemen,2018-07-25,82.11,6.54,56.26,78.6,0.94,89.59,4.75,High
Nigeria,2018-07-26,82.61,3.92,24.48,25.8,4.44,49.43,-4.19,Low
Colombia,2018-08-11,81.23,-2.42,25.71,17.08,0.78,34.87,1.8,Low
Nigeria,2018-08-14,81.48,10.16,36.28,37.27,4.71,54.89,3.49,Moderate
Canada,2018-08-18,82.73,4.61,29.38,36.64,1.16,28.97,3.34,Low
Angola,2018-08-18,81.21,10.96,33.87,49.42,2.78,48.55,8.3,Moderate
Malaysia,2018-08-28,81.72,3.79,53.13,31.31,1.91,60.16,0.0,Moderate
Nigeria,2018-09-03,81.42,-7.74,19.93,14.47,4.98,59.79,-0.41,Low
Qatar,2018-09-07,82.25,16.48,63.6,66.43,11.96,87.84,6.93,High
Qatar,2018-09-16,81.32,-7.46,25.8,28.3,11.5,88.13,-5.1,Moderate
Qatar,2018-09-28,82.19,-7.17,9.76,27.56,13.22,89.17,1.41,Moderate
Nigeria,2018-10-01,81.99,0.52,19.6,32.43,4.41,51.48,3.42,Moderate
Iraq,2018-10-02,81.31,4.82,32.96,51.9,18.97,87.37,0.55,High
Mozambique,2018-10-04,82.83,-1.55,17.97,21.79,1.47,34.13,0.33,Low
Oman,2018-10-15,82.13,-9.16,18.43,9.42,4.16,74.44,-5.68,Low
Kuwait,2018-10-17,81.76,8.95,43.1,39.01,5.93,85.81,3.43,Moderate
South Africa,2018-10-18,82.51,6.55,27.31,47.3,2.08,39.77,2.91,Moderate
Azerbaijan,2018-10-27,81.74,11.7,65.31,57.37,1.03,48.86,8.49,Moderate
Iraq,2018-11-03,82.87,7.33,43.83,56.83,22.0,90.87,3.5,Critical
Norway,2018-11-04,82.87,10.65,42.86,41.69,0.82,39.11,7.01,Moderate
Nigeria,2018-11-04,82.5,6.63,30.5,34.21,4.08,51.3,3.03,Moderate
Kuwait,2018-11-10,82.41,18.61,62.24,72.78,5.05,78.33,14.14,High
Yemen,2018-11-16,81.99,-3.24,19.35,33.13,0.47,90.95,0.51,Moderate
Iraq,2018-11-25,82.78,-5.22,8.73,19.24,21.34,88.43,2.3,High
Kazakhstan,2018-12-10,82.66,3.29,23.69,28.8,1.77,60.16,4.22,Moderate
Kazakhstan,2018-12-23,82.18,11.7,28.46,58.18,1.76,60.77,5.73,Moderate
UAE,2018-12-29,82.7,-2.97,16.31,18.07,9.21,81.08,3.13,Moderate
UAE,2018-12-30,81.0,7.12,63.57,75.18,8.72,83.17,2.52,High
Kuwait,2018-12-31,81.93,2.78,21.84,10.51,4.85,87.99,-5.16,Moderate
Iran,2019-01-11,82.81,4.95,48.17,41.4,1.94,90.23,0.7,Moderate
Colombia,2019-01-24,82.37,31.33,64.61,88.12,0.67,26.66,21.6,High
Saudi Arabia,2019-02-03,82.72,-2.03,5.66,29.34,15.0,84.41,-1.94,Moderate
Iraq,2019-02-13,82.47,18.11,82.42,71.59,18.78,90.17,9.87,Critical
Malaysia,2019-02-14,83.25,7.24,36.62,46.17,1.87,67.65,3.77,Moderate
Nigeria,2019-02-19,82.4,-0.91,29.69,16.23,4.31,56.13,4.89,Moderate
Qatar,2019-02-21,83.23,2.74,41.6,35.84,11.61,83.81,2.17,Moderate
Yemen,2019-03-01,82.01,2.03,47.22,33.46,0.53,93.73,-0.16,Moderate
Iraq,2019-03-05,83.36,13.94,70.21,73.45,18.42,89.37,9.66,Critical
Iran,2019-03-11,82.82,3.38,36.94,53.23,1.99,98.0,1.04,Moderate
Kazakhstan,2019-03-12,82.95,7.31,45.72,41.55,1.89,49.02,3.82,Moderate
Iran,2019-03-15,82.81,11.09,77.89,63.55,1.81,98.0,7.39,High
Singapore,2019-03-17,82.22,11.44,42.51,55.99,1.43,66.21,4.93,Moderate
Venezuela,2019-03-19,83.07,11.97,27.25,57.52,2.76,37.01,4.98,Moderate
Nigeria,2019-03-24,82.21,1.89,20.71,27.79,3.98,58.46,2.09,Low
Mozambique,2019-03-24,82.78,11.04,72.21,96.92,1.38,36.94,11.47,High
Kazakhstan,2019-03-31,83.45,-0.24,21.55,34.86,1.69,55.42,-5.78,Moderate
USA,2019-04-09,82.65,6.5,38.83,45.14,7.16,41.27,4.22,Moderate
Indonesia,2019-04-16,83.05,-6.84,5.01,22.79,3.29,61.39,-1.27,Low
Algeria,2019-04-18,82.86,-3.52,10.93,22.81,1.05,46.35,0.74,Low
Qatar,2019-04-20,83.12,-6.45,5.13,10.88,12.39,87.88,-2.04,Moderate
Canada,2019-04-22,82.65,-2.31,25.89,32.07,1.33,27.58,2.08,Low
Kazakhstan,2019-04-23,82.63,2.45,16.65,31.84,1.86,52.7,1.95,Moderate
Saudi Arabia,2019-04-27,82.28,1.32,17.35,23.8,16.46,91.87,-3.53,High
Mozambique,2019-05-01,82.91,7.2,44.83,52.81,1.44,37.63,3.48,Moderate
Singapore,2019-05-17,82.38,-10.51,11.67,29.53,1.39,64.3,-1.33,Low
Qatar,2019-05-19,83.48,10.97,29.55,38.41,12.91,79.35,4.94,High
Iraq,2019-05-21,83.13,12.18,73.77,89.24,20.61,79.05,6.31,Critical
Yemen,2019-05-31,82.93,17.19,78.83,63.99,0.49,85.47,14.21,High
Yemen,2019-06-03,82.87,11.53,38.12,39.31,0.53,90.8,3.79,Moderate
Angola,2019-06-05,82.63,-6.68,17.07,34.94,2.61,50.29,4.13,Moderate
Iran,2019-06-06,82.23,2.61,33.53,52.99,2.04,92.53,0.29,Moderate
Iran,2019-06-13,82.67,14.66,75.98,91.28,2.49,94.56,9.4,Critical
Kuwait,2019-06-19,83.04,-3.13,9.25,12.84,5.01,88.71,-2.27,Low
Egypt,2019-06-22,82.24,-4.55,29.14,23.85,1.18,76.35,-3.98,Low
Saudi Arabia,2019-06-26,82.95,-8.16,7.38,10.46,17.39,91.06,-5.14,Moderate
UAE,2019-07-02,83.63,1.47,22.5,19.14,10.24,81.43,-2.71,Moderate
Nigeria,2019-07-14,82.93,8.4,49.61,58.37,4.52,57.54,3.1,Moderate
Iraq,2019-07-15,81.84,7.12,71.59,64.82,20.33,82.39,4.04,Critical
UAE,2019-07-15,83.5,-6.87,24.63,33.02,8.46,76.03,1.66,Moderate
Qatar,2019-07-19,83.47,10.27,35.32,39.41,12.58,89.48,7.11,High
Oman,2019-07-20,81.86,-8.34,17.78,16.37,3.83,76.39,2.89,Moderate
Kuwait,2019-07-21,83.59,-6.2,15.8,9.08,5.5,83.93,-3.25,Moderate
South Africa,2019-07-25,81.74,-9.78,17.62,8.59,2.05,50.82,1.82,Low
Libya,2019-07-26,81.94,7.84,37.58,48.58,0.98,44.95,5.29,Moderate
Saudi Arabia,2019-07-27,82.59,20.32,75.92,74.56,15.33,88.53,13.9,Critical
Qatar,2019-07-29,83.08,9.46,37.77,45.93,11.44,85.98,4.7,High
Australia,2019-08-05,82.46,11.24,36.54,35.65,4.55,51.95,6.11,Moderate
UAE,2019-08-15,83.23,1.64,29.71,28.04,8.13,79.24,-5.27,Moderate
Qatar,2019-08-16,83.25,7.58,34.89,40.04,12.52,79.63,2.7,High
Egypt,2019-08-22,83.29,10.27,45.62,37.82,1.15,71.74,5.46,Moderate
Saudi Arabia,2019-08-28,83.09,11.72,68.64,71.5,15.66,93.34,7.92,Critical
Iran,2019-09-02,83.55,10.91,59.81,58.01,1.92,93.07,4.88,High
Oman,2019-09-10,81.75,-6.86,18.54,34.45,3.83,73.58,-3.99,Moderate
Angola,2019-09-14,83.16,-3.46,22.17,33.75,2.39,45.75,-5.0,Low
Saudi Arabia,2019-09-14,83.18,20.49,93.66,73.37,16.03,87.26,12.17,Critical
Brazil,2019-09-18,83.35,10.63,46.14,33.88,1.37,30.53,2.83,Moderate
Algeria,2019-09-18,82.59,2.09,45.57,36.16,1.0,42.03,-0.22,Moderate
Nigeria,2019-09-18,83.37,16.33,80.34,78.99,4.69,57.82,9.39,High
Indonesia,2019-09-20,83.05,8.6,55.38,67.67,3.28,60.41,3.74,High
Indonesia,2019-10-11,82.84,5.78,54.57,47.64,3.29,57.2,2.85,Moderate
Indonesia,2019-10-15,82.72,14.8,80.65,79.57,2.65,57.71,11.35,High
Mozambique,2019-10-17,83.16,11.88,34.1,34.31,1.47,44.03,5.57,Moderate
UAE,2019-10-22,81.9,-5.73,16.24,34.98,9.93,85.02,2.98,Moderate
USA,2019-11-04,83.02,-4.2,17.26,19.34,6.1,41.77,-2.02,Low
Norway,2019-11-18,83.66,6.87,33.72,46.63,0.87,37.84,3.67,Moderate
Russia,2019-11-18,81.89,5.3,41.85,47.59,2.85,68.74,1.41,Moderate
Mozambique,2019-11-22,82.71,11.35,29.86,39.12,1.63,43.98,5.77,Moderate
Malaysia,2019-11-26,83.46,19.45,57.67,92.26,1.79,60.73,13.27,High
Iraq,2019-12-06,81.7,5.64,45.12,52.26,22.59,85.46,2.34,High
Saudi Arabia,2019-12-17,82.96,2.82,26.66,8.91,18.0,91.2,4.35,High
Colombia,2019-12-19,83.43,2.42,37.15,37.4,0.7,29.9,1.08,Low
Turkey,2020-01-03,84.37,25.83,66.49,93.66,0.66,55.6,20.0,High
Nigeria,2020-01-14,84.01,-5.95,8.7,29.23,4.58,50.08,-0.77,Low
Singapore,2020-01-18,82.52,-11.13,23.01,29.25,1.4,64.32,-1.18,Low
Oman,2020-01-20,82.58,33.7,89.2,77.69,4.14,73.23,18.92,Critical
Oman,2020-01-27,83.13,10.38,84.71,79.23,3.7,73.02,8.53,High
Singapore,2020-01-31,84.32,6.51,53.73,45.04,1.53,58.26,5.07,Moderate
Kazakhstan,2020-02-18,82.7,-3.43,27.21,9.68,1.89,58.94,-1.09,Low
Saudi Arabia,2020-02-20,82.72,2.53,27.99,34.04,15.51,87.97,1.36,High
Australia,2020-03-03,82.57,12.97,64.3,64.47,4.18,53.49,9.31,High
Singapore,2020-03-04,82.67,12.8,56.59,72.15,1.46,58.15,5.82,High
Russia,2020-03-09,83.46,-23.61,32.26,18.89,2.66,64.58,-14.68,Low
Singapore,2020-03-12,83.91,23.45,82.33,77.56,1.48,64.81,15.87,High
Russia,2020-03-15,84.33,-9.5,22.28,17.4,1.29,60.57,-1.14,Low
Russia,2020-03-23,82.9,-10.4,11.5,19.58,2.75,61.03,-1.95,Low
Angola,2020-03-26,83.03,2.4,45.91,54.79,2.27,43.89,1.01,Moderate
Malaysia,2020-03-30,84.32,-3.13,12.61,33.55,1.91,63.9,-4.93,Moderate
Saudi Arabia,2020-04-11,83.37,-3.27,22.73,17.63,18.46,93.13,-0.58,Moderate
Saudi Arabia,2020-04-12,83.71,11.53,38.48,30.37,16.26,88.34,8.99,Moderate
Colombia,2020-04-26,84.32,11.14,79.93,86.75,0.78,37.27,7.66,High
Mozambique,2020-04-29,82.54,-5.99,14.79,30.4,1.48,36.91,-4.87,Low
Turkey,2020-05-01,82.56,6.2,44.38,59.35,0.59,58.23,3.97,Moderate
Malaysia,2020-05-16,84.31,9.72,81.29,80.22,2.08,65.09,3.6,High
Iran,2020-05-18,83.99,-9.39,16.86,27.05,2.12,94.39,3.57,Moderate
Colombia,2020-05-19,83.13,-8.58,28.26,28.15,0.65,32.88,2.11,Low
Algeria,2020-05-26,84.1,4.96,6.47,26.8,1.14,48.56,-4.25,Low
Algeria,2020-06-05,83.16,9.24,75.07,80.06,0.97,47.06,4.52,High
Mexico,2020-06-15,82.99,6.16,29.74,50.66,1.72,36.87,2.51,Moderate
Singapore,2020-06-15,84.34,0.68,12.86,15.06,1.36,60.94,1.46,Low
Iraq,2020-06-16,83.91,11.84,46.94,34.26,18.6,84.78,9.04,High
Mozambique,2020-06-27,84.06,5.19,6.59,16.05,1.34,44.76,3.86,Low
Brazil,2020-07-02,84.4,-8.52,6.75,15.7,1.45,37.06,-0.66,Low
Brazil,2020-07-09,83.81,-8.9,8.26,26.94,1.49,40.02,-5.45,Low
Oman,2020-07-21,84.46,6.31,41.22,33.25,3.53,73.71,2.26,Moderate
Australia,2020-07-22,82.88,4.69,28.07,35.58,3.98,44.6,3.43,Moderate
Kuwait,2020-07-31,84.2,17.52,81.41,65.21,5.08,80.55,7.73,High
Venezuela,2020-08-02,83.04,5.44,39.56,46.98,2.7,40.05,1.76,Moderate
Australia,2020-08-06,83.69,-0.84,13.31,33.62,4.17,45.28,2.84,Low
Yemen,2020-08-08,82.78,12.22,85.41,74.7,0.53,85.86,10.34,High
Russia,2020-08-13,83.99,10.06,50.0,45.01,1.44,63.56,4.39,Moderate
Qatar,2020-08-15,83.48,7.47,83.58,71.4,11.31,83.12,5.86,Critical
USA,2020-08-18,83.35,-1.71,16.27,18.82,6.67,43.03,4.77,Moderate
Indonesia,2020-08-19,83.32,3.92,9.99,11.71,3.04,54.73,-0.22,Low
UAE,2020-09-06,82.94,7.32,40.77,54.94,8.51,86.76,4.58,High
Libya,2020-09-10,83.87,3.8,20.0,32.34,0.97,49.27,-0.15,Moderate
Russia,2020-09-14,82.82,-6.04,21.58,31.85,2.36,63.84,-2.77,Low
Russia,2020-09-26,84.44,-10.83,21.59,20.71,3.21,61.51,-0.41,Low
Saudi Arabia,2020-09-30,83.3,3.49,40.58,54.12,14.68,82.47,1.21,High
Egypt,2020-10-05,83.06,2.95,22.46,10.42,1.1,72.41,1.98,Moderate
Malaysia,2020-10-07,83.03,5.85,31.89,47.72,2.11,63.11,1.12,Moderate
Egypt,2020-10-16,84.42,11.63,59.42,78.26,1.27,69.73,6.15,High
Nigeria,2020-10-22,84.15,8.23,40.55,31.63,3.96,59.43,3.93,Moderate
South Africa,2020-10-30,83.31,20.23,55.2,81.62,2.37,43.14,10.9,High
Egypt,2020-10-31,84.1,5.72,9.32,28.44,1.25,73.44,4.69,Moderate
Saudi Arabia,2020-11-02,84.03,17.21,74.82,73.0,18.08,91.67,12.2,Critical
Egypt,2020-11-11,83.86,8.98,67.67,84.64,1.06,74.35,3.96,High
Kuwait,2020-11-16,84.15,5.74,50.3,49.87,5.36,79.23,3.54,High
Malaysia,2020-11-24,84.06,3.0,53.94,47.48,1.81,60.8,1.87,Moderate
Mexico,2020-11-26,83.53,1.19,26.84,28.24,1.72,35.11,-4.7,Low
Turkey,2020-11-26,84.03,3.42,10.56,29.99,0.58,57.52,-4.43,Low
UAE,2020-11-27,84.0,19.42,76.73,89.46,9.31,83.48,16.5,Critical
Iraq,2020-11-27,84.13,11.47,52.66,30.25,22.21,83.13,4.16,High
Brazil,2020-11-28,83.12,5.87,17.9,34.52,1.44,38.23,-3.74,Low
Yemen,2020-11-28,83.78,5.08,27.69,36.81,0.5,93.91,1.33,Moderate
Yemen,2020-11-30,83.18,-8.61,13.98,32.34,0.55,94.95,4.43,Moderate
Oman,2020-12-08,84.32,18.72,57.24,84.1,3.36,70.73,10.1,High
USA,2020-12-09,83.31,21.95,74.09,72.53,6.9,43.35,15.92,High
Iraq,2020-12-22,83.94,11.4,37.92,50.94,20.68,82.44,5.49,Critical
Canada,2020-12-23,83.34,3.34,16.47,19.05,1.12,33.62,2.74,Low
Russia,2020-12-24,84.47,11.1,61.19,73.99,2.05,70.53,8.68,High
Iraq,2020-12-24,83.36,11.08,49.14,40.52,22.66,84.79,7.26,Critical
Brazil,2020-12-31,83.27,7.58,41.75,58.43,1.39,36.88,5.34,Moderate
Iran,2021-01-01,84.66,10.09,53.36,54.0,2.02,91.51,5.52,High
Iraq,2021-01-08,84.05,3.83,29.08,26.43,22.71,82.8,4.31,High
Iraq,2021-01-09,83.7,0.18,9.76,30.5,19.88,79.17,0.89,High
Oman,2021-01-16,84.67,3.37,14.87,16.07,4.2,75.87,-5.62,Low
Iran,2021-01-18,83.33,-7.67,20.37,19.59,2.01,90.9,-1.42,Moderate
Iraq,2021-02-01,83.4,-11.44,6.01,33.85,22.72,81.69,-3.28,Moderate
Iran,2021-02-06,83.37,14.77,58.61,68.72,1.93,98.0,6.57,High
Yemen,2021-02-15,84.69,2.96,11.88,27.77,0.46,85.24,4.06,Moderate
Algeria,2021-02-22,85.1,2.84,28.73,34.14,1.14,39.73,-4.99,Moderate
UAE,2021-02-26,83.73,-4.85,16.19,33.96,9.79,87.11,1.99,Moderate
Iraq,2021-03-07,85.11,0.25,16.05,31.07,19.03,85.44,1.89,High
Brazil,2021-03-07,84.78,2.24,20.75,25.32,1.48,29.33,-4.5,Low
Canada,2021-03-09,84.1,15.39,59.05,58.91,1.08,30.02,9.74,Moderate
Canada,2021-03-15,84.32,9.57,41.26,59.73,1.22,27.21,5.6,Moderate
Yemen,2021-03-17,83.8,5.69,25.76,8.32,0.5,92.65,-4.56,Moderate
Egypt,2021-03-23,84.4,6.94,47.99,88.06,0.79,70.19,3.7,High
Azerbaijan,2021-03-23,83.56,-4.61,16.97,27.36,1.09,44.79,-1.5,Low
Iran,2021-03-24,83.62,-0.47,9.61,18.94,2.03,98.0,-1.25,Moderate
Yemen,2021-03-26,84.12,-9.23,21.19,33.57,0.47,93.1,4.26,Moderate
Angola,2021-04-06,83.5,-1.26,22.14,24.15,2.47,45.7,3.02,Low
Nigeria,2021-04-15,84.4,24.06,85.6,87.85,4.85,58.5,17.82,Critical
Australia,2021-04-30,83.32,15.74,80.04,71.37,4.04,54.6,6.49,High
Russia,2021-05-10,83.32,6.12,29.54,48.84,2.63,64.28,4.59,Moderate
Saudi Arabia,2021-05-18,83.36,-3.77,9.21,22.52,17.53,85.51,2.17,Moderate
USA,2021-05-26,83.36,-9.52,6.92,19.99,6.23,39.4,-1.96,Low
Algeria,2021-05-26,85.0,17.27,71.99,82.92,1.19,50.19,7.53,High
USA,2021-05-28,84.43,17.73,69.69,94.69,6.9,36.26,10.36,High
Mexico,2021-06-03,83.56,-2.15,23.59,29.55,1.74,41.62,0.63,Low
Mexico,2021-06-18,84.08,5.42,28.03,24.26,1.79,43.58,-3.57,Low
Saudi Arabia,2021-06-19,83.55,3.38,30.58,48.63,16.54,86.26,-0.04,High
USA,2021-06-25,83.55,18.89,74.48,64.78,6.15,43.81,11.28,High
Kazakhstan,2021-07-03,84.75,16.27,75.65,70.57,1.68,60.47,10.15,High
Kazakhstan,2021-07-09,84.35,-10.08,15.22,29.72,1.81,53.5,-1.31,Low
South Africa,2021-07-09,85.24,15.87,84.87,69.68,2.39,40.04,10.84,High
Russia,2021-07-17,84.0,4.58,15.3,29.03,1.36,60.64,-4.21,Moderate
Venezuela,2021-07-17,85.3,7.43,41.56,40.35,2.49,37.78,3.05,Moderate
Australia,2021-07-25,84.49,33.75,76.67,79.97,4.78,53.61,29.1,High
UAE,2021-07-25,83.38,6.87,25.47,53.33,8.32,86.17,1.12,High
Iraq,2021-08-03,84.25,-10.77,26.28,21.71,22.56,85.37,-5.25,High
Yemen,2021-08-11,84.65,8.26,67.2,64.14,0.47,89.66,4.75,High
Iraq,2021-08-13,84.62,12.16,56.64,71.78,18.75,81.85,9.94,Critical
Malaysia,2021-08-15,83.53,4.54,25.02,26.19,1.93,64.49,0.49,Moderate
Qatar,2021-08-16,84.75,19.15,82.54,65.24,12.74,84.4,8.31,Critical
Saudi Arabia,2021-08-20,83.56,9.82,40.69,36.84,14.78,85.12,4.23,High
Brazil,2021-08-22,84.84,10.21,50.42,78.77,1.51,37.13,5.41,Moderate
Oman,2021-08-30,84.27,10.63,43.34,53.37,3.86,74.26,7.61,High
Colombia,2021-08-30,84.81,17.65,71.67,67.44,0.63,30.91,11.14,High
Yemen,2021-09-05,85.29,-8.23,28.57,27.63,0.46,92.21,2.77,Moderate
Saudi Arabia,2021-09-05,84.68,8.82,73.01,80.51,17.0,83.22,7.91,Critical
Turkey,2021-09-20,83.33,-6.33,10.37,34.58,0.55,59.68,2.49,Moderate
Iran,2021-09-25,84.36,4.47,25.64,57.79,1.85,94.01,1.79,High
Russia,2021-09-29,84.26,29.77,71.75,89.37,2.0,65.08,21.11,Critical
Venezuela,2021-10-05,84.58,20.5,74.69,58.9,2.62,37.44,14.16,High
UAE,2021-10-11,84.5,5.02,44.75,55.44,9.44,85.35,2.57,High
Qatar,2021-10-12,83.77,-3.26,12.76,29.52,11.25,80.8,4.9,Moderate
Australia,2021-10-15,84.63,8.68,49.53,37.38,4.38,51.98,5.35,Moderate
Qatar,2021-10-18,83.51,33.46,69.76,85.21,13.39,82.41,27.04,Critical
Kuwait,2021-10-28,84.32,-5.05,15.69,27.33,4.91,86.0,-5.87,Moderate
Algeria,2021-11-03,83.47,-2.4,16.85,25.84,1.17,44.25,-4.5,Low
Oman,2021-11-05,84.18,0.21,12.08,19.61,3.59,78.06,-0.65,Moderate
Russia,2021-11-10,83.6,7.97,36.43,51.36,1.32,66.49,3.35,Moderate
Saudi Arabia,2021-11-12,84.66,14.13,56.48,75.72,16.11,86.75,7.1,Critical
Iran,2021-11-23,85.14,-6.15,10.18,11.73,2.18,96.83,1.28,Moderate
Kuwait,2021-11-23,85.18,3.09,26.16,51.12,5.59,84.43,2.63,Moderate
Australia,2021-11-24,85.27,3.04,52.95,46.64,4.83,50.35,1.27,Moderate
Australia,2021-11-27,84.38,-11.01,23.39,31.78,4.82,53.45,4.4,Moderate
Russia,2021-12-01,84.55,22.32,51.47,97.08,3.02,61.65,17.69,High
Iraq,2021-12-04,85.07,0.67,11.96,13.8,20.25,84.15,2.76,Moderate
Yemen,2021-12-05,85.01,6.62,31.02,31.8,0.55,94.22,3.36,Moderate
Qatar,2021-12-06,83.74,9.02,36.21,59.67,13.32,84.74,6.77,High
Venezuela,2021-12-10,84.12,3.4,28.76,19.97,2.77,36.39,-4.91,Low
Saudi Arabia,2021-12-12,85.29,-1.63,22.12,19.61,16.6,84.91,-4.76,Moderate
Nigeria,2021-12-17,84.8,9.95,36.52,30.32,4.21,56.19,6.85,Moderate
Mexico,2021-12-21,84.36,21.14,76.76,70.25,1.79,41.88,18.33,High
Indonesia,2021-12-25,83.97,2.24,30.97,36.74,3.23,63.01,0.82,Moderate
Libya,2021-12-31,84.8,-4.58,9.43,29.6,0.99,44.84,-4.03,Low
Nigeria,2022-01-01,84.59,-4.24,22.35,13.62,4.13,54.79,4.78,Low
Norway,2022-01-02,84.4,9.67,45.98,36.54,0.73,37.03,3.87,Moderate
Oman,2022-01-04,84.64,-3.78,15.01,11.07,4.01,73.47,3.19,Moderate
Kuwait,2022-01-08,84.59,23.66,79.3,91.72,5.33,89.66,17.18,Critical
Yemen,2022-01-08,85.31,-9.95,7.94,27.41,0.46,92.97,-4.83,Moderate
Egypt,2022-01-10,84.81,3.8,39.78,48.96,1.09,72.75,2.69,Moderate
Qatar,2022-01-10,85.46,4.9,13.48,29.46,10.9,90.7,2.3,Moderate
Yemen,2022-01-25,84.23,15.07,58.12,67.73,0.52,92.28,11.66,High
UAE,2022-01-27,84.15,28.44,66.81,83.27,9.02,84.19,13.38,Critical
Libya,2022-01-27,84.73,5.52,42.74,53.89,0.89,47.63,1.7,Moderate
Mexico,2022-01-30,85.09,-0.56,19.11,32.95,1.7,41.12,0.87,Low
Iran,2022-01-31,86.01,18.12,88.04,88.37,2.05,88.07,15.37,Critical
Nigeria,2022-01-31,84.71,-0.31,24.19,27.27,4.58,50.33,-4.57,Moderate
Egypt,2022-02-03,85.16,6.27,46.2,53.65,1.08,74.69,3.29,Moderate
Malaysia,2022-02-16,84.86,4.21,40.07,34.49,1.91,59.49,2.04,Moderate
Russia,2022-02-24,85.72,27.52,89.32,83.09,34.2,64.07,18.95,Critical
Saudi Arabia,2022-03-03,84.11,15.54,52.56,82.19,14.22,83.74,6.4,Critical
USA,2022-03-08,84.86,13.87,34.72,27.72,7.18,39.05,9.1,Moderate
Oman,2022-03-10,84.43,-11.05,25.49,15.14,3.87,79.1,-0.9,Low
Yemen,2022-03-12,85.93,7.63,43.38,34.99,0.45,85.98,4.7,Moderate
UAE,2022-03-13,84.68,-0.1,17.23,18.73,8.28,86.13,-5.0,Moderate
Malaysia,2022-03-15,85.89,-9.47,9.62,26.07,2.16,65.18,-2.44,Low
UAE,2022-03-18,85.29,-10.77,19.11,11.4,8.14,85.44,2.42,Moderate
Yemen,2022-03-26,85.54,-2.95,13.94,30.9,0.45,91.95,-2.81,Moderate
Malaysia,2022-03-31,85.21,9.62,33.2,30.87,2.05,66.89,5.99,Moderate
Azerbaijan,2022-04-03,84.72,-10.99,5.93,34.89,1.01,54.01,2.67,Low
Kuwait,2022-04-07,85.52,4.43,20.42,31.25,5.45,80.78,-1.69,Moderate
Kuwait,2022-04-09,85.42,7.0,74.08,82.1,4.96,87.8,2.61,High
Canada,2022-04-10,85.6,-3.3,18.14,27.24,1.16,30.23,4.51,Low
Russia,2022-04-12,85.31,3.95,11.58,22.54,35.47,69.3,-5.16,High
Kazakhstan,2022-04-16,85.73,-10.68,5.95,27.36,1.62,57.23,-4.04,Low
Iraq,2022-04-17,84.48,12.52,58.73,64.96,18.38,88.37,10.14,Critical
Russia,2022-05-07,85.29,9.15,58.81,69.28,26.54,67.32,4.88,Critical
Malaysia,2022-05-08,85.82,1.92,14.78,25.67,1.92,62.21,2.24,Moderate
Malaysia,2022-05-12,86.04,5.8,50.18,47.94,1.76,70.2,2.95,Moderate
Yemen,2022-05-16,85.65,13.97,63.73,77.0,0.48,85.68,8.27,High
Canada,2022-05-17,84.41,8.04,52.11,57.65,1.14,33.61,2.35,Moderate
Egypt,2022-05-19,84.74,9.36,53.79,53.81,1.18,74.11,4.63,Moderate
Yemen,2022-06-06,85.59,4.87,31.02,36.3,0.44,92.1,3.31,Moderate
Kuwait,2022-06-07,84.71,-11.91,15.71,16.54,5.61,84.79,-3.29,Moderate
Yemen,2022-06-08,85.83,9.3,34.24,31.54,0.46,84.74,5.73,Moderate
Iraq,2022-06-09,85.13,1.58,21.69,9.79,17.58,80.43,2.61,Moderate
Norway,2022-06-10,84.82,14.63,84.39,66.6,0.72,32.51,11.2,High
Saudi Arabia,2022-06-11,85.14,3.75,47.06,47.75,14.91,85.3,2.31,High
Qatar,2022-06-15,84.93,13.33,62.22,53.79,12.14,85.44,7.08,High
Iran,2022-06-21,84.58,3.59,29.21,52.72,2.22,98.0,2.09,High
Algeria,2022-06-24,85.09,17.89,64.85,93.74,0.97,49.29,16.97,High
Iran,2022-06-25,85.45,8.43,26.64,59.63,1.94,98.0,4.11,High
Colombia,2022-06-29,84.88,1.88,22.69,8.1,0.64,29.96,-0.74,Low
Australia,2022-07-01,84.76,6.79,28.39,31.96,4.89,47.9,3.68,Moderate
Iraq,2022-07-07,84.54,-9.85,11.9,12.52,17.73,86.59,2.68,Moderate
Turkey,2022-07-08,84.39,4.2,23.29,26.61,0.61,59.88,-4.47,Moderate
Azerbaijan,2022-07-11,85.16,10.92,49.45,43.28,1.01,47.81,6.36,Moderate
UAE,2022-07-12,84.34,5.11,46.11,56.85,8.77,80.86,3.02,High
Iraq,2022-07-17,84.71,9.72,38.65,30.73,19.3,89.3,6.03,High
Turkey,2022-07-21,84.35,5.55,21.45,31.89,0.53,56.78,-4.51,Moderate
Australia,2022-07-24,85.72,10.02,27.79,47.03,4.04,55.07,4.6,Moderate
Russia,2022-08-07,85.77,11.01,60.78,88.82,31.2,70.41,8.77,Critical
Saudi Arabia,2022-08-07,85.08,6.01,29.3,32.55,14.25,87.26,2.03,High
Egypt,2022-08-08,85.02,-5.92,15.04,12.87,1.25,76.59,-4.26,Low
USA,2022-08-13,85.67,-10.78,19.88,10.77,6.73,37.94,2.68,Low
USA,2022-08-18,84.73,8.63,50.56,31.38,7.19,35.14,2.75,Moderate
Nigeria,2022-08-23,85.32,4.38,29.26,12.12,4.64,51.73,-2.38,Low
Malaysia,2022-08-25,85.91,-2.04,19.41,8.51,2.18,61.78,-3.05,Moderate
Iraq,2022-08-29,85.51,6.88,66.67,58.18,20.0,84.3,2.98,High
Iraq,2022-09-05,86.06,10.72,62.94,72.97,17.75,83.48,8.63,Critical
Colombia,2022-09-05,84.16,-5.7,19.67,31.5,0.68,33.13,-4.2,Low
Yemen,2022-09-22,84.99,4.89,7.3,8.64,0.47,86.4,1.22,Moderate
USA,2022-10-03,85.66,5.87,30.52,49.49,6.2,44.15,1.87,Moderate
Australia,2022-10-23,85.43,23.8,62.51,97.32,4.96,48.65,11.27,High
Libya,2022-10-23,84.9,-1.97,6.83,24.12,0.84,46.6,-5.43,Low
Turkey,2022-10-23,85.46,17.1,67.81,55.06,0.62,57.17,12.29,High
UAE,2022-10-25,85.85,2.46,26.96,39.18,8.79,77.23,1.54,High
Malaysia,2022-10-25,85.94,3.16,9.68,15.8,2.21,61.08,0.81,Moderate
Singapore,2022-11-03,84.47,1.85,29.88,20.24,1.43,63.93,1.61,Low
Saudi Arabia,2022-11-06,85.43,7.54,42.69,59.12,14.21,86.13,5.75,Critical
Saudi Arabia,2022-11-10,84.58,4.44,16.82,16.59,14.85,92.27,-1.81,Moderate
Malaysia,2022-12-02,84.44,8.43,80.74,71.98,2.0,64.21,4.06,High
Singapore,2022-12-02,85.25,-10.59,19.41,27.73,1.65,63.14,-5.38,Low
Iraq,2022-12-04,85.22,-1.38,15.79,8.84,20.03,80.32,0.88,High
Qatar,2022-12-13,84.65,4.59,14.59,22.88,12.96,90.76,-0.41,High
Russia,2023-01-02,86.2,5.52,28.46,39.67,37.33,65.05,2.93,Critical
UAE,2023-01-06,85.54,-0.7,20.81,11.84,8.64,86.12,-1.87,Moderate
Iraq,2023-01-18,85.06,4.71,49.84,36.42,19.89,86.87,1.79,High
USA,2023-01-24,85.64,18.98,77.18,56.04,6.49,41.74,9.71,High
UAE,2023-01-26,85.53,11.36,52.87,43.72,8.68,77.57,3.81,High
Mexico,2023-02-01,86.59,-8.22,16.88,29.63,1.44,36.04,2.75,Low
Oman,2023-02-12,85.54,-7.98,6.32,26.18,4.1,75.86,-0.33,Low
USA,2023-02-17,85.55,7.75,77.63,59.67,7.52,41.15,3.65,High
Iran,2023-02-25,86.18,14.32,76.61,60.08,2.0,90.02,10.95,High
USA,2023-03-01,86.04,-3.38,28.06,30.51,7.55,43.98,-0.78,Moderate
Qatar,2023-03-03,86.26,9.96,52.49,39.95,12.16,79.22,2.2,High
Singapore,2023-03-12,84.96,30.54,79.82,78.49,1.43,67.67,23.77,High
Nigeria,2023-03-14,86.46,-3.32,25.45,33.76,4.81,55.48,0.24,Moderate
Iraq,2023-03-14,85.37,2.96,36.91,36.32,18.1,87.93,1.91,High
Brazil,2023-04-18,86.65,4.45,28.66,33.04,1.41,34.21,3.88,Moderate
Qatar,2023-04-23,86.15,3.33,33.34,55.54,11.39,79.99,2.44,High
UAE,2023-05-03,86.18,6.45,39.4,39.95,8.71,80.31,3.9,High
Russia,2023-05-07,86.07,6.13,26.57,49.14,25.88,67.04,2.4,High
Qatar,2023-05-11,85.43,10.35,44.6,40.96,12.13,81.09,4.88,High
Singapore,2023-05-13,86.01,4.64,44.03,36.11,1.42,63.26,3.51,Moderate
Venezuela,2023-05-14,86.34,-3.77,14.82,33.12,2.26,43.33,2.6,Low
Qatar,2023-05-16,85.96,-3.8,7.76,11.69,11.33,81.26,-1.02,Moderate
Libya,2023-05-21,86.1,27.26,76.95,80.1,0.9,49.42,16.91,High
Yemen,2023-05-27,85.03,8.15,31.65,43.56,0.49,87.34,6.04,Moderate
Iran,2023-05-30,85.21,-5.35,7.76,31.01,2.03,98.0,-2.81,Moderate
Nigeria,2023-06-07,86.39,-4.65,11.86,13.78,4.97,51.62,3.49,Low
Singapore,2023-06-09,86.56,-8.14,24.5,31.05,1.35,56.33,-3.57,Moderate
Mozambique,2023-06-11,86.06,-10.78,14.47,17.95,1.66,35.12,-1.3,Low
Indonesia,2023-06-15,85.75,-2.87,7.59,16.44,3.3,54.62,-4.3,Low
Venezuela,2023-07-20,86.31,-2.12,25.87,14.91,2.47,36.06,2.0,Low
USA,2023-07-23,86.15,4.33,28.77,53.74,6.08,41.73,3.86,Moderate
Egypt,2023-07-25,85.95,-11.75,9.49,14.14,1.14,67.21,-0.12,Low
Azerbaijan,2023-08-11,84.99,-5.34,9.2,28.45,0.92,44.76,-4.18,Low
Malaysia,2023-08-13,85.09,11.52,75.55,79.8,2.12,65.52,8.43,High
Kazakhstan,2023-08-23,85.46,-2.79,7.18,26.13,1.59,55.46,-3.86,Low
Iran,2023-08-28,86.81,-5.47,29.75,12.97,1.92,96.88,-5.19,Moderate
Egypt,2023-08-29,85.91,-10.5,14.82,12.92,1.09,73.94,3.64,Low
Indonesia,2023-09-04,85.55,7.9,64.98,66.48,2.76,54.89,5.6,High
Iraq,2023-09-07,85.69,3.94,21.37,12.19,19.46,80.0,-2.6,High
Mexico,2023-09-08,86.05,-0.71,17.45,25.25,1.66,41.2,-2.81,Low
Iraq,2023-09-20,86.59,9.96,50.5,50.92,17.67,90.67,5.98,High
Venezuela,2023-09-24,86.76,-6.07,25.17,11.3,2.35,46.61,0.43,Low
UAE,2023-10-14,86.44,-5.55,8.02,16.48,8.34,77.27,2.47,Moderate
Malaysia,2023-10-18,86.62,7.88,36.03,51.29,1.97,61.71,3.78,Moderate
Colombia,2023-10-24,86.76,8.62,78.62,63.0,0.75,36.37,7.66,Moderate
UAE,2023-10-27,86.3,0.55,18.76,17.14,8.45,78.57,1.77,Moderate
Brazil,2023-10-28,86.01,-2.24,19.48,34.16,1.58,30.86,2.23,Moderate
Russia,2023-10-30,86.57,-4.3,29.8,20.33,22.26,70.15,4.95,High
Canada,2023-10-30,85.8,12.52,80.05,69.07,1.21,27.71,11.11,High
Qatar,2023-11-03,86.53,-2.7,7.63,27.91,12.21,80.68,-3.88,Moderate
Malaysia,2023-11-13,85.05,2.48,19.34,16.03,2.17,61.57,0.87,Moderate
USA,2023-11-14,86.67,3.71,36.17,41.09,6.54,36.52,2.79,Moderate
Qatar,2023-11-17,85.1,18.49,65.1,56.13,12.78,89.02,8.38,Critical
Yemen,2023-11-19,86.43,9.66,71.99,92.85,0.06,90.51,7.13,Critical
Turkey,2023-12-04,86.54,3.65,19.75,21.56,0.67,54.94,3.62,Low
Oman,2023-12-07,86.3,6.52,31.45,51.63,4.12,76.81,2.07,Moderate
USA,2023-12-09,85.51,3.34,51.07,32.95,6.44,39.9,2.14,Moderate
Kuwait,2023-12-09,85.09,-1.29,7.85,30.07,5.65,88.02,0.77,Moderate
Russia,2023-12-13,86.66,5.1,14.23,33.28,23.49,65.19,-2.4,High
Yemen,2023-12-16,86.34,5.45,36.84,56.87,0.47,89.88,2.26,High
Iran,2023-12-23,85.59,7.37,61.42,86.56,2.27,92.51,4.74,High
Nigeria,2023-12-25,86.6,3.61,29.13,31.95,4.28,56.61,1.13,Moderate
Qatar,2023-12-31,85.36,1.81,23.89,14.77,12.87,81.63,1.49,Moderate
Egypt,2024-01-02,87.44,7.28,50.88,37.87,1.11,69.91,4.33,Moderate
Kuwait,2024-01-04,86.95,17.06,56.37,65.17,5.66,82.65,9.3,High
USA,2024-01-09,87.2,8.89,68.15,75.34,6.25,34.37,5.23,High
Iraq,2024-01-12,86.16,-6.13,21.15,17.26,19.95,86.74,0.53,High
Malaysia,2024-01-13,86.79,5.44,48.44,44.39,1.77,63.59,2.33,Moderate
USA,2024-01-16,86.72,2.96,27.47,39.61,6.78,37.56,2.86,Moderate
Indonesia,2024-01-20,86.74,8.74,43.46,50.95,2.78,63.41,4.34,Moderate
Canada,2024-01-27,87.48,-11.29,11.27,27.56,1.27,24.26,1.77,Low
Saudi Arabia,2024-01-29,86.53,7.09,30.39,42.77,15.0,91.47,3.54,High
Mexico,2024-01-31,86.29,4.26,47.62,32.26,1.74,41.65,2.95,Moderate
Brazil,2024-02-03,85.83,3.72,16.45,15.46,1.46,33.77,2.65,Low
Qatar,2024-02-07,86.82,10.35,61.67,74.63,13.19,90.36,7.56,Critical
UAE,2024-02-11,86.65,-0.67,15.38,27.31,8.73,78.06,-3.3,Moderate
USA,2024-02-12,87.18,-5.57,13.63,10.63,6.03,44.7,-2.14,Low
Libya,2024-02-27,87.29,-5.89,11.08,21.06,0.85,47.31,2.53,Low
Algeria,2024-03-02,85.9,5.26,8.65,18.28,1.04,41.83,-4.35,Low
Iraq,2024-03-02,86.61,5.89,44.41,36.73,19.07,87.11,3.86,High
Qatar,2024-03-09,85.73,3.7,27.47,16.31,11.51,80.32,0.92,Moderate
UAE,2024-03-12,87.54,12.98,74.8,61.69,8.87,85.85,5.66,High
Nigeria,2024-03-12,85.71,-10.92,18.53,26.91,4.2,49.88,3.84,Low
Mozambique,2024-03-19,85.94,11.8,56.76,59.89,1.5,40.9,7.75,Moderate
USA,2024-03-22,86.99,1.66,8.82,12.68,6.23,35.23,-5.17,Low
Malaysia,2024-03-27,87.35,8.67,50.61,31.1,1.78,60.78,4.9,Moderate
Iraq,2024-03-31,86.98,9.39,30.81,35.11,17.72,82.33,5.65,High
Egypt,2024-04-05,86.98,5.28,53.3,48.59,1.16,74.1,3.32,Moderate
Oman,2024-04-05,86.06,0.92,16.15,15.98,3.61,70.23,-4.17,Moderate
Mexico,2024-04-05,86.25,18.89,51.51,74.33,1.62,38.68,10.2,Moderate
Iran,2024-04-13,86.8,12.33,84.23,89.54,1.71,94.16,9.01,Critical
USA,2024-04-17,85.81,8.57,39.19,48.59,6.35,39.45,3.87,Moderate
Azerbaijan,2024-04-18,86.14,17.56,68.4,57.46,0.94,53.06,8.2,High
Kuwait,2024-04-26,86.27,13.95,82.11,75.7,5.06,81.53,8.01,High
Indonesia,2024-04-30,86.46,2.54,27.75,28.64,2.83,59.07,1.53,Moderate
UAE,2024-05-05,87.11,7.67,67.05,73.21,10.06,81.33,4.46,Critical
Iraq,2024-05-06,87.02,8.06,26.47,52.34,18.16,85.79,5.23,High
Saudi Arabia,2024-05-12,87.09,9.2,35.93,31.31,15.37,92.83,6.66,High
Russia,2024-05-12,87.58,6.76,39.49,36.21,24.27,62.74,3.8,High
Iraq,2024-05-15,87.33,19.67,74.05,80.54,18.61,80.48,17.67,Critical
Venezuela,2024-06-04,85.82,-3.64,14.21,13.38,2.22,36.61,-1.63,Low
Nigeria,2024-06-13,87.68,-1.35,13.97,27.93,4.15,51.84,1.74,Moderate
Egypt,2024-06-16,86.68,-3.35,20.63,30.25,1.07,66.05,-4.93,Moderate
Russia,2024-06-20,86.45,5.49,58.9,59.63,30.89,63.48,2.1,Moderate
Algeria,2024-06-21,86.59,19.62,57.09,60.66,1.11,42.49,12.15,High
Australia,2024-06-24,86.8,10.4,78.68,64.19,4.45,50.81,5.38,High
Malaysia,2024-06-29,87.02,-8.04,12.95,29.17,2.0,65.87,-3.98,Low
Canada,2024-07-03,86.57,2.83,15.31,13.5,1.15,33.96,1.11,Low
Kuwait,2024-07-04,87.69,10.84,47.77,40.84,5.2,86.16,3.56,High
Azerbaijan,2024-07-09,87.67,3.58,34.0,38.71,1.04,52.51,2.69,Moderate
Nigeria,2024-07-10,87.31,0.11,16.37,22.49,4.36,58.49,1.4,Moderate
Iran,2024-07-16,85.92,10.45,49.22,47.22,2.17,92.41,8.16,High
Yemen,2024-07-20,86.59,9.38,73.38,90.32,0.07,89.52,5.17,Critical
Iran,2024-07-24,86.15,6.17,37.38,31.73,2.17,89.73,2.82,Moderate
Saudi Arabia,2024-08-03,86.63,2.3,8.92,15.97,14.92,91.12,4.48,Moderate
USA,2024-08-17,86.7,2.14,42.34,32.97,7.17,36.9,-0.1,Moderate
Azerbaijan,2024-08-21,86.8,19.73,82.79,84.07,0.89,55.99,9.5,High
Norway,2024-08-30,87.28,3.66,25.65,44.22,0.74,32.61,1.93,Moderate
Qatar,2024-09-04,86.61,21.01,74.84,73.75,12.54,90.09,12.16,Critical
Australia,2024-09-09,86.33,0.36,22.86,13.66,4.76,50.64,4.13,Low
Saudi Arabia,2024-09-12,87.14,24.04,64.82,73.66,15.6,92.33,15.04,Critical
Singapore,2024-09-23,85.84,-11.95,11.68,29.27,1.6,66.25,1.99,Low
Iran,2024-10-01,87.16,17.12,82.43,93.43,2.17,92.86,9.56,Critical
Norway,2024-10-04,86.0,2.81,23.75,30.54,0.77,31.44,0.2,Low
Kazakhstan,2024-10-07,86.77,-11.33,20.22,21.11,1.73,53.93,-2.97,Low
Iran,2024-10-07,87.06,12.14,84.77,59.52,2.01,92.96,10.73,High
UAE,2024-10-09,87.08,23.58,61.21,89.16,9.35,79.25,16.12,Critical
Norway,2024-10-15,86.03,-2.09,17.67,15.51,0.85,32.85,-1.83,Low
Iran,2024-10-19,85.9,-4.52,15.98,30.91,2.07,92.02,2.46,Moderate
Angola,2024-10-21,86.78,24.94,57.08,89.53,2.36,47.34,19.16,High
Egypt,2024-11-01,85.85,11.07,31.27,36.51,1.29,73.05,5.89,Moderate
Turkey,2024-11-20,86.56,-7.3,13.57,26.42,0.62,60.49,2.28,Low
Yemen,2024-12-01,85.74,9.42,53.86,36.39,0.52,93.35,5.9,High
South Africa,2024-12-06,87.0,-5.31,11.26,25.67,2.02,50.19,3.94,Low
Libya,2024-12-19,85.91,16.23,52.01,84.5,0.88,44.11,13.22,High
Algeria,2024-12-20,85.88,4.79,23.36,11.02,1.22,47.69,-0.26,Low
Algeria,2024-12-30,85.8,0.69,21.2,17.89,1.07,44.58,0.17,Low
Indonesia,2025-01-03,87.45,-6.82,5.52,26.83,3.0,65.27,-3.89,Moderate
Yemen,2025-01-05,88.36,8.88,34.2,35.26,0.53,85.68,3.8,Moderate
Oman,2025-01-18,87.94,6.34,51.84,71.71,4.11,73.76,2.82,High
Nigeria,2025-01-30,87.24,-10.65,25.5,11.6,5.01,50.02,0.25,Low
Algeria,2025-02-03,87.67,0.18,29.85,25.11,0.98,40.4,-3.47,Low
Nigeria,2025-02-03,87.58,18.18,57.35,75.68,4.37,57.88,8.77,High
Azerbaijan,2025-02-08,86.94,-4.72,21.98,17.08,0.93,49.23,-4.18,Low
Russia,2025-02-09,88.46,16.8,67.94,76.14,27.41,70.82,10.6,Critical
Saudi Arabia,2025-02-11,86.76,-2.22,26.39,20.38,14.46,89.47,-5.94,Moderate
Iran,2025-02-12,87.52,6.62,26.73,43.7,2.15,93.44,4.79,Moderate
Indonesia,2025-02-12,88.11,-1.42,13.64,19.93,3.29,62.13,1.03,Moderate
Kuwait,2025-02-13,88.37,-5.63,21.67,26.42,6.12,78.48,0.16,Moderate
Iran,2025-02-18,87.86,20.01,84.77,82.56,1.81,98.0,10.49,Critical
Qatar,2025-02-24,88.01,21.87,84.05,95.77,10.57,87.7,15.2,Critical
Canada,2025-03-03,87.95,16.25,60.52,59.27,1.12,34.87,7.28,Moderate
Malaysia,2025-03-04,87.19,6.21,47.01,44.08,2.13,64.63,5.14,Moderate
Oman,2025-03-12,86.57,-8.83,21.47,29.7,3.49,70.64,3.38,Moderate
Norway,2025-03-15,87.71,8.56,34.31,57.5,0.73,29.98,3.72,Moderate
Libya,2025-03-17,87.25,8.78,80.81,58.99,0.81,53.57,6.74,High
UAE,2025-03-21,88.08,8.55,74.46,56.2,8.95,87.01,7.22,High
Indonesia,2025-03-23,87.03,20.82,79.73,72.85,2.74,54.72,11.93,High
Oman,2025-03-26,88.45,21.23,71.72,64.52,3.48,80.2,9.32,High
Nigeria,2025-03-29,88.42,-6.65,23.92,33.28,4.96,60.02,3.45,Moderate
Oman,2025-04-01,86.94,-7.76,17.55,9.44,3.76,73.2,4.94,Low
Iraq,2025-04-05,87.43,10.25,67.8,77.37,20.67,86.94,5.56,High
Australia,2025-04-20,87.19,17.35,55.1,81.32,4.06,44.1,11.66,High
Indonesia,2025-04-24,87.06,13.13,69.1,84.07,3.36,59.23,6.04,High
Russia,2025-05-06,88.1,-11.06,6.39,10.75,22.88,66.33,3.35,Moderate
Saudi Arabia,2025-05-08,86.57,-6.79,26.81,28.22,15.82,91.46,-5.59,High
Canada,2025-06-04,87.36,13.54,70.51,82.8,1.32,27.16,7.41,High
Iraq,2025-06-08,88.09,7.31,27.92,58.68,18.44,82.79,4.26,High
